brand,area,street,district,lat,lon
,Ασώματος,,"Ζακάκι, Ύψωνας",34.65373,32.97396
Esso,Ζακάκι,,Κάτω Πολεμίδια,34.65740,33.00031
Petrolina,Ζακάκι,Fragklinou Rousvelt,Κάτω Πολεμίδια,34.65845,33.00293
EKO,Τσιφλικούδια,,Λεμεσός,34.66452,33.01542
EKO,Επισκοπή,,,34.66539,32.90463
Shell,Ομόνοια,Fragklinou Rousvelt,"Τσιφλικούδια, Λεμεσός",34.66654,33.02382
Petrolina,Ομόνοια,,"Τσιφλικούδια, Λεμεσός",34.66740,33.02625
Esso,Επισκοπή,,,34.66750,32.90953
StarOil,Ομόνοια,,"Τσιφλικούδια, Λεμεσός",34.66916,33.02386
EKO,Αρναουτογειτονιά,,"Τζαμί Τζεντίτ, Λεμεσός",34.66999,33.03086
Petrolina,Κολόσσι,,Ύψωνας,34.67170,32.93742
Shell,Ομόνοια,Leoforos Omonoias,"Τσιφλικούδια, Κάτω Πολεμίδια",34.67176,33.01147
Esso,Τζαμί Τζεντίτ,Tzelal Bagiar,Λεμεσός,34.67201,33.03728
Petrolina,'Αγιος Ιωάννης,,"Τσιφλικούδια, Λεμεσός",34.67356,33.02212
EKO,Απόστολος Ανδρέας,,"Τσιφλικούδια, Λεμεσός",34.67386,33.01590
Esso,'Αγιος Ιωάννης,,"Τζαμί Τζεντίτ, Λεμεσός",34.67404,33.02317
EKO,Αρχάγγελος Μιχαήλ,,"Ζακάκι, Κάτω Πολεμίδια",34.67414,32.98842
Esso,Απόστολος Ανδρέας,,"Τσιφλικούδια, Κάτω Πολεμίδια",34.67445,33.01392
Petrolina,Απόστολος Ανδρέας,,"Τσιφλικούδια, Κάτω Πολεμίδια",34.67481,33.01235
Petrolina,Απόστολος Ανδρέας,Λεωφόρος Αρχιεπισκόπου Μακαρίου Γ’,"Καθολική, Λεμεσός",34.67518,33.02040
Petrolina,Πισσούρι,,,34.67523,32.69740
Petrolina,Αρχάγγελος Μιχαήλ,,"Ζακάκι, Κάτω Πολεμίδια",34.67609,32.98887
Agip,Καθολική,,Λεμεσός,34.68136,33.03869
Shell,Αγία Τριάδα,,"Νεάπολη, Λεμεσός",34.68160,33.05464
Shell,Ύψωνας,,Ζακάκι,34.68181,32.97199
Shell,Αγία Ζώνη,Thessalonikis,"Καθολική, Λεμεσός",34.68186,33.04201
Esso,Πισσούρι,,,34.68195,32.70223
EKO,Απόστολος Ανδρέας,,Ύψωνας,34.68236,32.95242
Esso,Αγία Ζώνη,Αγίας Ζώνης,"Καθολική, Λεμεσός",34.68297,33.04422
EKO,Αγία Τριάδα,Gladstonos,"Νεάπολη, Λεμεσός",34.68415,33.05103
Petrolina,Λεμεσός,Nikou kai Despoinas Pattichi,Καθολική,34.68472,33.02702
EKO,Μακάριος Γ΄,,"Καθολική, Κάτω Πολεμίδια",34.68498,33.01387
EKO,Άγιος Γεώργιος,Nikou kai Despoinas Pattichi,"Καθολική, Λεμεσός",34.68586,33.02411
AGD,Λεμεσός,Λεωφόρος Αρχιεπισκόπου Μακαρίου Γ’,Καθολική,34.68672,33.03879
EKO,Μακάριος Γ΄,Methanon,"Καθολική, Κάτω Πολεμίδια",34.68676,33.01566
EKO,Αγία Ζώνη,Λεωφόρος Αρχιεπισκόπου Μακαρίου Γ’,"Καθολική, Λεμεσός",34.68697,33.04016
EKO,Άγιος Νεκτάριος,Λεωφόρος Αρχιεπισκόπου Μακαρίου Γ’,"Χαλκούτσα, Λεμεσός",34.68744,33.04600
Shell,Άγιος Γεώργιος Φραγκούδη,,"Νεάπολη, Μέσα Γειτονιά",34.68971,33.07151
Petrolina,Άγιος Γεώργιος Φραγκούδη,,"Νεάπολη, Γερμασόγεια",34.69024,33.07317
Petrolina,Κάψαλος,,Λεμεσός,34.69204,33.03499
Agip,Αποστόλων Πέτρου και Παύλου,Leoforos Spyrou Kyprianou,"Κάψαλος, Λεμεσός",34.69299,33.02576
Petrolina,Κοντοβάθκια,,"Χαλκούτσα, Μέσα Γειτονιά",34.69515,33.04487
Esso,Άγιος Γεώργιος Φραγκούδη,Kolonakiou,"Άγιος Στυλιανός, Άγιος Αθανάσιος",34.69676,33.06908
EKO,Κάψαλος,,Μέσα Γειτονιά,34.69761,33.03252
Shell,Κάψαλος,Leoforos Spyrou Kyprianou,Μέσα Γειτονιά,34.69763,33.03467
Esso,Κοντοβάθκια,Leoforos Spyrou Kyprianou,"Χαλκούτσα, Μέσα Γειτονιά",34.69792,33.04358
EKO,Παναγία Ευαγγελίστρια,Axiou,"Αγία Φύλαξις, Κάτω Πολεμίδια",34.69810,33.00933
Petrolina,Άγιος Γεώργιος Φραγκούδη,,"Άγιος Στυλιανός, Γερμασόγεια",34.69845,33.07233
Shell,Κάψαλος,,Μέσα Γειτονιά,34.69988,33.03050
EKO,Άγιος Στυλιανός,,Άγιος Αθανάσιος,34.70083,33.05984
Esso,Αγία Φύλαξις,,Μέσα Γειτονιά,34.70229,33.02799
Esso,Πάνω Πολεμίδια,,"Αγία Φύλαξις, Κάτω Πολεμίδια",34.70433,33.00335
EKO,Χαλομάντρες,Spyrou Kyprianou,"Άγιος Στυλιανός, Γερμασόγεια",34.70476,33.08292
Agip,Μουτταγιάκα,Leoforos Amathountos,"Άγιος Στυλιανός, Γερμασόγεια",34.70617,33.11612
Petrolina,Αγία Φύλαξις,,Μέσα Γειτονιά,34.70658,33.02519
Esso,Μουτταγιάκα,Onisilou,Γερμασόγεια,34.70862,33.12384
EKO,Πάνθεα,,Μέσα Γειτονιά,34.70870,33.03842
Esso,Απόστολος Λουκάς,,"Άγιος Στυλιανός, Άγιος Αθανάσιος",34.70931,33.06065
EKO,Αχέλεια,,Γεροσκήπου,34.71052,32.49036
Esso,Άγιος Τύχωνας,Grigori Afxentiou,Γερμασόγεια,34.71810,33.16357
EKO,Μανδριά,,Γεροσκήπου,34.72075,32.53524
Petrolina,Μονή,,Γερμασόγεια,34.72133,33.19967
Esso,Μονή,,Γερμασόγεια,34.72630,33.20539
Esso,Νικόκλεια,Asprokremmou,Γεροσκήπου,34.72682,32.56912
EKO,Πεντάκωμο,,Γερμασόγεια,34.73235,33.23284
Shell,Αχέλεια,,Γεροσκήπου,34.73460,32.49686
EKO,Ζύγι,,Πάνω Λεύκαρα,34.74240,33.32649
EKO,Παλώδεια,,"Αγία Φύλαξις, Κάτω Πολεμίδια",34.74567,32.99905
Esso,Παρεκκλησιά,,Γερμασόγεια,34.74876,33.16088
Petrolina,Μαρί,,Πάνω Λεύκαρα,34.75452,33.31723
Esso,Παραμύθα,,Κάτω Πολεμίδια,34.75665,32.99096
Petrolina,Γεροσκήπου,Λεωφόρος Αρχιεπισκόπου Μακαρίου Γ',Κάτω Πάφος,34.75799,32.45901
Petrolina,Γεροσκήπου,,Κάτω Πάφος,34.75825,32.43387
EKO,Κάτω Πάφος,Λεωφόρος Σπύρου Κυπριανού,Πάφος,34.76054,32.42185
Petrolina,Κυβίδες,,Επισκοπή,34.76093,32.84477
EKO,Γεροσκήπου,Λεωφόρος Αρχιεπισκόπου Μακαρίου Γ',Κάτω Πάφος,34.76156,32.45133
Agip,Γεροσκήπου,,Μούταλλος,34.76309,32.44960
EKO,Πάφος,Apostolou Pavlou,Μούταλλος,34.77259,32.41818
Agip,Κονιά,,"Πετρίδια, Γεροσκήπου",34.77401,32.45920
Esso,Κονιά,,"Μούταλλος, Πάφος",34.77617,32.44272
Shell,Πάφος,,Μούταλλος,34.77788,32.42409
Esso,Πάφος,Evagora Pallikaridi,Μούταλλος,34.77801,32.42367
Esso,Μούταλλος,,Πάφος,34.77814,32.40691
Petrolina,Πάφος,,Μούταλλος,34.77985,32.42476
EKO,Κονιά,,"Πετρίδια, Πάφος",34.78149,32.44450
Agip,Μούταλλος,,Χλώρακας,34.78387,32.40610
EKO,Πετρίδια,,Χλώρακας,34.79065,32.42214
Petrolina,Χοιροκοιτία,,Πάνω Λεύκαρα,34.79553,33.34592
Petrolina,Χοιροκοιτία,,Πάνω Λεύκαρα,34.79780,33.34827
StarOil,Χλώρακας,Chlorakas Avenue,Μούταλλος,34.79799,32.40040
Esso,Αναβαργός,,"Πετρίδια, Έμπα",34.79952,32.44115
Esso,Χλώρακας,Makariou III,Πετρίδια,34.80004,32.41449
Petrolina,Μαζωτός,,Κίτι,34.80070,33.50662
Petrolina,Μαζωτός,,Κίτι,34.80072,33.50662
Petrolina,Χοιροκοιτία,,Πάνω Λεύκαρα,34.80208,33.35107
Agip,Αναβαργός,,"Πετρίδια, Έμπα",34.80500,32.44536
EKO,Έμπα,Leoforos Miltiadi Stylianou,Πετρίδια,34.81163,32.43029
EKO,Σκαρίνου,,Πάνω Λεύκαρα,34.81547,33.36075
Total,Τρεμιθούσα,,"Πετρίδια, Έμπα",34.81938,32.45212
Petrolina,Κοφίνου,,Πάνω Λεύκαρα,34.82921,33.39273
Petrolina,Τριμίκλινη,,,34.84579,32.91218
Petrolina,Κίτι,,,34.84676,33.57305
Esso,Κίτι,,,34.85205,33.57958
EKO,Κίτι,,,34.85273,33.58090
EKO,Αγγλισίδες,,Κίτι,34.85277,33.45527
Petrolina,Πέγεια,Agios Georgios Avenue,,34.86128,32.37221
Shell,Τριμίκλινη,,,34.86151,32.91301
Staroil,Δρομολαξιά,,,34.86163,33.57572
Staroil,Δρομολαξιά,,,34.86165,33.57567
Petrolina,Πάνω Λεύκαρα,,,34.86278,33.30683
EKO,Πέγεια,,,34.86467,32.37936
Shell,Αλεθρικό,,Κίτι,34.86654,33.49759
Petrolina,Μενεού,,"Βλάχος, Δρομολαξιά",34.87302,33.60475
Petrolina,Δρομολαξιά,25is Maritou,Βλάχος,34.87628,33.59544
Esso,Στρουμπί,,Έμπα,34.87668,32.48231
EKO,Πέγεια,,,34.87691,32.35545
Petrolina,Πάνω Πλάτρες,,,34.88430,32.86322
EKO,Πελένδρι,,,34.89106,32.95807
Shell,Σκάλα,Λεωφόρος Αρτέμιδος,Λάρνακα,34.90385,33.63059
EKO,Σκάλα,Artemidos Avenue,Λάρνακα,34.90910,33.62973
Repsol,Άγιος Θεοδώρος,,,34.91030,33.03873
Esso,Άγιος Νικόλαος,Leoforos Faneromenis,Λάρνακα,34.91107,33.61374
EKO,Λάρνακα,,Σκάλα,34.91683,33.62373
Eni,Λάρνακα,,Σκάλα,34.91697,33.62398
Petrolina,Λάρνακα,Griva Digeni Avenue,Άγιος Νικόλαος,34.91727,33.62230
Petrolina,Λάρνακα,Griva Digeni Avenue,Άγιος Νικόλαος,34.91807,33.62125
Petrolina,Χρυσοπολίτισσα,,Λάρνακα,34.91862,33.63864
Esso,Λάρνακα,Griva Digeni Avenue,Άγιος Νικόλαος,34.91878,33.61860
Petrolina,Χρυσοπολίτισσα,Makariou III Avenue,Λάρνακα,34.91965,33.63640
EKO,Χρυσοπολίτισσα,,Λάρνακα,34.92213,33.63627
Petrolina,Χρυσοπολίτισσα,,Λάρνακα,34.92280,33.63352
Shell,Χρυσοπολίτισσα,,Λάρνακα,34.92518,33.63676
Petrolina,Καμάρες,,"Άγιος Νικόλαος, Λάρνακα",34.92535,33.60213
Esso,Σωτήρος,,Λάρνακα,34.92560,33.61585
EKO,Πάνω Αρόδες,,Πέγεια,34.92590,32.41820
Petrolina,Καλό Χωριό Λάρνακας,,"Βλάχος, Αραδίππου",34.92601,33.54107
Fill n Go,Πυργά,,Δάλι,34.92636,33.44040
Petrolina,Καμάρες,,"Βλάχος, Αραδίππου",34.92736,33.58128
EKO,Κόρνος,,Δάλι,34.92746,33.41370
Eko,Καλό Χωριό Λάρνακας,,"Βλάχος, Αραδίππου",34.92768,33.53629
Fill n' Go,Καμάρες,,"Βλάχος, Αραδίππου",34.92786,33.58042
Petrolina,Άγιοι Ανάργυροι ΙΙ,Spyrou Kyprianou Avenue,"Χρυσοπολίτισσα, Λάρνακα",34.93081,33.62817
EKO,Άγιοι Ανάργυροι ΙΙ,,"Σωτήρος, Λάρνακα",34.93119,33.62330
EKO,Αραδίππου,Pavlou Liasidi,Σωτήρος,34.93555,33.59287
EKO,Χρυσοπολίτισσα,,Λάρνακα,34.93706,33.64106
Esso,Άγιοι Ανάργυροι Ι,,"Χρυσοπολίτισσα, Λάρνακα",34.93862,33.64154
EKO,Τσακιλερό,Kyriakou Matsi Avenue,"Σωτήρος, Αραδίππου",34.93911,33.60176
Petrolina,Κάρβουνα,,,34.94003,32.93095
Petrolina,Λιβάδια,,Λάρνακα,34.94159,33.64211
Petrolina,Λιβάδια,,Λάρνακα,34.94931,33.64744
Esso,Λυθροδόντας,,Πάνω Λεύκαρα,34.94936,33.31284
Esso,Μοσφιλωτή,,Δάλι,34.95207,33.41910
Agip,Destalo Villas,,"Λιβάδια, Ορόκλινη",34.95386,33.65170
ΕΛΙΝΟΙΛ,Αντισκάρι,,,34.95844,24.87343
Shell,Λιβάδια,,Αραδίππου,34.95898,33.62920
Petrolina,Πεδουλάς,,,34.97020,32.82594
EKO,Destalo Villas,,"Λιβάδια, Ορόκλινη",34.97150,33.65484
Petrolina,Ξυλοφάγου,Stavrou Andrea,,34.97690,33.84437
Petrolina,Ξυλοφάγου,,,34.97744,33.84763
Shell,Αραδίππου,,,34.97751,33.58058
Eko,Ξυλοφάγου,,,34.97775,33.83898
Petrolina,Κακοπετριά,,Lefke,34.99149,32.90302
Eko,Island Villas,,Αγία Νάπα,34.99197,33.96216
EKO,Πύλα - Pile,,Ορόκλινη,34.99213,33.68284
Shell,Κακοπετριά,,Lefke,34.99230,32.90268
,Άρβη,,,34.99254,25.44104
Petrolina,Αγία Νάπα,,,34.99309,33.99039
Shell,Γουδί,,Πόλις,34.99433,32.44799
Esso,Λύμπια,,Δάλι,34.99818,33.45471
Shell,Αλάμπρα,,Δάλι,35.00035,33.39822
EKO,Βαϊνιά,,Ιεράπετρα,35.00131,25.77983
Eko,Αγία Βαρβάρα,,Δάλι,35.00218,33.38029
Petrolina,Λιοπέτρι,,Ξυλοφάγου,35.00240,33.88037
SILKOIL,Στάβιες,,,35.00663,25.03523
Avin,Ιεράπετρα,,,35.00890,25.73269
Eko,Πέρα Χωριό,,Δάλι,35.00893,33.39369
Silk oil,Ιεράπετρα,,,35.00919,25.72938
SILKOIL,Κουτσουνάρι,,Ιεράπετρα,35.00925,25.82323
,Πύργος,,,35.00933,25.15503
Aegean,Στέρνες,,,35.01015,25.08989
Total,Αγία Νάπα,,,35.01044,33.99325
,Akıncılar,,Δάλι,35.01104,33.46524
EKO,Χάρακας,,,35.01219,25.12511
EKO,Νέα Ἀνατολή,,Ιεράπετρα,35.01219,25.66289
Esso,Λιοπέτρι,,Ξυλοφάγου,35.01256,33.89837
ΕΛΙΝΟΙΛ,Γρα Λυγιά,,Ιεράπετρα,35.01257,25.71339
Esso,Λιοπέτρι,,Ξυλοφάγου,35.01260,33.89842
Shell,Γρα Λυγιά,,Ιεράπετρα,35.01264,25.71110
ΑΠ,Στόμιο,,Ιεράπετρα,35.01293,25.67448
,Στόμιο,,Ιεράπετρα,35.01310,25.67011
Shell,Χάρακας,,,35.01321,25.12113
Avin,Γρα Λυγιά,,Ιεράπετρα,35.01364,25.70224
Petrolina,Πέρα Χωριό,,Δάλι,35.01422,33.39434
Aegean,Γρα Λυγιά,,Ιεράπετρα,35.01513,25.68856
,Βαγιονιά,,,35.01528,24.99605
Aegean,Ιεράπετρα,,,35.01528,25.74530
EKO,Ιεράπετρα,,,35.01536,25.74081
EKO,Βαγιονιά,,Ζαρός,35.01552,24.99159
,Βαγιονιά,,,35.01552,24.99696
EKO,Πέρα Χωριό,,Δάλι,35.01567,33.40202
EKO,Μεσοχώρι,,,35.01870,25.20748
Aegean,Μεσοχώρι,,,35.01895,25.20714
Aegean,Γρα Λυγιά,,Ιεράπετρα,35.01962,25.68288
Petrolina,Σωτήρα,,Παραλίμνι,35.02092,33.94549
Esso,Παραλίμνι,,,35.02262,33.98491
SILKOIL,Κεντρί,,Ιεράπετρα,35.02299,25.75138
ΕΛΙΝΟΙΛ,Σχινοκάψαλα,,Ιεράπετρα,35.02474,25.88223
EKO,Πρωταράς,,,35.02512,34.03550
EKO,Σωτήρα,,Παραλίμνι,35.02518,33.96322
Shell,Σίβας,,Τυμπάκι,35.02555,24.81138
EKO,Πλάτανος,,Ζαρός,35.02573,24.92944
Shell,Κλήρου,,Τσέρι,35.02580,33.17921
Agip,Παραλίμνι,,,35.02691,33.98300
EKO,Κεντρί,,Ιεράπετρα,35.02727,25.75661
Petrolina,Πρωταράς,,,35.02750,34.03218
EKO,Χουστουλιανά,,Ζαρός,35.03040,24.93643
EKO,Πετροκεφάλι,,Τυμπάκι,35.03135,24.83542
Shell,Μοίρες,,Τυμπάκι,35.03183,24.87023
EKO,Πόλις,,,35.03218,32.42747
Eko,Κουτσουράς,,,35.03221,25.94922
BP,Βαϊνιά,,Ιεράπετρα,35.03479,25.76696
BP,Βαϊνιά,,Ιεράπετρα,35.03494,25.76707
Petrolina,Πόλις,,,35.03559,32.42803
ΕΚΟ,Δεμάτι,,Αρκαλοχώρι,35.03586,25.29378
Shell,Πόλις,,,35.03590,32.42686
EKO,Παραλίμνι,,,35.03594,33.97787
Petrolina,Πόλις,Λεωφόρος Μαρίου,,35.03601,32.42985
EKO,Περβόλα,,,35.03648,25.37980
EKO,Περβόλα,,,35.03649,25.37981
Aegean,Πραιτώρια,,,35.03742,25.15012
EKO,Ανάληψη,,,35.03814,25.99112
,Άνω Καστελλιανά,,Αρκαλοχώρι,35.03844,25.25211
,Πεύκος,,,35.03845,25.48255
Aegean,Μακρυγιαλός,,,35.03905,25.97451
EKO,Πραιτώρια,,,35.03964,25.14471
Shell,Σωτήρα,,Παραλίμνι,35.04015,33.95509
EKO,Λούρες,,,35.04155,25.07667
,Παραλίμνι,,,35.04159,33.98025
EKO,Αυγόρου,,Ξυλοφάγου,35.04172,33.84030
ΕΤΕΚΑ,Ασήμι,,,35.04188,25.08684
K-Pet,Beyarmudu,,Ορόκλινη,35.04201,33.70800
BP,Ασήμι,,,35.04230,25.08938
Petrolina,Νήσου,,"Νέα Λήδρα, Δάλι",35.04243,33.38699
EKO,Παραλίμνι,,,35.04356,33.99508
Star Oil,Αυγόρου,,Ξυλοφάγου,35.04408,33.84039
Staroil,Εργάτες,,Τσέρι,35.04543,33.25465
Esso,Φρέναρος,,Δερύνεια,35.04633,33.92908
,Μοίρες,,Τυμπάκι,35.04718,24.86019
Aegean,Μοίρες,,Τυμπάκι,35.04750,24.85987
SILKOIL,Ἅγιος Ιωάννης,,Τυμπάκι,35.04907,24.82908
Shell,Καπαριανά,,Ζαρός,35.04914,24.88866
ΕΛΙΝΟΙΛ,Μοίρες,,Ζαρός,35.04959,24.88091
Avin,Καπαριανά,,Ζαρός,35.05006,24.89334
Α.Π.,Μοίρες,,Ζαρός,35.05027,24.87018
,Καπαριανά,,Ζαρός,35.05027,24.89483
,Πραιτώρια,,Αρκαλοχώρι,35.05071,25.15876
ΕΛΙΝΟΙΛ,Σοκαράς,,,35.05129,25.11100
,Μητρόπολη,,Ζαρός,35.05187,24.94315
Α.Π.,Καστέλλι,,Ζαρός,35.05220,24.91422
EKO,Νέα Λήδρα,,Δάλι,35.05229,33.38753
Fill n GO,Νέα Λήδρα,,Δάλι,35.05338,33.38242
EKO,Δερύνεια,,,35.05512,33.94297
Esso,Αθηένου,,,35.05521,33.53286
Petrolina,Νέα Λήδρα,,Τσέρι,35.05569,33.37426
EKO,Άνω Βιάννος,,,35.05640,25.40143
Esso,Δερύνεια,Eleftherias Avenue,,35.05665,33.97108
,Αθηένου,,,35.05804,33.53592
EKO,Άγιοι Δέκα,,Ζαρός,35.05814,24.97558
,Αρεδιού,,Τσέρι,35.05837,33.20706
Α.Π.,Άγιοι Δέκα,,Ζαρός,35.05858,24.96261
,Αρεδιού,,Τσέρι,35.05885,33.20732
Shell,Νέα Λήδρα,,Τσέρι,35.05909,33.36847
Staroil,Ευρύχου,,Lefke,35.05947,32.91280
SILKOIL,Άγιοι Δέκα,,Ζαρός,35.05948,24.96666
EKO,Αργάκα,,Πόλις,35.06517,32.46759
ΕΚΟ,Λιγόρτυνος,,Αρκαλοχώρι,35.06630,25.16673
Aegean,Τυμπάκι,,,35.06726,24.78893
Shell,Δερύνεια,,,35.06800,33.96092
Avin,Τυμπάκι,,,35.06813,24.78112
Esso,Αργάκα,,Πόλις,35.06833,32.47202
EKO,Τυμπάκι,,,35.06936,24.77391
Petrolina,Δερύνεια,,Maraş,35.06960,33.96076
Aegean,Επισκοπή,,Ιεράπετρα,35.07011,25.80392
Eko,Άγιος Θεόδωρος Σολέας,,Lefke,35.07015,32.93018
EKO,Φανερωμένη,,Τυμπάκι,35.07055,24.82457
SILKOIL,Τυμπάκι,,,35.07249,24.76530
Shell,Τυμπάκι,,,35.07360,24.76138
Aegean,Τυμπάκι,,,35.07394,24.76063
EKO,Γαρίπα,,Αρκαλοχώρι,35.07478,25.24834
Petrolina,Άγιοι Κωνσταντινος και Ελενης,,"Νέα Λήδρα, Λατσιά",35.07847,33.38215
Esso,Τσέρι,Tseriou Avenue,Νέα Λήδρα,35.07862,33.32535
Esso,Πάνω Δευτερά,,"Ανθούπολη, Τσέρι",35.08087,33.27363
EKO,Κάτω Δευτερά,,"Ανθούπολη, Τσέρι",35.08887,33.28575
ΕΚΟ,Μιλλιαράδες,,Αρκαλοχώρι,35.09115,25.39495
ΕΛΙΝΟΙΛ,Μορόνι,,Ζαρός,35.09418,24.91463
Esso,Λατσιά,,Νέα Λήδρα,35.09765,33.37925
Star Oil,Συνοικισμός Ανθούπολης,,"Ανθούπολη, Λακατάμεια",35.09887,33.31506
EKO,Σκλάβοι,,Σητεία,35.10091,26.06871
ΑΠ,Αγία Γαλήνη,,,35.10240,24.68964
Shell,Αγία Γαλήνη,,,35.10483,24.69560
Petrolina,Λατσιά,,Νέα Λήδρα,35.10564,33.36453
EKO,Κόκκινες,Tseriou,"Ανθούπολη, Λακατάμεια",35.10617,33.33073
Esso,Λατσιά,,Αγλαντζιά,35.10620,33.39691
EKO,Παχεία Άμμος,,Άγιος Νικόλαος,35.10641,25.81455
Petrolina,Λατσιά,Giannou Kranidioti Avenue,Αγλαντζιά,35.10966,33.37799
ΕΛΙΝΟΙΛ,Ζάκρος,,Σητεία,35.11054,26.21781
EKO,Λακατάμεια,Melinas Merkouri,Ανθούπολη,35.11089,33.30931
,Lefke,,,35.11327,32.84995
Alpet,Canbulat,,"Suriçi, Gazimağusa",35.11450,33.93869
Staroil,Ανθούπολη,,Λακατάμεια,35.11458,33.28800
K-Pet,Piyale Paşa,,"Suriçi, Gazimağusa",35.11496,33.92934
K-Pet,Namık Kemal,,"Maraş, Gazimağusa",35.11615,33.94490
EKO,Penhill,Giannou Kranidioti Avenue,"Αγλαντζιά, Λατσιά",35.11682,33.37769
K-Pet,Gazimağusa,,Suriçi,35.11776,33.93403
Shell,Κόκκινες,,"Ανθούπολη, Στρόβολος",35.11826,33.33327
K-Pet,Gazimağusa,,Suriçi,35.11862,33.93605
StarOil,Λακατάμεια,,Ανθούπολη,35.11965,33.31599
Agip,Penhill,,"Αγλαντζιά, Λατσιά",35.11965,33.37744
,Vadili,,Αθηένου,35.12145,33.66776
Esso,Κόκκινες,Spyrou Kyprianou Avenue,"Άγιοι Ομολογητές, Στρόβολος",35.12164,33.34043
BP,Καλό Χωριό,,Άγιος Νικόλαος,35.12167,25.73280
K-Pet,Gazimağusa,,Suriçi,35.12238,33.93662
Eni,Κόκκινες,Λεωφόρος Σπύρου Κυπριανού,"Άγιοι Ομολογητές, Στρόβολος",35.12241,33.34052
K-Pet,Dumlupınar,,"Suriçi, Gazimağusa",35.12279,33.93132
Esso,Aspres,Strovolou Avenue,"Ανθούπολη, Λακατάμεια",35.12369,33.32195
EKO,Penhill,,"Αγλαντζιά, Στρόβολος",35.12417,33.37228
Alpet,Dumlupınar,,"Suriçi, Gazimağusa",35.12450,33.93380
EKO,Στρόβολος,Spyrou Kyprianou Avenue,Άγιοι Ομολογητές,35.12456,33.35052
K-Pet,Dumlupınar,,"Suriçi, Gazimağusa",35.12527,33.93318
Aegean,Ζαρός,,,35.12625,24.90620
Petrolina,Κόκκινες,,"Άγιοι Ομολογητές, Στρόβολος",35.12665,33.33785
Alpet,Dumlupınar,,"Karakol, Gazimağusa",35.12764,33.92325
K-Pet,Dumlupınar,,"Suriçi, Gazimağusa",35.12784,33.93091
Petrolina,Aspres,Λεωφόρος Στροβόλου,"Ανθούπολη, Λακατάμεια",35.12813,33.32508
EKO,Μεταξοχώρι,,Αρκαλοχώρι,35.12851,25.14200
,Κόκκινες,,"Άγιοι Ομολογητές, Στρόβολος",35.12855,33.33857
Esso,Aspres,Λεωφόρος Στροβόλου,"Ανθούπολη, Λακατάμεια",35.12880,33.32469
Shell,Ζαρός,,,35.12910,24.90493
Esso,Δασούπολη,,"Λυκαβηττός, Στρόβολος",35.12920,33.36399
Silk oil,Αγία Βαρβάρα,,Ζαρός,35.12972,24.99746
BP,Γέργερη,,Ζαρός,35.13046,24.94660
K-Pet,Karakol,,Gazimağusa,35.13067,33.92629
SILKOIL,Αγία Βαρβάρα,,Ζαρός,35.13084,24.99701
EKO,Στρόβολος,Λεωφόρος Δημοκρατίας,Άγιοι Ομολογητές,35.13149,33.36110
EKO,Γέργερη,,Ζαρός,35.13276,24.95099
EKO,Κόκκινες,Λεωφόρος Στροβόλου,"Έγκωμη, Στρόβολος",35.13308,33.32941
Petro,Doğancı,,Lefke,35.13393,32.91400
Shell,Περιστερώνα,,Güzelyurt,35.13481,33.10281
SILKOIL,Μεγάλη Βρύση,,Ζαρός,35.13593,25.02348
Shell,Ακάκι,,Güzelyurt,35.13670,33.13427
Esso,Ακάκι,,,35.13701,33.14179
Staroil,Κοκκινοτριμιθιά,Megalou Alexandrou,Λακατάμεια,35.13717,33.21417
EKO,Στρόβολος,Λεωφόρος Σταυρού,Άγιοι Ομολογητές,35.13733,33.35070
Petrolina,Αστρομερίτης,,Güzelyurt,35.13808,33.05371
EKO,Αστρομερίτης,,Güzelyurt,35.13831,33.05159
BP,Αρκαλοχώρι,,,35.13846,25.26423
EKO,Αρκαλοχώρι,,,35.13874,25.26300
ΑΠ,Αγία Βαρβάρα,,Ζαρός,35.13922,25.00507
,Gemikonağı,,Lefke,35.14065,32.82845
Alpet,Gemikonağı,,Lefke,35.14149,32.83135
,Gemikonağı,,Lefke,35.14168,32.83430
EKO,Αρκαλοχώρι,,,35.14193,25.26951
EKO,Δασούπολη,Λεωφόρος Αθαλάσσης,"Λυκαβηττός, Στρόβολος",35.14196,33.36882
Cagmel,Vadili,,Αθηένου,35.14215,33.64698
Esso,Δασούπολη,,"Λυκαβηττός, Στρόβολος",35.14248,33.37452
Petrolina,Δασούπολη,Λεωφόρος Λεμεσού,"Λυκαβηττός, Στρόβολος",35.14307,33.37444
EKO,Δασούπολη,,"Λυκαβηττός, Στρόβολος",35.14375,33.36403
BP,Αρκαλοχώρι,Ελευθερίου Βενιζέλου,,35.14394,25.26518
Petrolina,Δασούπολη,Λεωφόρος Αθαλάσσης,"Λυκαβηττός, Στρόβολος",35.14403,33.36441
EKO,Νιπιδιτός,,Αρκαλοχώρι,35.14432,25.31489
Esso,Άγιος Αντρόνικος,,"Έγκωμη, Στρόβολος",35.14651,33.32788
Fill n' GO,Αγλαντζιά,Larnakos,Γέρι,35.14651,33.41823
Petrolina,Χρυσελεούσα,,"Άγιοι Ομολογητές, Στρόβολος",35.14656,33.34506
K-Pet,Sakarya,,"Karakol, Gazimağusa",35.14673,33.91089
EKO,Κοκκινοτριμιθιά,,Λακατάμεια,35.14689,33.18803
Shell,Αρκαλοχώρι,,,35.14800,25.27191
Esso,Κοκκινοτριμιθιά,,Λακατάμεια,35.14823,33.20358
Petrolina,Κοκκινοτριμιθιά,,Λακατάμεια,35.14858,33.21222
Shell,Χρυσελεούσα,,"Άγιοι Ομολογητές, Στρόβολος",35.14865,33.35203
Esso,Χρυσελεούσα,Λεωφόρος Στροβόλου,"Άγιοι Ομολογητές, Στρόβολος",35.14883,33.34667
ΑΠ,Αρκαλοχώρι,,,35.15033,25.26387
Petrolina,Άγιος Δημήτριος,Λεωφόρος Λεμεσού,"Λυκαβηττός, Λευκωσία - Lefkoşa",35.15308,33.37536
EKO,Άγιος Δημήτριος,,"Λυκαβηττός, Λευκωσία - Lefkoşa",35.15345,33.37533
K-Pet,Yeşilyurt,,Lefke,35.15350,32.87900
EKO,Παρισσινός,,"Έγκωμη, Στρόβολος",35.15470,33.33202
CYCLON,Λοχριά,,Τυμπάκι,35.15542,24.78465
Esso,Παρισσινός,,"Έγκωμη, Στρόβολος",35.15542,33.33371
EKO,Αγλαντζιά,,Λευκωσία - Lefkoşa,35.15548,33.39842
,Gaziköy,,Αθηένου,35.15614,33.56885
BP,Πρινιάς,,Ζαρός,35.15624,25.01202
Castrol,Παρισσινός,,"Έγκωμη, Στρόβολος",35.15659,33.33563
Esso,Άγιοι Ομολογητές,Νίκης,Λευκωσία - Lefkoşa,35.15660,33.35810
EKO,Κριτσά,,Άγιος Νικόλαος,35.15664,25.66471
EKO,Plati,Λεωφόρος Αγλαντζιάς,"Αγλαντζιά, Λευκωσία - Lefkoşa",35.15684,33.38909
EKO,Άγιοι Ομολογητές,,Λευκωσία - Lefkoşa,35.15751,33.35208
EKO,Άγιοι Ομολογητές,Νίκης,Λευκωσία - Lefkoşa,35.15788,33.35808
Petrolina,Άγιοι Ομολογητές,,Λευκωσία - Lefkoşa,35.15925,33.35472
EKO,Αβρακόντες,,Μάλια,35.15987,25.47568
Petrolina,Λυκαβηττός,Λεωφόρος Αρχιεπισκόπου Μακαρίου Γ',Λευκωσία - Lefkoşa,35.16087,33.37104
EKO,Μέσα Μουλιανά,,Σητεία,35.16099,25.97056
Petrolina,Άγιοι Ομολογητές,,Λευκωσία - Lefkoşa,35.16203,33.35886
Esso,Λυκαβηττός,,Λευκωσία - Lefkoşa,35.16227,33.36670
K-Pet,Gaziveren,,Lefke,35.16248,32.90232
EKO,Άγιοι Ομολογητές,,Λευκωσία - Lefkoşa,35.16274,33.34717
Petrolina,Άγιοι Ομολογητές,Λεωφόρος Γρίβα Διγενή,Λευκωσία - Lefkoşa,35.16283,33.35747
Esso,Άγιοι Ομολογητές,Λεωφόρος Γρίβα Διγενή,Λευκωσία - Lefkoşa,35.16288,33.35624
Shell,Λυκαβηττός,,Λευκωσία - Lefkoşa,35.16412,33.36451
Esso,Έγκωμη,Agiou Nikolaou,Λευκωσία - Lefkoşa,35.16415,33.33321
Agip,Άγιοι Κωνσταντίνος και Ελένη,,"Παλλουριώτισσα, Λευκωσία - Lefkoşa",35.16580,33.38220
Esso,Άγιος Αντώνιος,Digeni Akrita Avenue,"Λυκαβηττός, Λευκωσία - Lefkoşa",35.16687,33.37035
EKO,Έγκωμη,Κυριάκου Μάτση,Λευκωσία - Lefkoşa,35.16801,33.32995
Esso,Έγκωμη,Κυριάκου Μάτση,Λευκωσία - Lefkoşa,35.16811,33.33187
Petrolina,Παλλουριώτισσα,,Λευκωσία - Lefkoşa,35.16827,33.39783
EKO,Λαϊκή Γειτονιά,Λεωφόρος Στασίνου,"Λυκαβηττός, Λευκωσία - Lefkoşa",35.16874,33.36311
Shell,Έγκωμη,,Λευκωσία - Lefkoşa,35.16879,33.33486
Shell,Ταμπακχανέ,Leoforos Vyronos,"Άγιοι Ομολογητές, Λευκωσία - Lefkoşa",35.16928,33.35424
K-Pet,Gaziveren,,Güzelyurt,35.16941,32.91623
,Νίθαυρη,,Αγία Γαλήνη,35.16957,24.73024
EKO,Άγιος Αντώνιος,Digeni Akrita,"Παλλουριώτισσα, Λευκωσία - Lefkoşa",35.17014,33.37452
Total,Παλλουριώτισσα,,Λευκωσία - Lefkoşa,35.17020,33.39734
Alpet,Korkuteli,,Geçitkale,35.17110,33.78938
Petrolina,Αγιος Ανδρέας,,"Έγκωμη, Λευκωσία - Lefkoşa",35.17114,33.34430
Petrolina,Έγκωμη,Grigori Afxentiou,Λευκωσία - Lefkoşa,35.17135,33.33708
Shell,Έγκωμη,,Λευκωσία - Lefkoşa,35.17140,33.33893
K-Pet,Mutluyaka,,Gazimağusa,35.17145,33.84789
Avin,Κεντροχώρι,,Σπήλι,35.17149,24.57317
EKO,Αγιος Ανδρέας,Navarinou,"Έγκωμη, Λευκωσία - Lefkoşa",35.17159,33.34568
EKO,Σταυρός,,Άγιος Νικόλαος,35.17172,25.69217
Shell,Άγιος Ιωάννης,Salaminos,"Παλλουριώτισσα, Λευκωσία - Lefkoşa",35.17177,33.37130
Petrolina,Αγιος Ανδρέας,Omirou,"Άγιοι Ομολογητές, Λευκωσία - Lefkoşa",35.17210,33.34809
Esso,Άγιος Γεώργιος,Grigori Afxentiou,"Άγιος Δομέτιος, Λευκωσία - Lefkoşa",35.17245,33.32321
,Παλλουριώτισσα,,Λευκωσία - Lefkoşa,35.17246,33.38810
EKO,Αγιος Ανδρέας,,"Köşklüçiftlik, Λευκωσία - Lefkoşa",35.17267,33.35044
Petrolina,Τακτελκαλέ,Larnakos,"Παλλουριώτισσα, Λευκωσία - Lefkoşa",35.17273,33.37245
Shell,Αγιος Ανδρέας,Plateia Georgiou Poulia,"Köşklüçiftlik, Λευκωσία - Lefkoşa",35.17383,33.35244
Esso,Τακτελκαλέ,Solonos Michailidi,"Παλλουριώτισσα, Λευκωσία - Lefkoşa",35.17416,33.37342
Alpet,Aşağı Bostancı,,Güzelyurt,35.17559,33.00423
EKO,Τακτελκαλέ,Salaminos,"Παλλουριώτισσα, Λευκωσία - Lefkoşa",35.17559,33.37312
K-Pet,Zümrütköy,,Güzelyurt,35.17570,33.05388
Shell,Τακτελκαλέ,Pouliou kai Kapota Avenue,"Παλλουριώτισσα, Λευκωσία - Lefkoşa",35.17570,33.37377
K-Pet,Dörtyol,,Geçitkale,35.17694,33.75895
Shell,Πισκοκέφαλο,,Σητεία,35.17979,26.09641
Petrolina,Κάτω Πύργος,,,35.17989,32.68841
Aegean,Μαριού,,Σπήλι,35.18100,24.41972
,Άγιος Κωνσταντίνος,,Μάλια,35.18166,25.50179
K-Pet,Çağlayan,Şehit Albay Karaoğlanoğlu Caddesi,"Καϊμακλί, Λευκωσία - Lefkoşa",35.18238,33.36775
Aegean,Αστρίτσι,,Αρκαλοχώρι,35.18240,25.22802
Alpet,Akkavuk,Cemal Gürsel Cadessi,"Yenişehir, Λευκωσία - Lefkoşa",35.18286,33.36283
Shell,Μαρμακέτο,,Μάλια,35.18325,25.50049
K-Pet,Akkavuk,Şehit Albay Karaoğlanoğlu Caddesi,"Yenişehir, Λευκωσία - Lefkoşa",35.18331,33.36501
,Alayköy,,"Batıkent, Gönyeli",35.18335,33.25745
Alpet,Samanbahce Quarter,,"Köşklüçiftlik, Λευκωσία - Lefkoşa",35.18353,33.35867
EKO,Maroulenas,Kantaras,"Καϊμακλί, Λευκωσία - Lefkoşa",35.18398,33.38800
K-Pet,Samanbahce Quarter,,"Yenişehir, Λευκωσία - Lefkoşa",35.18418,33.35885
Esso,Maroulenas,Kantaras,"Καϊμακλί, Λευκωσία - Lefkoşa",35.18436,33.38918
ΕΛΙΝΟΙΛ,Πλακιάς,,Σπήλι,35.18440,24.40979
Petrolina,Maroulenas,Kantaras,"Καϊμακλί, Λευκωσία - Lefkoşa",35.18552,33.39098
BP,Σταυρός,Κωνσταντίνου Καραμανλή,Άγιος Νικόλαος,35.18603,25.70746
ΕΛΙΝΟΙΛ,Θραψανό,,Αρκαλοχώρι,35.18653,25.28782
EKO,Νόμια,Κωνσταντίνου Καραμανλή,Άγιος Νικόλαος,35.18654,25.71051
K-Pet,Yenişehir,,Λευκωσία - Lefkoşa,35.18711,33.35630
Revoil,Χουδέτσι,,Αρχάνες,35.18799,25.17092
K-Pet,Sosyal Konutlar,,Güzelyurt,35.18870,33.00718
Silk,Φραγκοκάστελλο,,,35.18943,24.25763
EKO,Κισσού Κάμπος,,Σπήλι,35.18990,24.55307
K-Pet,Sosyal Konutlar,,Güzelyurt,35.18998,32.99746
EKO,Αυγενική,,Αρχάνες,35.19045,25.03234
Avin,Ασώματος,,Σπήλι,35.19115,24.45888
,Χουδέτσι,,Αρχάνες,35.19116,25.17553
ΕΤΕΚΑ,Αυγενική,,Αρχάνες,35.19136,25.03350
Α.Π.,Προφήτης Ηλίας,,Αρχάνες,35.19216,25.09694
Revoil,Χουδέτσι,,Αρχάνες,35.19279,25.16846
Aegean,Αγιά Φωτιά,,Σητεία,35.19345,26.13925
K-Pet,Sosyal Konutlar,,Güzelyurt,35.19374,32.99481
Alpet,Güzelyurt,,,35.19409,32.98240
EKO,Σητεία,,,35.19506,26.10386
K-Pet,Güzelyurt,,,35.19528,32.99411
EKO,Τζερμιάδο,,Μάλια,35.19600,25.48907
ΑΠ,Τζερμιάδο,,Μάλια,35.19651,25.48914
Aegean,Βόνη,,Αρκαλοχώρι,35.19724,25.24754
BP,Χώρα Σφακίων,,,35.19783,24.14207
BP,Άνω Ασίτες,,Ζαρός,35.19817,24.99761
K-Pet,Ortaköy,Ali Rıza Efendi Caddesi,Λευκωσία - Lefkoşa,35.19817,33.34299
EKO,Παλαίκαστρο,,Σητεία,35.19854,26.25167
EKO,Σητεία,,,35.19874,26.10330
K-Pet,Küçükkent,Öğretmenler Caddesi,"Metehan, Gönyeli",35.19878,33.32870
K-Pet,Küçükkent,Şht. Gzt. Hasan Tahsin Caddesi,"Ortaköy, Gönyeli",35.19882,33.33372
ΕΛΙΝΟΙΛ,Λαγού,,Μάλια,35.19944,25.46092
Shell,Σητεία,,,35.19987,26.10419
Shell,Σητεία,,,35.19996,26.08199
K-Pet,Mevlevi,,Güzelyurt,35.20003,33.05074
PATSIANOS,Πατσιανός,,,35.20060,24.22582
Shell,Παλαίκαστρο,,Σητεία,35.20061,26.24840
Alpet,Yenikent,,Gönyeli,35.20130,33.32295
Avin,Χώρα Σφακίων,,,35.20225,24.13826
EKO,Αμμούδι,,Άγιος Νικόλαος,35.20254,25.70644
Aegean,Όρμος,,Άγιος Νικόλαος,35.20359,25.71028
EKO,Παλαίκαστρο,,Σητεία,35.20372,26.25862
K-Pet,Ortaköy,,Gönyeli,35.20382,33.34087
Shell,Αλευρικό,,Άγιος Νικόλαος,35.20479,25.69696
EKO,Αλευρικό,,Άγιος Νικόλαος,35.20509,25.69518
BP,Όρμος,,Άγιος Νικόλαος,35.20528,25.70793
BP,Σητεία,,,35.20677,26.10191
K-Pet,Gönyeli,Cebeci Sokak,Yenikent,35.20822,33.30412
Gönyeli Petrol,Yenikent,Lefkoşa - Güzelyurt Anayolu,Gönyeli,35.20852,33.31559
Avin,Καστέλλι,,Αρκαλοχώρι,35.20915,25.33202
Shell,Καστέλλι,,Αρκαλοχώρι,35.20923,25.33124
Alpet,Taşkınköy,Doktor Fazıl Küçük Boulevard,Λευκωσία - Lefkoşa,35.20940,33.35264
Alpet,Balıkesir,,Değirmenlik,35.20941,33.49902
Alpet,Yeniboğaziçi,,İskele,35.20950,33.89297
K-Pet,Yenikent,Atatürk Caddesi,Gönyeli,35.20990,33.31500
Shell,Προφήτης Ηλίας,,Αρχάνες,35.21065,25.10113
K-Pet,Çukurova,,Değirmenlik,35.21100,33.54596
EKO,Καλλονή,,Αρχάνες,35.21102,25.19701
Alpet,Kanlıköy,,"Batıkent, Gönyeli",35.21146,33.24463
K-Pet,Hamitköy,Doktor Fazıl Küçük Boulevard,"Küçükkaymaklı, Λευκωσία - Lefkoşa",35.21192,33.38142
K-Pet,Hamitköy,,"Küçükkaymaklı, Λευκωσία - Lefkoşa",35.21196,33.37984
K-Pet,Düzova,,Değirmenlik,35.21232,33.52798
Aegean,Δαφνές,,Αρχάνες,35.21277,25.04728
,Άγιες Παρασκιές,,Αρχάνες,35.21297,25.20552
ΕΛΙΝΟΙΛ,Παλαίκαστρο,,Σητεία,35.21318,26.20666
Alpet,Düzova,,Değirmenlik,35.21367,33.51745
Shell,Έξω Λακκώνια,,Άγιος Νικόλαος,35.21399,25.66914
EKO,Φουρφουράς,,Αγία Γαλήνη,35.21439,24.71333
ΕΛΙΝΟΙΛ,Πυργού,,Γάζι,35.21455,25.00983
Alpet,Hamitköy,,"Küçükkaymaklı, Λευκωσία - Lefkoşa",35.21463,33.39554
Alpet,Haspolat,,Değirmenlik,35.21533,33.42887
Avin,Δαφνές,,Αρχάνες,35.21707,25.04182
Fina Benzin Istasyonu (K-Pet),Haspolat,Dr. Fazıl Küçük Blv,Değirmenlik,35.21728,33.42021
Aegean,Μυξόρρουμα,,Σπήλι,35.21843,24.50170
ΕΛΙΝΟΙΛ,Δαριβιανά,,Σπήλι,35.21970,24.52325
K-Pet,Demirhan,,Değirmenlik,35.22093,33.47923
EKO,Μπιτζαριανό,,Αρκαλοχώρι,35.22115,25.34495
K-Pet,Demirhan,,Değirmenlik,35.22175,33.47887
Yakın Doğu Akaryakıt,Göçmenköy,,Gönyeli,35.22397,33.32752
BP,Καταλαγάρι,,Αρχάνες,35.22489,25.18398
K-Pet,Piyi,,Geçitkale,35.22588,33.75471
ΕΛΙΝΟΙΛ,Γωνιαί,,Μάλια,35.23010,25.44137
EKO,Άγιος Μύρωνας,,Γάζι,35.23038,25.02695
ΕΛΙΝΟΙΛ,Αρχάνες,,,35.23242,25.15966
Silk Oil,Αγκουσελιανά,,Σπήλι,35.23335,24.41854
EKO,Κρουσώνας,,Γάζι,35.23360,24.98287
,Μυρτιά,,Αρχάνες,35.23391,25.21220
EKO,Παλαιόχωρα,,,35.23536,23.68462
BP,Αγκουσελιανά,,Σπήλι,35.23633,24.42706
EKO,Παλαιόχωρα,,,35.23651,23.67233
,Kuzucuk,,İskele,35.23675,33.86088
Shell,Κουνάβοι,,Αρχάνες,35.23693,25.18054
Avin,Κρουσώνας,,Γάζι,35.23830,24.98604
ΕΛΙΝΟΙΛ,Κουνάβοι,,Αρχάνες,35.23873,25.18408
BP,Αρχάνες,,,35.24279,25.16315
EKO,Σχίσμα Ελούντας,,Άγιος Νικόλαος,35.24317,25.72594
K-Pet,Serdarlı,,Değirmenlik,35.24336,33.60369
Avin,Παλέ,,Σπήλι,35.24352,24.47035
Shell,Σχίσμα Ελούντας,,Άγιος Νικόλαος,35.24532,25.72517
EKO,Κάτω Αρχάνες,,Αρχάνες,35.25011,25.17093
Shell,Σταυράκια,,Γάζι,35.25314,25.06908
Aegean,Αγία Φωτεινή,,Σπήλι,35.25443,24.63434
BP,Νεάπολη,,,35.25760,25.60807
EKO,Γραμπέλλες,,Νεάπολη,35.25774,25.60156
Shell,Επισκοπή,,Αρχάνες,35.25825,25.23783
SILKOIL,Νεάπολη,,,35.25869,25.60606
K-Pet,Geçitkale,,,35.25888,33.72554
K-Pet,Geçitkale,,,35.26246,33.74811
Alpet,Akova,,Geçitkale,35.26347,33.78609
K-Pet,Aşağı Dikmen,,Dikmen,35.26368,33.32833
Aegean,Μοχός,,Μάλια,35.26894,25.42406
EKO,Βασιλειές,,Αρχάνες,35.27277,25.13904
Shell,Πατσίδες,,Αρχάνες,35.27765,25.17683
K-Pet,İskele,,,35.27907,33.89134
K-Pet,Bahçeler,,İskele,35.27911,33.91333
Shell,Μαραθίτης,,Αρχάνες,35.27932,25.14004
ΕΛΙΝΟΙΛ,Σκαλάνι,,Αρχάνες,35.28268,25.18184
K-Pet,Göçeri,,Lapta,35.28285,33.21281
K-Pet,İskele,Fadıl Demirciler Cd.,,35.28311,33.89287
Alpet,İskele,,,35.28358,33.88632
BP,Μάλια,,,35.28446,25.46516
ΕΤΕΚΑ,Μάλια,,,35.28493,25.45642
Aegean,Σκαλάνι,,Αρχάνες,35.28519,25.16896
Aegean,Ανώγεια,,,35.28556,24.89165
K-Pet,Boğazköy,,Dikmen,35.28595,33.27812
Shell,Αμπελάκι,,Ρέθυμνο,35.28710,24.47007
SILKOIL,Επάνω Βάθεια,,Αρχάνες,35.28760,25.23225
EKO,Ανώγεια,,,35.28893,24.88676
EKO,Σταλίδα,,Μάλια,35.28961,25.43414
ΕΤΕΚΑ,Αγία Βαρβάρα,,Μάλια,35.29083,25.51044
Avin,Αμουδάρι,,,35.29185,24.17713
Alpet,Bahçeler,,İskele,35.29285,33.93240
,Γούρνες,,"Αγία Μαρίνα, Γάζι",35.29306,25.08513
EKO,Αμουδάρι,,,35.29425,24.17602
Shell,Γούρνες,,"Αγία Μαρίνα, Γάζι",35.29662,25.08695
CYCLON,Αργυρούπολη,,Ρέθυμνο,35.29743,24.33638
SILKOIL,Τύλισος,,Γάζι,35.29766,25.01672
Avin,Τύλισος,,Γάζι,35.29776,25.01758
Revoil,Κάτω Σίσιον,,Νεάπολη,35.29933,25.54452
EKO,Παλαιά Φορτέτσα,,Ηράκλειο,35.29964,25.13980
EKO,Λοφούπολη,,"Αγία Μαρίνα, Ηράκλειο",35.30231,25.11654
Avin,Αρμένοι,,Ρέθυμνο,35.30324,24.45946
EKO,Κουτουλουφάρι,,Λιμένας Χερσονήσου,35.30441,25.38968
Shell,Νέα Αλάτσατα,Κνωσσού,Νέα Αλικαρνασσός,35.30620,25.15225
Avin,Λοφούπολη,,"Αγία Μαρίνα, Ηράκλειο",35.30662,25.11588
BP,Νέα Αλάτσατα,,Ηράκλειο,35.30673,25.14558
EKO,Μεσαμπελιές,,"Αγία Μαρίνα, Ηράκλειο",35.30704,25.13706
EKO,Γούρνες,,"Αγία Μαρίνα, Ηράκλειο",35.30720,25.10979
EKO,Λιμένας Χερσονήσου,,,35.30801,25.40332
BP,Νέα Αλάτσατα,,Ηράκλειο,35.30879,25.14756
Avin,Νέα Αλάτσατα,,Ηράκλειο,35.30947,25.14917
Aegean,Επισκοπή,,Ρέθυμνο,35.31015,24.33847
Aegean,Αρμένοι,,Ρέθυμνο,35.31038,24.46074
Aegean,Γούρνες,,"Αγία Μαρίνα, Ηράκλειο",35.31127,25.11034
BP,Άγιος Ιωάννης,,Ηράκλειο,35.31202,25.14958
EKO,Μεσαμπελιές,,Ηράκλειο,35.31221,25.14292
,Αρμένοι,,Ρέθυμνο,35.31268,24.46219
K-Pet,Çamlıbel,,Lapta,35.31301,33.07349
BP,Αγία Μαρίνα,,Γάζι,35.31409,25.09820
K-Pet,Boğaz,,İskele,35.31419,33.95248
EKO,Μεσαμπελιές,,"Αγία Μαρίνα, Ηράκλειο",35.31454,25.13410
EKO,Καβροχώρι,,Γάζι,35.31462,25.02781
EKO,Μεσαμπελιές,,"Αγία Μαρίνα, Ηράκλειο",35.31502,25.14069
EKO,Άγιος Ιωάννης,,Ηράκλειο,35.31552,25.14787
Aegean,Χερσόνησος,,Λιμένας Χερσονήσου,35.31617,25.36470
EKO,Λιμένας Χερσονήσου,,,35.31730,25.39068
,Γάζι,,Αγία Μαρίνα,35.31811,25.06961
SILKOIL,Άγιος Ανδρέας,,Ρέθυμνο,35.31823,24.41399
EKO,Ατσαλένιο,,"Αγία Μαρίνα, Ηράκλειο",35.31920,25.13304
EKO,Μασταμπάς,,"Αγία Μαρίνα, Ηράκλειο",35.32033,25.12534
Shell,Ατσαλένιο,Κνωσσού,"Αγία Μαρίνα, Ηράκλειο",35.32091,25.14310
,Καλλιθέα,,Νέα Αλικαρνασσός,35.32096,25.16939
Shell,Αγία Μαρίνα,,Γάζι,35.32129,25.09811
BP,Ατσαλένιο,,"Αγία Μαρίνα, Ηράκλειο",35.32186,25.13958
Shell,Χερσόνησος,Ηράκλειο - Άγιος Νικόλαος,Λιμένας Χερσονήσου,35.32222,25.37845
BP,Φιλοθέη,,Νέα Αλικαρνασσός,35.32227,25.16343
BP,Αγία Μαρίνα,,Γάζι,35.32230,25.09709
EKO,Μασταμπάς,,"Αγία Μαρίνα, Ηράκλειο",35.32230,25.11585
EKO,Φιλοθέη,Κρασσαδάκη Νικ.,Νέα Αλικαρνασσός,35.32259,25.14983
Shell,Πρασσάς,,Νέα Αλικαρνασσός,35.32260,25.18357
Aegean,Γωνιά,,Ρέθυμνο,35.32265,24.42119
Aegean,Φιλοθέη,,Ηράκλειο,35.32347,25.14766
Avin,Ατσαλένιο,Κνωσσού Λ.,"Αγία Μαρίνα, Ηράκλειο",35.32405,25.14012
Shell,Μασταμπάς,,"Αγία Μαρίνα, Ηράκλειο",35.32421,25.11616
Shell,Ατσαλένιο,Κλεάνθους,"Αγία Μαρίνα, Ηράκλειο",35.32443,25.14390
Avin,Ανάληψη,,Λιμένας Χερσονήσου,35.32443,25.36440
BP,Ανάληψη,,Λιμένας Χερσονήσου,35.32499,25.36495
Alpet,Çatalköy,,,35.32519,33.39873
EKO,Γούρνες,,Λιμένας Χερσονήσου,35.32528,25.28131
EKO,Γάζι,,Αγία Μαρίνα,35.32565,25.06769
K-Pet,Alagadi,,Çatalköy,35.32586,33.46720
WIN,Μασταμπάς,,"Αγία Μαρίνα, Ηράκλειο",35.32598,25.11435
Aegean,Γάζι,,Αγία Μαρίνα,35.32608,25.06903
EKO,Γάζι,,Αγία Μαρίνα,35.32676,25.07207
ΕΛΙΝΟΙΛ,Γούρνες,,Νέα Αλικαρνασσός,35.32685,25.27513
EKO,Μασταμπάς,,"Αγία Μαρίνα, Ηράκλειο",35.32695,25.13202
Shell,Καρτερός,Βόρειος Οδικός Άξονας Κρήτης,Νέα Αλικαρνασσός,35.32700,25.20372
,Γούρνες,,Νέα Αλικαρνασσός,35.32712,25.27472
EKO,Ατσαλένιο,,"Αγία Μαρίνα, Ηράκλειο",35.32715,25.13799
BP,Γάζι,,Αγία Μαρίνα,35.32718,25.07391
Shell,Καρτερός,,Νέα Αλικαρνασσός,35.32763,25.19891
CYCLON,Επισκοπή,,"Καβρός, Ρέθυμνο",35.32767,24.33518
Avin,Καρτερός,,Νέα Αλικαρνασσός,35.32775,25.19695
EKO,Κάτω Γούβες,,Λιμένας Χερσονήσου,35.32795,25.30042
,Επισκοπή,,"Καβρός, Ρέθυμνο",35.32801,24.33534
EKO,Γάζι,,Αγία Μαρίνα,35.32841,25.05353
EKO,Αγία Μαρίνα,,Ηράκλειο,35.32844,25.10730
EKO,Καμίνια,Στρυμώνος,"Αγία Μαρίνα, Ηράκλειο",35.32911,25.11780
SILKOIL,Κάτω Γούβες,,Λιμένας Χερσονήσου,35.32914,25.31230
Petline,Çatalköy,,,35.32979,33.37164
K-Pet,Doğanköy,,Girne,35.33007,33.33555
ΕΛΙΝΟΙΛ,Καμίνια,,"Αγία Μαρίνα, Ηράκλειο",35.33016,25.10890
Shell,Πατέλες,Dimokratias,"Αγία Μαρίνα, Ηράκλειο",35.33017,25.13797
EKO,Καμίνια,,"Αγία Μαρίνα, Ηράκλειο",35.33029,25.10988
EKO,Καμίνια,,"Αγία Μαρίνα, Ηράκλειο",35.33039,25.11017
K-Pet,Karakum,,Girne,35.33049,33.34756
Avin,Επισκοπή,,"Καβρός, Ρέθυμνο",35.33061,24.33720
EKO,Καρτερός,,Νέα Αλικαρνασσός,35.33104,25.18339
SILKOIL,Αγία Μαρίνα,,Ηράκλειο,35.33134,25.10398
BP,Καμίνια,,"Αγία Μαρίνα, Ηράκλειο",35.33142,25.11181
Aegean,Κάνδανος,,Παλαιόχωρα,35.33159,23.74692
ΑΠ,Πατέλες,,Ηράκλειο,35.33177,25.14644
Aegean,Καμίνια,62 Μαρτύρων Λ.,"Αγία Μαρίνα, Ηράκλειο",35.33220,25.11299
BP,Καμίνια,,"Αγία Μαρίνα, Ηράκλειο",35.33222,25.12224
EKO,Αγία Μαρίνα,,Γάζι,35.33235,25.09166
EKO,Καμίνια,,"Αγία Μαρίνα, Ηράκλειο",35.33320,25.12181
Shell,Καμίνια,Λεβήνου,"Αγία Μαρίνα, Ηράκλειο",35.33393,25.11696
Alpet,Yukarı Girne Eski Türk,,Girne,35.33414,33.32909
Α.Π.,Ηράκλειο,,Αγία Μαρίνα,35.33435,25.13377
EKO,Αγία Μαρίνα,,Ηράκλειο,35.33437,25.10429
EKO,Αγία Μαρίνα,,Ηράκλειο,35.33448,25.10381
EKO,Καμίνια,,"Αγία Μαρίνα, Ηράκλειο",35.33451,25.11569
Shell,Αγία Μαρίνα,,Γάζι,35.33514,25.09155
Alpet,Yukarı Girne Eski Türk,,Girne,35.33522,33.32027
EKO,Πατέλες,,"Αγία Μαρίνα, Ηράκλειο",35.33539,25.14164
EKO,Κατσαμπάς,,Νέα Αλικαρνασσός,35.33586,25.15799
BP,Πόρος,,Ηράκλειο,35.33592,25.14642
Avin,Καμίνια,62 Μαρτύρων,"Αγία Μαρίνα, Ηράκλειο",35.33619,25.12075
K-Pet,Yukarı Girne Eski Türk,,Girne,35.33626,33.32026
SILKOIL,Επανωχώρι,,,35.33648,23.83227
Alpet,Yukarı Girne Değirmentaşı,,Girne,35.33696,33.30679
EKO,Νέα Αλικαρνασσός,,,35.33706,25.16441
BP,Νέα Αλικαρνασσός,Ικάρου,,35.33753,25.16639
EKO,Νέα Αλικαρνασσός,,,35.33754,25.15865
ΕΛΙΝΟΙΛ,Πόρος,Εθνικής Αντιστάσεως,"Αγία Μαρίνα, Ηράκλειο",35.33787,25.14176
EKO,Νέα Αλικαρνασσός,,,35.33801,25.16097
BP,Νέα Αλικαρνασσός,,,35.33839,25.15918
Shell,Νέα Αλικαρνασσός,,,35.33860,25.15665
Shell,Πόρος,Ικάρου,"Αγία Μαρίνα, Ηράκλειο",35.33864,25.14121
BP,Πόρος,Ικάρου,Ηράκλειο,35.33868,25.14350
K-Pet,Girne,,,35.33887,33.32059
CYCLON,Μέση,,Ρέθυμνο,35.33912,24.57102
BP,Νέα Αλικαρνασσός,,,35.33921,25.15565
Shell,Καμίνια,,"Αγία Μαρίνα, Ηράκλειο",35.33937,25.11388
K-Pet,Kocatepe,,Lapta,35.34027,33.18171
Celice,Aşağı Girne,,Girne,35.34094,33.31839
CYCLON,Πρινές,,Ρέθυμνο,35.34171,24.42217
ΑΠ,Γαράζο,,,35.34193,24.78761
K-Pet,Karaoğlanoğlu,,Girne,35.34210,33.27539
Alpet,Edremit,,Lapta,35.34249,33.24556
Alpet,Esentepe,,Değirmenlik,35.34545,33.56771
EKO,Γάλλος,,"Καστελλάκια, Ρέθυμνο",35.34618,24.46537
K-Pet,Çağlayan,Ankara Street,Lapta,35.34638,33.20629
,Çağlayan,,Lapta,35.34641,33.20631
,Çağlayan,,Lapta,35.34788,33.22484
K-Pet,Yayla,,Lapta,35.34797,33.19868
Silk Oil,Καβρός,,,35.35075,24.30124
Alpet,Kalecik,,İskele,35.35218,33.99941
,Δροσιά,,,35.35227,24.88154
Shell,Γάλλος,,"Καστελλάκια, Ρέθυμνο",35.35327,24.46133
SILKOIL,Κουμπές,,"Καστελλάκια, Ρέθυμνο",35.35491,24.46116
Aegean,Λούτρα,,Ρέθυμνο,35.35648,24.58772
Aegean,Δαφνέδες,,,35.35820,24.75980
EKO,Γεωργιούπολη,,Καβρός,35.35865,24.26180
EKO,Άδελε,,"Μισίρια, Ρέθυμνο",35.36037,24.54673
EKO,Άδελε,,"Μισίρια, Ρέθυμνο",35.36080,24.54608
Avin,Άδελε,,"Μισίρια, Ρέθυμνο",35.36093,24.55963
Silkoil,Έλος,,Πλάτανος,35.36280,23.63813
ΑΠ,Ροδιά,,Γάζι,35.36297,25.02207
BP,Κουμπές,,"Περιβόλια, Ρέθυμνο",35.36404,24.45874
BP,Καλλιθέα,,"Περιβόλια, Ρέθυμνο",35.36426,24.48644
BP,Μισίρια,,Ρέθυμνο,35.36439,24.50965
BP,Άγιος Νικόλαος,,"Περιβόλια, Ρέθυμνο",35.36448,24.46190
,Ergazi,,İskele,35.36575,33.93931
Avin,Βιολί Χαράκι,,Ρέθυμνο,35.36583,24.42468
Avin,Βιολί Χαράκι,,Ρέθυμνο,35.36599,24.42462
SILKOIL,Μισίρια,,Ρέθυμνο,35.36686,24.52097
CYCLON,Μισίρια,,Ρέθυμνο,35.36707,24.52096
BP,Πλατανιάς,,"Μισίρια, Ρέθυμνο",35.36797,24.52955
Aegean,Πέραμα,Ελευθερίου Βενιζέλου,,35.36930,24.70428
K-Pet,Çayırova,,,35.37022,34.03145
Shell,Βρύσες,,,35.37060,24.20203
Α.Π.,Πέραμα,Ελευθερίου Βενιζέλου,,35.37061,24.70199
CYCLON,Πέραμα,,,35.37072,24.69873
Shell,Πέραμα,,,35.37087,24.69645
SILKOIL,Τσεσμές,,"Μισίρια, Ρέθυμνο",35.37142,24.54323
Silk Oil,Τσεσμές,,"Μισίρια, Ρέθυμνο",35.37174,24.54064
Avin,Χάνι Αλεξάνδρου,,,35.37354,24.67929
ΕΤΕΚΑ,Πέραμα,,,35.37473,24.70663
BP,Πέραμα,,,35.37550,24.70573
Aegean,Βρύσες,,,35.37695,24.20065
Shell,Μελιδόνι,,,35.38092,24.73776
Shell,Δαμάστα,,Γάζι,35.38339,24.91818
Shell,Σταυρωμένος,,Ρέθυμνο,35.38379,24.59245
Shell,Βρύσες,,,35.38430,24.19180
Silkoil,Βλάτος,,Πλάτανος,35.38538,23.66581
Alpet,Yalı,,Geçitkale,35.39326,33.74606
BP,Αγία Πελαγία,,Γάζι,35.39844,25.01408
Shell,Νεροχώρι,,Σούδα,35.39944,24.15240
Shell,Πρίνος,,Ρέθυμνο,35.40327,24.63126
,Πρίνος,,Ρέθυμνο,35.40327,24.63127
ΕΛΙΝΟΙΛ,Φόδελε,,Γάζι,35.40365,24.96171
EKO,Πρίνος,,,35.40491,24.63566
EKO,Πρίνος,,,35.40594,24.63573
,Büyükkonuk,,,35.41070,33.99567
Avin,Βάμος,,Σούδα,35.41117,24.19626
Silk,Βάμος,,Σούδα,35.41149,24.19584
EKO,Φρυ,,,35.41239,26.92766
Shell,Αγία Πελαγία,,Γάζι,35.41431,25.00609
K-Pet,Mehmetçik,,,35.41734,34.06408
K-Pet,Kumyalı,,,35.42157,34.12573
Aegean,Νέο Χωριό,,Σούδα,35.42335,24.14552
EKO,Σκινές,,Πλατανιάς,35.44081,23.91921
EKO,Καλύβες,,Σούδα,35.44874,24.17325
Aegean,Βουλγάρω,,Κίσσαμος,35.45070,23.69691
Shell,Κουφός,,Πλατανιάς,35.45430,23.91584
EKO,Βουλγάρω,,Κίσσαμος,35.45471,23.69948
ΕΛΙΝΟΙΛ,Αγιά,,Πλατανιάς,35.45621,23.92072
Shell,Καλύβες,,Σούδα,35.45968,24.16059
Silk Oil,Βουκολιές,,Πλατανιάς,35.46482,23.79239
Silk Oil,Πλάτανος,,,35.46653,23.59983
EKO,Αγιά,,Πλατανιάς,35.46878,23.92537
AVIN,Αγιά,,Αγία Μαρίνα,35.47170,23.92960
ΕΛΙΝΟΙΛ,Αρκάσα,,Κάρπαθος,35.47170,27.13191
EKO,Πλάτανος,,,35.47465,23.60274
Shell,Νεριανά,,Πλατανιάς,35.47919,23.80468
Avin,Μαρμαράς,,Αγία Μαρίνα,35.48197,23.95749
ΕΛΙΝΟΙΛ,Όαση,,Αγία Μαρίνα,35.48635,23.96108
BP,Σούδα,,Βάρδια,35.48663,24.06114
,Όαση,,Αγία Μαρίνα,35.48756,23.96867
,Συκολιά,,Χανιά,35.49008,23.97374
Shell,Σούδα,,Λενταριανά,35.49027,24.05188
Shell,Μουρνιές,,"Λενταριανά, Χανιά",35.49103,24.01769
Shell,Κίσσαμος,,Καβονησίου,35.49151,23.66947
ΕΛΙΝΟΙΛ,Αμμοοπή,,Κάρπαθος,35.49273,27.19361
EKO,Αμμοοπή,,Κάρπαθος,35.49292,27.19622
Avin,Συκολιά,,Χανιά,35.49298,23.98110
BP,Μουρνιές,,"Λενταριανά, Χανιά",35.49312,24.01750
BP,Καλυκάς,,"Λενταριανά, Σούδα",35.49320,24.04504
Shell,Κίσσαμος,,Καβονησίου,35.49322,23.65904
BP,Συκολιά,,Χανιά,35.49351,23.98350
EKO,Κίσσαμος,,Καβονησίου,35.49380,23.65710
CYCLON,Κίσσαμος,,Καβονησίου,35.49418,23.65421
Shell,Σούδα,,Βάρδια,35.49436,24.05830
EKO,Κορφαλώνας,,"Καβονησίου, Κίσσαμος",35.49533,23.68085
BP,Περιβόλια,,"Λενταριανά, Χανιά",35.49549,23.99959
EKO,Καλυκάς,,"Λενταριανά, Χανιά",35.49720,24.03719
EKO,Καλυκάς,,"Λενταριανά, Χανιά",35.49748,24.01810
,Άγιος Γεώργιος,,"Καβονησίου, Πλάτανος",35.49870,23.61263
Aegean,Καλυκάς,,"Λενταριανά, Χανιά",35.49892,24.02346
Avin,Καλυκάς,,"Λενταριανά, Χανιά",35.49922,24.03072
EKO,Λενταριανά,,Σούδα,35.49933,24.05510
Shell,Περιβόλια,,"Λενταριανά, Χανιά",35.49936,23.99718
SILKOIL,Γαλατάς,,Αγία Μαρίνα,35.49937,23.96608
ΕΛΙΝΟΙΛ,Καλυκάς,,"Λενταριανά, Χανιά",35.50035,24.02973
Shell,Λενταριανά,,Χανιά,35.50084,24.04241
BP,Νέα Χώρα,Καζαντζάκη,"Λενταριανά, Χανιά",35.50141,23.99866
Shell,Καλυκάς,,"Λενταριανά, Χανιά",35.50167,24.01917
EKO,Καλυκάς,,"Λενταριανά, Χανιά",35.50205,24.02756
SILKOIL,Νέο Χωριό,,"Καβονησίου, Κίσσαμος",35.50318,23.61849
BP,Νέα Χώρα,Αναγνώστου Γογονή,"Λενταριανά, Χανιά",35.50398,24.00994
Aegean,Χανιά,,Λενταριανά,35.50421,24.01711
EKO,Καλυκάς,,"Λενταριανά, Χανιά",35.50438,24.03210
SILKOIL,Καλυκάς,,"Λενταριανά, Χανιά",35.50445,24.02599
K-Pet,Yeşilköy,,,35.50613,34.16120
Avin,Νέα Χώρα,,"Λενταριανά, Χανιά",35.50623,23.99686
BP,Χανιά,,Λενταριανά,35.50643,24.02495
SILKOIL,Νέα Χώρα,,"Λενταριανά, Χανιά",35.50645,23.99580
CYCLON,Νέα Χώρα,,"Λενταριανά, Χανιά",35.50669,24.00297
Avin,Δαράτσος,,Χανιά,35.50672,23.98383
BP,Λενταριανά,,Σούδα,35.50682,24.04837
BP,Νέα Χώρα,,"Λενταριανά, Χανιά",35.50698,23.99395
Aegean,Δαράτσος,,Χανιά,35.50704,23.98609
EKO,Δαράτσος,Κισσάμου - Χανίων,"Λενταριανά, Χανιά",35.50743,23.98783
BP,Χανιά,,Λενταριανά,35.50744,24.01758
EKO,Νέα Χώρα,,"Λενταριανά, Χανιά",35.50818,24.00734
EKO,Νωπήγεια,,Κίσσαμος,35.50842,23.72975
Shell,Λενταριανά,,Χανιά,35.50885,24.04556
Avin,Νέα Χώρα,,"Λενταριανά, Χανιά",35.50943,24.01295
Shell,Νέα Χώρα,,"Λενταριανά, Χανιά",35.51017,24.00952
Aegean,Χανιά,,Λενταριανά,35.51021,24.02015
BP,Ἀγιοι Απόστολοι,Κισσάμου - Χανίων,Αγία Μαρίνα,35.51067,23.97215
Shell,Εκάλη,,"Λενταριανά, Χανιά",35.51361,24.04707
BP,Εκάλη,,"Λενταριανά, Χανιά",35.51384,24.04637
Shell,Πολεμάρχι,,Πλατανιάς,35.51436,23.81818
ΕΛΙΝΟΙΛ,Γεράνι,Κισσάμου - Χανίων,Πλατανιάς,35.51631,23.87908
EKO,Πλατανιάς,,,35.51685,23.90896
Shell,Γεράνι,,Πλατανιάς,35.51707,23.88428
BP,Αρώνι,,"Βάρδια, Κουνουπιδιανά",35.51715,24.11041
EKO,Παζινός,,Κουνουπιδιανά,35.51773,24.12125
Shell,Κάτω Προφήτης Ηλίας,Μελιδονίου,Χανιά,35.51870,24.04024
SILKOIL,Αγία Μαρίνα,,,35.51922,23.92712
Avin,Μάλεμε,,Πλατανιάς,35.51978,23.85938
Jetoil,Μάλεμε,,Πλατανιάς,35.52093,23.85284
EKO,Μάλεμε,,Πλατανιάς,35.52466,23.83970
,Μάλεμε,,Πλατανιάς,35.52608,23.83621
BP,Ταυρωνίτης,,Πλατανιάς,35.52725,23.82174
Shell,Καλυδονία,,Κίσσαμος,35.52846,23.75261
SILKOIL,Κουνουπιδιανά,,Σόδυ,35.53051,24.07550
BP,Κάτω Καμισιανά,,Πλατανιάς,35.53106,23.80807
EKO,Απέρι,,Κάρπαθος,35.53124,27.19599
Stick,Κουνουπιδιανά,,Σόδυ,35.53164,24.07586
,Κάτω Καμισιανά,,Πλατανιάς,35.53199,23.80374
SILKOIL,Κουνουπιδιανά,,Σόδυ,35.53213,24.07600
Alpet,Yenierenköy,,,35.53242,34.18738
,Απέρι,,Κάρπαθος,35.53289,27.18892
K-Pet,Yenierenköy,,,35.53416,34.18863
SILKOIL,Κολυμβάρι,,Πλατανιάς,35.53880,23.78125
Shell,Μουζουράς,,Κουνουπιδιανά,35.54164,24.13593
Shell,Χωραφάκια,,Κουνουπιδιανά,35.56458,24.09209
Avin,Σταυρός,,Κουνουπιδιανά,35.58049,24.09281
Alpet,Dipkarpaz,,,35.59802,34.38096
EKO,Κατταβιά,,,35.94966,27.77971
BP,Γεννάδι,,,36.00415,27.91338
EKO,Γεννάδι,,,36.02363,27.92321
BP,Γεννάδι,,,36.03097,27.93145
BP,Απολακκιά,,,36.06359,27.78673
EKO,Λάρδος,,Λίνδος,36.07891,28.01275
Aegean,Λάρδος,Pilonas-Katavias,Λίνδος,36.09099,28.02083
EKO,Κάλαθος,,Λίνδος,36.12009,28.06032
Shell,Κάλαθος,,Λίνδος,36.12327,28.05914
EKO,Μεγίστη,,,36.14839,29.60005
EKO,Μάσαρη,,Αρχάγγελος,36.17568,28.07703
Shell,Λιβάδι,,,36.18229,22.98381
Avin,Κοντολιάνικα,,,36.19857,22.97901
Aegean,Αρχάγγελος,,,36.21710,28.10800
EKO,Αρχάγγελος,,,36.22041,28.11298
Aegean,Έμπωνας,,,36.22694,27.85459
Avin,Έμπωνας,,,36.22797,27.85847
EKO,Απόλλωνα,,Αρχάγγελος,36.25971,27.96850
EKO,Αρχίπολη,,Αρχάγγελος,36.26669,28.05793
SILKOIL,Κολύμπια,,Αφάντου,36.27090,28.14799
Aegean,Κρητηνία,,,36.27192,27.82923
EKO,Αφάντου,,,36.27821,28.15287
Shell,Αφάντου,,,36.28286,28.15796
Avin,Λογοθετιάνικα,,,36.29055,22.96462
ΕΛΙΝΟΙΛ,Αφάντου,Πανορμιτη ραμου 122;πανορμιτη ραμου 122;πανοραμική ραμου 122;Πανορμιτη Ραμου 122,,36.29121,28.15751
ΕΛΙΝΟΙΛ,Μανδρικό,,,36.29313,27.85958
BP,Ποταμός,,,36.29428,22.96436
Silk Oil Petrol Station,Αφάντου,,,36.29608,28.16307
EKO,Ψίνθος,,Αφάντου,36.31310,28.10376
EKO,Καλυθιές,,,36.31394,28.18699
BP,Φαληράκι,,Καλυθιές,36.33303,28.19609
SILKOIL,Καλαβάρδα,,Παραδείσι,36.34192,27.94748
EKO,Καλυθιές,,,36.34338,28.18303
EKO,Καλαβάρδα,,Παραδείσι,36.34675,27.96286
Aegean,Φάνες,,Παραδείσι,36.34998,27.97873
ΑΡΓΩ,Χώρα,,,36.35074,25.77361
SILKOIL,Φάνες,,Παραδείσι,36.35402,27.98478
Aegean,Εμπορείο,,Φηρά,36.35405,25.45008
Avin,Εμπορείο,,Φηρά,36.35825,25.43898
ΕΛΙΝΟΙΛ,Εμπορείο,,Φηρά,36.36286,25.43177
Shell,Φαληράκι,,"Καλλιθέα, Κοσκινού",36.36342,28.19416
BP,Μεγαλοχώρι,,Φηρά,36.36643,25.42657
EKO,Σορωνή,,Παραδείσι,36.36805,28.01003
Aegean,Σορωνή,,Παραδείσι,36.37024,28.01542
EKO,Κοσκινού,,Καλλιθέα,36.37305,28.19233
EKO,Μαριτσά,,Παραδείσι,36.37546,28.11620
SILKOIL,Θεολόγος,,Παραδείσι,36.37842,28.02681
Avin,Καμάρι,,Φηρά,36.38018,25.47212
,Δαματρία,,Παραδείσι,36.38090,28.09329
EKO,Επισκοπή Γωνιάς,,Φηρά,36.38111,25.46718
EKO,Παστίδα,,Ιαλυσός,36.38271,28.13375
EKO,Πύργος Καλλίστης,,Φηρά,36.38537,25.43961
ΕΛΙΝΟΙΛ,Θεολόγος,,Παραδείσι,36.38976,28.05014
ΕΛΙΝΟΙΛ,Παστίδα,,Παραδείσι,36.39073,28.12511
BP,Κοσκινού,,Καλλιθέα,36.39329,28.23146
EKO,Σγουρού,,"Καλλιθέα, Κοσκινού",36.39556,28.19938
EKO,Σγουρού,,"Καλλιθέα, Κοσκινού",36.39557,28.19943
Aegean,Βόθωνας,,Φηρά,36.39735,25.45977
JET,Βόθωνας,,Φηρά,36.40078,25.45727
BP,Μεσαριά,,Φηρά,36.40203,25.43754
,Μονόλιθος,,Φηρά,36.40498,25.47171
BP,Σγουρού,Ρόδου - Λίνδου,"Καλλιθέα, Κοσκινού",36.40653,28.20710
Shell,Καρτεράδος,,Φηρά,36.40794,25.44587
,Κρεμαστή,,Παραδείσι,36.40852,28.10678
EKO,Καρτεράδος,,Φηρά,36.40906,25.44231
SILKOIL,Σγουρού,,"Καλλιθέα, Κοσκινού",36.40933,28.22581
Shell,Καρτεράδος,,Φηρά,36.40995,25.45822
Shell,Κρεμαστή,,Ιαλυσός,36.41175,28.12127
BP,Κρεμαστή,,Ιαλυσός,36.41321,28.12492
EKO,Φηρά,,,36.41351,25.43560
EKO,Κρεμαστή,,Ιαλυσός,36.41396,28.12599
EKO,Κρεμαστή,,Ιαλυσός,36.41530,28.13209
Avin,Ιαλυσός,,,36.41613,28.15859
Avin,Άγιος Νικόλαος,,"Καλλιθέα, Ρόδος",36.41620,28.22724
EKO,Σγουρού,,Ιαλυσός,36.41624,28.19781
Shell,Ιαλυσός,,,36.41637,28.14069
BP,Σγουρού,,"Καλλιθέα, Ρόδος",36.41664,28.21152
BP,Ιαλυσός,,,36.41686,28.16909
BP,Ιαλυσός,,,36.41696,28.16551
EKO,Ιαλυσός,,,36.41697,28.15349
EKO,Ιαλυσός,,,36.41771,28.17358
Shell,Κρητικά,,Ρόδος,36.42065,28.20597
EKO,Κρητικά,,Ρόδος,36.42399,28.20581
SILKOIL,Άγιος Νικόλαος,,Ρόδος,36.43078,28.23296
,Λιβάδια,,,36.43088,27.37513
ARGO,Λιβάδια,,,36.43089,27.37521
Shell,Μεσαιωνική πόλη της Ρόδου,,Ρόδος,36.43474,28.21895
EKO,Ημεροβίγλι,,Φηρά,36.43666,25.42670
BP,Μεσαιωνική πόλη της Ρόδου,,Ρόδος,36.43879,28.22493
Shell,Άγιος Νικόλαος,Αυστραλίας,Ρόδος,36.44050,28.23660
EKO,Άγιος Νικόλαος,Αυστραλίας,Ρόδος,36.44076,28.23381
EKO,Ρόδος,,,36.44712,28.22582
Shell,Νεοχώρι,,Ρόδος,36.44996,28.21658
Revoil,Γερολιμένας,,,36.47888,22.41173
ΕΛΙΝΟΙΛ,Ελαφόνησος,,Νεάπολη,36.50728,22.97193
Shell,Νεάπολη,,,36.52014,23.05216
Avin,Δερματιάνικα,,Νεάπολη,36.53001,23.04698
Aegean,Δερματιάνικα,,Νεάπολη,36.53709,23.04686
EKO,Άγιος Γεώργιος,,Νεάπολη,36.54040,22.99949
ελιν,Αστυπάλαια,,,36.54877,26.35106
Eko,Αστυπάλαια,,,36.55028,26.35635
BP,Άγιοι Απόστολοι,,Νεάπολη,36.55270,23.02596
,Έξω Νύμφιο,,,36.55383,22.47671
EKO,Άγιοι Απόστολοι,,Νεάπολη,36.55892,23.01338
Avin,Κουτρέλα,,,36.56327,22.40358
EKO,Πάλοι,,,36.61151,27.15671
,Πέδι,,"Χωριό, Σύμη",36.61454,27.85251
,Σύμη,,Γυαλός,36.61899,27.84410
Aegean,Ελίκα,,,36.61926,22.92979
ΕΛΙΝΟΙΛ,Χώρα,,,36.62492,24.92589
ΑΡΓΩ,Χώρα,,,36.62618,24.91956
BP,Καλός,,,36.63524,22.39762
BP,Καλός,,,36.63529,22.39790
Shell,Νόμια,,,36.66175,23.02518
Petrogres,Σωτήρας,,,36.66217,22.39120
EKO,Αρεόπολη,,,36.66668,22.38274
Aegean,Αρεόπολη,,,36.66774,22.38117
Avin,Σωτήρας,,,36.67240,22.38525
EKO,Αλοπρόνοια,,Χώρα,36.68022,25.14287
KMOIL,Γέφυρα,,,36.68741,23.04342
ΕΛΙΝΟΙΛ,Άγιος Δημήτριος,,Μολάοι,36.69475,22.93757
EKO,Παπαδιάνικα,,Μολάοι,36.71231,22.85615
BP,Αγία Κυριακή,,,36.72066,23.01740
Shell,Χώρα,,,36.72161,25.28329
Aegean,Ασωπός,,Μολάοι,36.72286,22.85561
Shell,Περιβόλια,,Αδάμαντας,36.72471,24.45517
Avin,Διρό,,Γύθειο,36.72581,22.50201
BP,Κάμπος,,Χώρα,36.72728,25.28001
ΑΡΓΩ,Κάμπος,,Χώρα,36.72802,25.28111
EKO,Κάμπος,,Χώρα,36.72803,25.28110
EKO,Περιβόλια,,Αδάμαντας,36.73281,24.47051
Shell,Ασωπός,,Μολάοι,36.73475,22.85851
CYCLON,Ασωπός,,Μολάοι,36.73597,22.85897
ΕΛΙΝΟΙΛ,Κατήφορα,,Αδάμαντας,36.73665,24.44392
EKO,Καρόδρομος,,Πλάκα,36.73997,24.43366
ΕΛΙΝΟΙΛ,Περιβόλια,,Αδάμαντας,36.74113,24.48491
ΕΛΙΝΟΙΛ,Καμάρι,,Κέφαλος,36.74557,26.96883
Kmoil,Ελιά,,Μολάοι,36.75469,22.80202
ΕΤΕΚΑ,Νέες Εργατικές Κατοικίες,,Γύθειο,36.75981,22.55271
EKO,Καμάρι,,Κέφαλος,36.76099,26.99904
EKO,Νέες Εργατικές Κατοικίες,,Γύθειο,36.76441,22.54591
Avin,Παλιές Εργατικές Κατοικίες,,Γύθειο,36.76685,22.56278
Shell,Πλάτανος,,Γύθειο,36.77068,22.52351
BP,Συκιά,,Μολάοι,36.77350,22.92018
ΕΤΕΚΑ,Αιγίες,,Γύθειο,36.77694,22.52196
EKO,Καρδάμαινα,AIΣΧΥΛΟΥ,Αντιμάχεια,36.78516,27.14440
ΕΛΙΝΟΙΛ,Καρδάμαινα,,Αντιμάχεια,36.79309,27.14777
ΑΡΓΩ,Αντιμάχεια,,,36.79759,27.11277
EKO,Καμποσ,,Αδάμαντας,36.79812,24.58760
KMOIL,Κορώνη,,,36.79863,21.94807
,Καρδάμαινα,,Αντιμάχεια,36.79924,27.15161
,Καρδάμαινα,,Αντιμάχεια,36.79926,27.15182
Shell,Πέρα Μεριά,Σπάρτη - Μονεμβασιά,Μολάοι,36.80121,22.86528
Argo,Αντιμάχεια,,,36.80194,27.09239
BP,Πέρα Μεριά,Σπάρτη - Μονεμβασιά,Μολάοι,36.80305,22.86358
Shell,Αντιμάχεια,,,36.80306,27.09356
EKO,Καμάρια,,Μεθώνη,36.80551,21.78565
Shell,Χαρακοπιό,,Κορώνη,36.80563,21.92318
EKO,Αντιμάχεια,,,36.80655,27.10186
EKO,Χαρακοπιό,,Κορώνη,36.81028,21.91312
Aegean,Κάτω Γλυκόβρυση,,Μολάοι,36.81870,22.77559
Revoil,Σπαναίικα,,Μολάοι,36.81913,22.85887
ΕΤΕΚΑ,Μεθώνη,,,36.82082,21.71725
,Κάτω Γλυκόβρυση,,Μολάοι,36.82512,22.76978
Avin,Κάτω Γλυκόβρυση,,Μολάοι,36.82571,22.77024
KMOIL,Άγιος Νικόλαος,,,36.82794,22.28268
EKO,Ραχίδι,,,36.82925,25.87849
Avin,Αντιμάχεια,,,36.83023,27.12034
BP,Κάτω Γλυκόβρυση,,Μολάοι,36.83347,22.77524
KMOIL,Στούπα,,,36.83800,22.27318
EKO,Μαστιχάρι,,Αντιμάχεια,36.84135,27.07839
ΕΛΙΝΟΙΛ,Σκάλα,Σπάρτης - Μονεμβασιάς,,36.84405,22.65035
,Μαστιχάρι,,Αντιμάχεια,36.84922,27.09405
Avin,Σκάλα,,,36.84948,22.66248
EKO,Σκάλα,,,36.85071,22.66935
BP,Άγιος Γεώργιος,,Σκάλα,36.85479,22.67949
BP,Άγιος Γεώργιος,,Πυλί,36.85520,27.15728
Avin,Άγιος Γεώργιος,,Σκάλα,36.85636,22.68756
ΕΛΙΝΟΙΛ,Άγιος Ιωάννης,,Μολάοι,36.85694,22.78325
KMOIL,Λεύκτρο,,,36.85715,22.25990
BP,Βλαχιώτης,,Σκάλα,36.85957,22.69820
,Μαρμάρι,,Πυλί,36.86241,27.15114
JETOIL ΠΛΑΓΓΕΤΗΣ,Μαρμάρι,,Πυλί,36.86398,27.15782
EKO,Μαρμάρι,,Πυλί,36.86411,27.15690
EKO,Μαρμάρι,,Πυλί,36.86781,27.16588
ΕΛΙΝΟΙΛ,Τιγκάκι,,Ζηπάρι,36.87117,27.18237
Shell,Ζηπάρι,,,36.87410,27.19013
,Ζηπάρι,,,36.87517,27.20071
KMOIL,Μεσοχώρι,,Πύλος,36.87530,21.72261
BP,Ζηπάρι,,,36.87546,27.19571
EKO,Ζηπάρι,,,36.87679,27.20707
ΑΡΓΩ,Ζηπάρι,,,36.87695,27.20930
ΕΤΕΚΑ,Ζηπάρι,,,36.87704,27.21623
ΑΡΓΩ,Ζηπάρι,,,36.87712,27.19066
EKO,Ζηπάρι,,,36.87734,27.22128
Tankstelle in Kalithea,Καλλιθέα,,Πύλος,36.87939,21.78872
ΕΛΙΝΟΙΛ,Σχοινούσσα,,,36.87964,25.51804
Revoil,Κροκεές,,Σκάλα,36.88387,22.56061
ΕΛΙΝΟΙΛ,Πλατύ Κυπαρίσσι,Κω - Κεφάλου,"Αμπάβρης, Ζηπάρι",36.88431,27.24395
EKO,Πλατύ Κυπαρίσσι,,"Αμπάβρης, Κως",36.88461,27.24668
BP,Ηρακλής,,"Αμπάβρης, Κως",36.88508,27.31526
Shell,Πλατύ Κυπαρίσσι,,"Αμπάβρης, Κως",36.88539,27.25129
ΕΤΕΚΑ,Επισκοπή,,Κορώνη,36.88597,21.92178
ΑΡΓΩ,Μαρμαρωτό,,"Αμπάβρης, Κως",36.88758,27.26205
EKO,Κακό Πρινάρι,,"Αμπάβρης, Κως",36.88920,27.29134
EKO,Μαρμαρωτό,,"Αμπάβρης, Κως",36.88948,27.26825
ΑΡΓΩ,Λαγκάδα,,"Αμπάβρης, Κως",36.89018,27.28055
BP,Απιδέα,,Μολάοι,36.89019,22.80128
,Κροκεές,,Σκάλα,36.89309,22.51837
EKO,Κως,,Αμπάβρης,36.89584,27.28074
Jet,Νιάτα,,Μολάοι,36.89930,22.83759
ΕΛΙΝΟΙΛ,Λακκί,,,36.90707,25.98081
EKO,Λάμπη,,"Αμπάβρης, Κως",36.90864,27.26775
EKO,Λάμπη,ΕΘΕΛΟΝΤΩΝ ΠΑΛΑΙΩΝ ΠΟΛΕΜΙΣΤΩΝ ΚΩ,"Αμπάβρης, Κως",36.91080,27.27913
CYCLON,Πύλος,,,36.91121,21.69472
,Πύλος,,,36.91308,21.69638
BP,Δάφνιο,,Σκάλα,36.92416,22.53389
KMOIL,Κάμπος,,Καλαμάτα,36.93961,22.20241
Avin,Γιάλοβα,,Πύλος,36.94313,21.71142
,Κουφονήσι,,,36.94539,25.60452
Avin,Κάμπος,,Καλαμάτα,36.94540,22.19256
Revoil,Πόθια,,,36.95181,27.00904
ΑΡΓΩ,Πόθια,,,36.95197,26.98103
Revoil,Πόθια,,,36.95530,26.97558
Argo,Πόθια,,,36.95570,26.97170
,Πόθια,,,36.95619,26.97148
EKO,Στενωσιά,,Πύλος,36.95700,21.76867
Shell,Γιάλοβα,,Πύλος,36.95821,21.70186
Aegean,Γιάλοβα,,Πύλος,36.95889,21.70163
,Χωριό,,,36.95900,26.96617
EKO,Πεταλίδι,,Μεσσήνη,36.96007,21.92602
,Χωριό,,,36.96089,26.96119
Aegean,Βρονταμάς,,Σκάλα,36.96203,22.65771
SILKOIL,Ξηροκάμπι,,Σπάρτη,36.96399,22.44729
,Χωριό,,,36.96513,26.95478
ΕΛΙΝΟΙΛ,Απολλωνία,,,36.96562,24.72404
ΕΛΙΝΟΙΛ,Σουληνάρι,,Πύλος,36.96627,21.80379
,Πάνορμος,,Χωριό,36.96837,26.94582
Revoil,Πεταλίδι,,Μεσσήνη,36.97005,21.92356
KMOIL,Σουληνάρι,,Πύλος,36.97066,21.80886
EKO,Απολλωνία,,,36.97234,24.72505
ΕΛΙΝΟΙΛ,Απολλωνία,,,36.97359,24.72085
Revoil,Πετροχώρι,,Πύλος,36.97454,21.68816
Revoil,Ελιές,,Χωριό,36.97568,26.93656
ΕΛΙΝΟΙΛ,Ελιές,,Χωριό,36.97606,26.93573
,Πλάτανος,,Πόθια,36.98098,27.00757
Aegean,Κυδωνιά,,Σπάρτη,36.98359,22.47555
KMOIL,Κορυφάσιο,,Χώρα,36.98623,21.68013
Revoil,Παλαιοπαναγιά,,Σπάρτη,36.98923,22.46818
Avin,Κάτω Βέργα,,"Ανατολικός Συνοικισμός, Καλαμάτα",36.99494,22.15607
EKO,Γεράκι,,,36.99581,22.70152
Revoil,Ίκλαινα,,Χώρα,36.99750,21.72438
Aegean,Καζάρμα,,Χώρα,37.00107,21.84891
BP,Καζάρμα,,Χώρα,37.00124,21.84896
EKO,Ριζόμυλος,,Μεσσήνη,37.00345,21.92039
ELIN,Γλυφάδα,,Χώρα,37.00371,21.75394
Aegean,Βελίκα,,Μεσσήνη,37.00462,21.93649
Aegean,Νερόμυλος,,Μεσσήνη,37.00507,21.87978
Avin,Βελίκα,,Μεσσήνη,37.00572,21.93217
Avin,Αλυκή,,Λεύκες,37.00633,25.13114
Kakouros,Αμύκλες,,Σπάρτη,37.00882,22.45136
Shell,Κάτω Βέργα,,"Ανατολικός Συνοικισμός, Καλαμάτα",37.01010,22.15490
Shell,Δρυός,,Λεύκες,37.01460,25.23753
Revoil,Σκούρα,,Σπάρτη,37.01638,22.48935
EKO,Αμύκλες,,Σπάρτη,37.01945,22.44483
Aegean,Σκούρα,,Σπάρτη,37.02001,22.48690
ΕΛΙΝΟΙΛ,Αλυκή,,Παροικιά,37.02195,25.12851
Aegean,Καλαμάτα,Ναυαρίνου,Ανατολικός Συνοικισμός,37.02499,22.11214
ΑΡΓΩ,Λογαράς,,Λεύκες,37.02540,25.24523
Avin,Πούντα,,Παροικιά,37.02592,25.12780
Shell,Ανατολικός Συνοικισμός,,Καλαμάτα,37.02603,22.13390
Aegean,Κορδίας,,Καλαμάτα,37.02632,22.09840
Avin,Καλαμάτα,Φαρών,Ανατολικός Συνοικισμός,37.02664,22.11336
Avin,Γκοριτσά,,Σπάρτη,37.02724,22.56886
BP,Καλαμάτα,Θεμιστοκλέους,Κορδίας,37.02736,22.10773
ΕΛΙΝΟΙΛ,Αμύκλες,,Σπάρτη,37.02767,22.44009
ΕΛΙΝΟΙΛ,Πούντα,,Παροικιά,37.02877,25.07595
Shell,Κορδίας,Αρτέμιδος,Καλαμάτα,37.02915,22.10241
Shell,Αμύκλες,,Σπάρτη,37.02981,22.43926
Shell,Ανατολικός Συνοικισμός,,Καλαμάτα,37.03114,22.12192
MEDOIL,Καλαμάτα,Ακρίτα,Ανατολικός Συνοικισμός,37.03133,22.11633
ΕΛΙΝΟΙΛ,Βλαχόπουλο,,Χώρα,37.03194,21.78950
Avin,Βλαχόπουλο,,Χώρα,37.03298,21.79559
EKO,Πούντα,,Παροικιά,37.03303,25.07505
MEDOIL,Καλαμάτα,Μακεδονίας,Κορδίας,37.03313,22.10700
Avin,Γιαννιτσάνικα,Λακωνικής,Καλαμάτα,37.03344,22.13045
Aegean,Καλαμάτα,Ηρώων Πολυτεχνείου,Κορδίας,37.03363,22.10326
Avin,Νέες Εργατικές Κατοικίες Αγίας Τριάδος,Ηρώων Πολυτεχνείου,"Αγία Τριάδα, Καλαμάτα",37.03498,22.09420
EKO,Διασπορά,,"Κορδίας, Καλαμάτα",37.03503,22.08997
Avin,Καλαμάτα,Φαρών,Ανατολικός Συνοικισμός,37.03522,22.11415
EKO,Διασπορά,Ηρώων Πολυτεχνείου,"Αγία Τριάδα, Καλαμάτα",37.03545,22.09020
BP,Διασπορά,,"Αγία Τριάδα, Καλαμάτα",37.03584,22.08737
Shell,Καλαμάτα,Βασιλίσσης Όλγας,Ανατολικός Συνοικισμός,37.03592,22.11489
CYCLON,Εργατικές Κατοικίες,Βασιλέως Γεωργίου,"Ανατολικός Συνοικισμός, Καλαμάτα",37.03631,22.11968
MEDOIL,Καλαμάτα,Αρτέμιδος,Αγία Τριάδα,37.03773,22.10612
KMOIL,Νέες Εργατικές Κατοικίες Αγίας Τριάδος,Αθηνών,"Αγία Τριάδα, Καλαμάτα",37.04120,22.09997
Revoil,Νέες Εργατικές Κατοικίες Αγίας Τριάδος,Αθηνών,"Αγία Τριάδα, Καλαμάτα",37.04123,22.10385
ΕΤΕΚΑ,Νέες Εργατικές Κατοικίες Αγίας Τριάδος,Αθηνών,"Αγία Τριάδα, Καλαμάτα",37.04125,22.10244
BP,Καλαμάτα,,Αγία Τριάδα,37.04146,22.11146
BP,Αγία Τριάδα,Αθηνών,Καλαμάτα,37.04191,22.09505
ΕΛΙΝΟΙΛ,Άνω Σαγκρί,,Νάξος,37.04192,25.44622
MEDOIL,Καλαμάτα,,Αγία Τριάδα,37.04197,22.11157
Avin,Αγία Τριάδα,Αθηνών,Καλαμάτα,37.04293,22.09152
BP,Παλιάμπελα,,"Αγία Τριάδα, Καλαμάτα",37.04394,22.08656
EKO,Βίβλος,,Νάξος,37.04449,25.41024
EKO,Μεσσήνη,,,37.04547,22.00482
EKO,Μεσσήνη,,,37.04661,22.00912
BP,Παναγίτσα,,"Γιαννιτσάνικα, Καλαμάτα",37.04678,22.12924
Shell,Μεσσήνη,,,37.04683,22.01142
BP,Εργατικές Κατοικίες,,"Αγία Τριάδα, Καλαμάτα",37.04736,22.11463
Shell,Βίβλος,,Νάξος,37.04774,25.41146
Aegean,Μεσσήνη,,,37.04996,22.01327
ΕΛΙΝΟΙΛ,Χώρα,,,37.05127,21.71738
Shell,Δαμαλάς,,Νάξος,37.05160,25.46100
EKO,Πρόδρομος,,Λεύκες,37.05255,25.23987
Revoil,Χώρα,,,37.05256,21.71153
KMOIL,Στρέφι,,Μεσσήνη,37.05285,21.88558
Shell,Μικρομάνη,,Μεσσήνη,37.05495,22.03937
,Μεσσήνη,,,37.05528,22.00898
BP,Καλάμι,,"Αγία Τριάδα, Καλαμάτα",37.05598,22.06775
ΕΤΕΚΑ,Καλάμι,,"Αγία Τριάδα, Καλαμάτα",37.05658,22.06692
CYCLON,Καλάμι,,"Αγία Τριάδα, Μεσσήνη",37.05662,22.05604
ΑΡΓΩ,Βίβλος,,Νάξος,37.05708,25.40203
BP,Πρόδρομος,,Λεύκες,37.05768,25.23704
Avin,Καλάμι,,"Αγία Τριάδα, Καλαμάτα",37.05795,22.06315
MEDOIL,Μεσσήνη,Καπετάν Κρόμπα,,37.05860,22.00714
EKO,Χαλκί,,Νάξος,37.05887,25.49039
ΕΛΙΝΟΙΛ,Μαραθόπολη,,Γαργαλιάνοι,37.05963,21.57925
ΕΛΙΝΟΙΛ,Καλάμι,,"Αγία Τριάδα, Καλαμάτα",37.05984,22.06540
Revoil,Καλογωνιά,,"Μαγούλα, Σπάρτη",37.06037,22.43389
BP,Καλογωνιά,Γυθείου,"Μαγούλα, Σπάρτη",37.06121,22.43368
Shell,Αντικάλαμος,,"Αγία Τριάδα, Μεσσήνη",37.06307,22.06308
Shell,Σαρακίνικο,,Παροικιά,37.06427,25.12200
Avin,Αντικάλαμος,,"Αγία Τριάδα, Μεσσήνη",37.06461,22.06238
ΑΠ,Καλογωνιά,Γυθείου,"Μαγούλα, Σπάρτη",37.06482,22.43270
Shell,Γαργαλιάνοι,,,37.06490,21.64331
ΕΛΙΝΟΙΛ,Γαργαλιάνοι,,,37.06516,21.63309
BP,Βίβλος,,Νάξος,37.06526,25.41701
ΕΤΕΚΑ,Μαυρομμάτι,,Μεσσήνη,37.06617,22.00440
Avin,Γαργαλιάνοι,,,37.06720,21.65150
EKO,Χαλκί,,Νάξος,37.06727,25.48928
ΑΡΓΩ,Αγία Αννα,,Νάξος,37.06839,25.36337
Shell,Χαρίσιο,Γυθείου,"Μαγούλα, Σπάρτη",37.06845,22.43203
ΕΛΙΝΟΙΛ,Μαυρομμάτι,,Μεσσήνη,37.06958,22.00309
ΕΛΙΝΟΙΛ,Σπερχόγεια,,"Αγία Τριάδα, Μεσσήνη",37.07037,22.05732
ΕΛΙΝΟΙΛ,Παλαιολόγιο,,"Μαγούλα, Σπάρτη",37.07040,22.39306
Revoil,Γαργαλιάνοι,,,37.07161,21.62213
Avin,Σπάρτη,Λεωφόρος Λυκούργου,Μαγούλα,37.07283,22.42127
ΑΡΓΩ,Κώστος,,Λεύκες,37.07542,25.24419
BP,Άγιος Προκόπιος,,Νάξος,37.07618,25.35185
ΕΤΕΚΑ,Πύργος,,Χώρα,37.07631,21.68840
Shell,Αφισίο,,"Μαγούλα, Σπάρτη",37.07835,22.44744
Avin,Παροικιά,,,37.07870,25.14569
ΕΛΙΝΟΙΛ,Μαγούλα,,Σπάρτη,37.07871,22.41207
Aegean,Παροικιά,,,37.07921,25.14362
SILKOIL,Μαγούλα,,Σπάρτη,37.07925,22.40563
ΕΛΙΝΟΙΛ,Θουρία,,Μεσσήνη,37.08348,22.04638
Shell,Γαλανάδο,,Νάξος,37.08362,25.40149
ελίν,Αφισίο,,"Μαγούλα, Σπάρτη",37.08400,22.44550
KMOIL,Μάνεσης,,Μεσσήνη,37.08524,21.89930
BP,Θουρία,,Μεσσήνη,37.08528,22.04512
BP,Παροικιά,,,37.08534,25.15604
SILKOIL,Σπάρτη,,Μαγούλα,37.08548,22.43092
Shell,Αφισίο,,"Μαγούλα, Σπάρτη",37.08611,22.44417
EKO,Τρίοδος,,Μεσσήνη,37.08733,21.98908
Avin,Αριστομένης,,Χώρα,37.08851,21.83728
Aegean,Τρίοδος,,Μεσσήνη,37.09038,21.98596
Aegean,Αγκίδια,,Νάξος,37.09152,25.39778
Avin,Τρίοδος,,Μεσσήνη,37.09209,21.98469
Shell,Κοκκινόρραχη,,"Μαγούλα, Σπάρτη",37.09271,22.43180
ΕΛΙΝΟΙΛ,Αγκίδια,,Νάξος,37.09343,25.39319
AVIN,Αγκίδια,,Νάξος,37.09472,25.39046
ΕΛΙΝΟΙΛ,Αίθαια,,Μεσσήνη,37.09654,22.04385
Shell,Νάξος,,,37.09658,25.38725
ΑΡΓΩ,Άγιος Θαλέλαιος,,Νάξος,37.09681,25.42154
JET,Νάξος,,,37.09986,25.38363
,Άρις,,Μεσσήνη,37.10078,22.00929
Avin,Νάξος,,,37.10078,25.38228
BP,Κοκκινόρραχη,,"Μαγούλα, Σπάρτη",37.10122,22.43382
EKO,Νάξος,,,37.10705,25.38215
,Νάουσα,,,37.10917,25.24341
Avin,Νάουσα,,,37.11048,25.24373
ΕΤΕΚΑ,Άνθεια,,Μεσσήνη,37.11062,22.04137
ΕΛΙΝΟΙΛ,Έλητας,,Νάουσα,37.11077,25.20294
Revoil,Ανδρούσα,,Μεσσήνη,37.11158,21.93817
EKO,Εγγαρές,,Νάξος,37.11522,25.42969
,Άνθεια,,Μεσσήνη,37.11825,22.03805
EKO,Νάουσα,,,37.11833,25.24419
EKO,Νάουσα,,,37.12010,25.23234
Avin,Αριοχώρι,,Μεσσήνη,37.12918,22.03232
ΑΡΓΩ,Τεμένια,,Αγία Μαρίνα,37.13036,26.86057
ΕΛΙΝΟΙΛ,Λακκί,,Αγία Μαρίνα,37.13546,26.85601
ΕΛΙΝΟΙΛ,Κορωνίδα,,Νάξος,37.13642,25.52430
BP,Βρομόλιθος,,Αγία Μαρίνα,37.13925,26.85620
Avin,Ελληνοεκκλησία,,Μελιγαλάς,37.14095,21.91371
EKO,Λιβάδι,,,37.14309,24.51154
Α.Π.,Λάμπαινα,,Μελιγαλάς,37.14766,21.97118
Shell,Βουτιάνοι,,Σπάρτη,37.14771,22.43651
ΕΛΙΝΟΙΛ,Φιλιατρά,,,37.15140,21.58345
Revoil,Φιλιατρά,,,37.15352,21.59045
EKO,Αγία Μαρίνα,,,37.15614,26.84811
SILKOIL,Φιλιατρά,Δημάρχου Ανδρέα Κεφαλά,,37.15671,21.58556
EKO,Λεωνίδιο,,,37.15929,22.87431
Shell,Φιλιατρά,,,37.15962,21.58565
EKO,Λεωνίδιο,,,37.16100,22.86724
EKO,Καμάρα,,Αγία Μαρίνα,37.16131,26.82755
ΕΛΙΝΟΙΛ,Καμάρα,,Αγία Μαρίνα,37.16195,26.82202
Avin,Λεωνίδιο,,,37.16602,22.86172
EKO,Λεωνίδιο,,,37.16654,22.86035
Avin,Εργατικές Κατοικίες,,Φιλιατρά,37.16799,21.58292
ΕΛΙΝΟΙΛ,Καστόρειο,,,37.17075,22.30349
SILKOIL,Καστόρειο,,,37.17097,22.30375
Avin,Βαλύρα,,Μελιγαλάς,37.17139,21.99093
Shell,Σκάλα,,Μελιγαλάς,37.17870,22.01212
Aegean,Σκάλα,,Μελιγαλάς,37.17907,22.01321
Shell,Παρδάλι,,,37.19651,22.34250
Avin,Παρδάλι,,,37.19808,22.34178
EKO,Τσουκαλαίικα,,Μελιγαλάς,37.21084,22.00252
Revoil,Μελιγαλάς,,,37.21557,21.98004
Avin,Μελιγαλάς,,,37.22555,21.97064
SILKOIL,Σπηλιά,,Κυπαρισσία,37.22637,21.63505
ΕΛΙΝΟΙΛ,Μαγούλα,,Μελιγαλάς,37.24114,21.96458
Shell,Μερόπη,,Μελιγαλάς,37.24150,22.01223
Shell,Παραλία Τυρού,,Λεωνίδιο,37.24351,22.85731
Avin,Παραλία Τυρού,,Λεωνίδιο,37.24677,22.85596
BP,Κυπαρισσία,Μελίου,,37.25082,21.66985
ΕΤΕΚΑ,Κυπαρισσία,,,37.25101,21.67032
KMOIL,Κυπαρισσία,,,37.25182,21.67181
Avin,Κυπαρισσία,,,37.25252,21.67487
Avin,Κυπαρισσία,,,37.25252,21.67487
Revoil,Σπέτσες,,,37.25609,23.16255
Aegean,Οιχαλία,,Μελιγαλάς,37.25654,21.99397
Revoil,Σπέτσες,,,37.25891,23.16518
KMOIL,Βασιλικό,,Μελιγαλάς,37.26608,21.89354
Aegean,Ράχες,,Κυπαρισσία,37.27124,21.69619
Shell,Ράχες,,Κυπαρισσία,37.27675,21.69837
Shell,Δώριο,,Μελιγαλάς,37.28225,21.85435
SILKOIL,Κοπανάκι,,Κυπαρισσία,37.28461,21.81526
EKO,Δώριο,,Μελιγαλάς,37.28475,21.83865
ΕΛΙΝΟΙΛ,Διαβολίτσι,,Μελιγαλάς,37.29225,21.97048
ΑΡΓΩ,Λειψοί,,,37.29356,26.76644
EKO,Διαβολίτσι,,Μελιγαλάς,37.29395,21.97032
Avin,Καλό Νερό,,Κυπαρισσία,37.29536,21.70261
Aegean,Καλό Νερό,,Κυπαρισσία,37.29948,21.70215
ΕΛΙΝΟΙΛ,Καλό Νερό,,Κυπαρισσία,37.30521,21.70260
Shell,Πορτοχέλι,,Σπέτσες,37.32198,23.15690
Revoil,Πορτοχέλι,,Κρανίδι,37.32810,23.14571
Revoil,Πορτοχέλι,,Κρανίδι,37.32893,23.14414
ΕΛΙΝΟΙΛ,Σκάλα,,,37.33023,26.54415
ΕΛΙΝΟΙΛ,Σκάλα,,,37.33342,26.54825
Aegean,Πορτοχέλι,,Κρανίδι,37.34374,23.15780
,Άγιος Ανδρέας,,Άστρος,37.34649,22.76783
Revoil,Άγιος Ανδρέας,,Άστρος,37.34658,22.76789
ΕΚΟ,Πετροθάλασσα,,Κρανίδι,37.35114,23.15754
EKO,Κορακοβούνι,,Άστρος,37.35138,22.74945
EKO,Αλεποχώρι,,,37.35572,22.41006
ΕΛΙΝΟΙΛ,Κρανίδι,,,37.36585,23.16205
ΕΛΙΝΟΙΛ,Δρυοπίδα,,,37.38076,24.43623
Aegean,Περιβόλια,,Μεγαλόπολη,37.38804,22.14640
ΕΛΙΝΟΙΛ,Μέριχας,,,37.38867,24.39917
Revoil,Κρανίδι,,,37.38929,23.15831
SILKOIL,Ερμιόνη,,,37.39104,23.23485
,Ερμιόνη,,,37.39118,23.23491
Aegean,Κρανίδι,,,37.39291,23.15705
BP,Γιαννιτσοχώρι,,Ζαχάρω,37.39389,21.68986
Avin,Ποδάρι,,Ερμιόνη,37.39514,23.22031
,Κάτω Ασέα,,Μεγαλόπολη,37.39562,22.26706
BP,Μεγαλόπολη,,,37.39698,22.14033
Avin,Ψαθί,Ευθυμίου Καρασούλου,Μεγαλόπολη,37.39764,22.12963
Aegean,Ερμιόνη,,,37.39902,23.24366
Avin,Άστρος,,,37.40028,22.71852
ΕΛΙΝΟΙΛ,Κρανίδι,,,37.40181,23.15573
EKO,Φοίνικας,,Ερμούπολη,37.40187,24.88092
BP,Μεγαλόπολη,,,37.40235,22.14079
Shell,Μεγαλόπολη,,,37.40263,22.13918
Avin,Μεγαλόπολη,Αρχαίου Θεάτρου,,37.40275,22.13371
,Μακρύσι,,Μεγαλόπολη,37.40275,22.16390
Shell,Κρανίδι,,,37.40325,23.15537
EKO,Μεγαλόπολη,,,37.40390,22.13323
BP,Άστρος,,,37.40502,22.72965
Shell,Αζόλιμνος Βάρης,Μάννα - Βάρη,Ερμούπολη,37.40688,24.95334
EKO,Άστρος,,,37.40746,22.72862
Revoil,Κοιλάδα,,Κρανίδι,37.40852,23.13628
Shell,Άστρος,,,37.40879,22.72851
CYCLON,Παράλιο Άστρος,,Άστρος,37.40909,22.74480
JetOil,Κοιλάδα,,Κρανίδι,37.40926,23.13295
EKO,Θερμησία,,Ερμιόνη,37.40939,23.32232
Revoil,Παράλιο Άστρος,,Άστρος,37.40992,22.75076
Πετρογκαζ,Άστρος,,,37.41020,22.72660
ETEKA,Κοιλάδα,,Κρανίδι,37.41101,23.15343
ΕΛΙΝΟΙΛ,Κύθνος,,,37.41356,24.42628
ΕΛΙΝΟΙΛ,Πάγος,,Ερμούπολη,37.41600,24.91083
ELIN,Πάγος,,Ερμούπολη,37.41600,24.91083
,Κάτω Δολιανά,,Άστρος,37.41705,22.68333
KMOil,Νεοχώρι,,Ζαχάρω,37.42249,21.66882
Shell,Μεσαριά,,Ερμούπολη,37.42350,24.92030
Revoil,Πάγος,,Άνω Σύρος,37.42384,24.90063
Aegean,Μεσαριά,,Ερμούπολη,37.42422,24.91271
Avin,Άγιος Κωνσταντίνος,,Ερμούπολη,37.42816,24.94001
Cyclon,Νεοχώρι,,Ζαχάρω,37.42982,21.66559
Α.Π.,Φούρνοι,,Κρανίδι,37.43130,23.17049
,Φούρνοι,,Κρανίδι,37.43163,23.16903
EKO,Γλάστρος,,Μύκονος,37.43178,25.33237
BP,Νεάπολη,,Ερμούπολη,37.43742,24.93577
Revoil,Νεοχώρι,,Ζαχάρω,37.43751,21.66167
EKO,Νεάπολη,Ακτή Στρατηγού Παπάγου,Ερμούπολη,37.43998,24.94016
ΕΛΙΝΟΙΛ,Βούγλι,,Μύκονος,37.44086,25.33483
EKO,Φασκομηλιά,,Ζαχάρω,37.44186,21.75591
Shell,Βούγλι,,Μύκονος,37.44186,25.33575
Avin,Ηλιόκαστρο,,Ερμιόνη,37.44332,23.26655
EKO,Άνω Μερά,,Μύκονος,37.44502,25.39604
Shell,Ευαγγελιστράκι,,Μύκονος,37.44589,25.33405
BP,Βόθωνας,,Μύκονος,37.44851,25.34541
ΕΛΙΝΟΙΛ,Κερασίτσα,,Τρίπολη,37.45146,22.40867
Aegean,Καμινάκια,,Μύκονος,37.45185,25.33409
EKO,Κερασίτσα,,Τρίπολη,37.45328,22.40907
RevOil,Δίδυμα,,Κρανίδι,37.45429,23.17092
ΑΡΓΩ,Μεγάλο Χωριό,,,37.45690,26.96739
Shell,Στάδιο,,Τρίπολη,37.45890,22.44069
CYCLON,Στάδιο,,Τρίπολη,37.46183,22.43552
BP,Δίδυμα,,Κρανίδι,37.47181,23.17793
SILKOIL,Άγιος Σώστης,,Τρίπολη,37.47706,22.40108
CYCLON,Τζίβας,,Τρίπολη,37.47876,22.39718
Avin,Ζαχάρω,,,37.48103,21.65003
BP,Ζαχάρω,,,37.48403,21.64702
ΕΛΙΝ,Ζαχάρω,,,37.48454,21.64648
KMOIL,Ζαχάρω,,,37.48507,21.64620
EKO,Καρύταινα,,Μεγαλόπολη,37.48588,22.05156
Shell,Ζαχάρω,,,37.48819,21.62764
,Ίρια,,Λυγουριό,37.48985,23.01039
ΑΠ,Συνοικισμός Κολοκοτρώνη,,Τρίπολη,37.49301,22.37941
Avin,Νεοχώρι,,Τρίπολη,37.49634,22.43593
AUTOGAS,Συνοικισμός Κολοκοτρώνη,,Τρίπολη,37.49711,22.38804
Avin,Γαλατάς,,,37.49770,23.44311
Shell,Γαλατάς,,,37.49870,23.40754
SILKOIL,Κάρτσοβα,,Τρίπολη,37.50030,22.36143
,Καρνεζαίικα,,Λυγουριό,37.50125,23.04987
Aegean,Τροιζήνα,,Γαλατάς,37.50172,23.39599
Avin,Τρίπολη,ΟΗΕ,,37.50207,22.37420
ΕΛΙΝΟΙΛ,Συνοικισμός Κολοκοτρώνη,,Τρίπολη,37.50548,22.39707
Avin,Συνοικισμός Κολοκοτρώνη,,Τρίπολη,37.50624,22.39610
Α.Π.,Τρίπολη,,,37.50700,22.37632
Shell,Τρίπολη,,,37.50712,22.37933
,Πόρος,,,37.50729,23.45834
Avin,Ασκέλι,,Πόρος,37.50737,23.46143
BP,Εργατικές Κατοικίες,,Τρίπολη,37.50753,22.38972
ΕΛΙΝΟΙΛ,Εργατικές Κατοικίες,,Τρίπολη,37.50759,22.38866
Α.Π.,Τρίπολη,,,37.50808,22.37521
Shell,Εργατικές Κατοικίες,Ναυπλίου,Τρίπολη,37.50808,22.38675
Avin,Εργατικές Κατοικίες,Ναυπλίου,Τρίπολη,37.50853,22.38514
EKO,Μπασιάκου,,Τρίπολη,37.50860,22.38184
BP,Εργατικές Κατοικίες,,Τρίπολη,37.50878,22.38415
EKO,Μπασιάκου,Ναυπλίου,Τρίπολη,37.50956,22.38091
ΕΤΕΚΑ,Τροιζήνα,,Γαλατάς,37.51135,23.38361
Avin,Τρίπολη,,,37.51154,22.36959
KMoil,Κάτω Αμυγδαλιές,,,37.51903,21.84893
ΕΛΙΝΟΙΛ,Κάντια,Δρέπανο - Τραχειά,Λυγουριό,37.52110,22.96475
EKO,Μεταμόρφωση,,Γαλατάς,37.52373,23.35262
ΑΠ,Σέχι,,Τρίπολη,37.52447,22.38015
BP,Σέχι,,Τρίπολη,37.52470,22.38001
Avin,Κιβέρι,,Νέα Κίος,37.52494,22.72535
JETOIL,Κιβέρι,,Νέα Κίος,37.52757,22.69494
Aegean,Ασίνη,,Ναύπλιο,37.53322,22.86645
Shilk Oil,Βοθίκι,,Λυγουριό,37.53576,23.15843
,Βοθίκι,,Λυγουριό,37.53582,23.15842
BP,Σταυρουδάκι,,Τήνος,37.53836,25.17036
ΕΛΙΝΟΙΛ,Σταυρουδάκι,,Τήνος,37.53843,25.17411
Revoil,Καλλονή,,Γαλατάς,37.53945,23.30084
Shell,Σταυρουδάκι,,Τήνος,37.53960,25.17649
SILKOIL,Δρέπανο,,Ναύπλιο,37.53968,22.90391
ΚΟΤΙΤΣΑΣ,Δρέπανο,,Ναύπλιο,37.54110,22.89224
,Ασίνη,,Ναύπλιο,37.54189,22.86738
Revoil,Δρέπανο,,Ναύπλιο,37.54252,22.89201
EKO,Μερκοβούνι,,Τρίπολη,37.54253,22.39265
ΕΛΙΝΟΙΛ,Παραγγεριά,,Τήνος,37.54266,25.15164
EKO,Δρέπανο,,Ναύπλιο,37.54338,22.89033
Revoil,Ασίνη,,Ναύπλιο,37.54368,22.86555
ΕΛΙΝΟΙΛ,Σκοπή,,Τρίπολη,37.54688,22.39560
ΕΛΙΝΟΙΛ,Ασίνη,,Ναύπλιο,37.54697,22.86340
EKO,Σταυρουδάκι,,Τήνος,37.54990,25.16770
Avin,Σκοπή,,Τρίπολη,37.55181,22.39897
Shell,Σταυρουδάκι,,Τήνος,37.55211,25.16706
Shell,Σκοπή,,Τρίπολη,37.55246,22.39939
ΕΛΙΝΟΙΛ,Καλλιθέα,,,37.55451,21.81653
Revoil,Τραχειά,,Λυγουριό,37.55633,23.15435
Revoil,Τραχειά,,Λυγουριό,37.55992,23.15345
SILKOIL,Λευκάκια,,Ναύπλιο,37.55994,22.85647
,Διάσελλα,,Κρέστενα,37.56331,21.72024
Revoil,Τραχειά,,Λυγουριό,37.56395,23.15127
Revoil,Ναύπλιο,,,37.56486,22.80591
EKO,Σκαφιδάκι,,Νέα Κίος,37.56611,22.68677
BP,Ενδεκάτη,Ασκληπιού,Ναύπλιο,37.56678,22.80858
,Κόμβος Αγίας Ελεούσας,,Ναύπλιο,37.56722,22.84973
Aegean,Κουτσούρια,Ασκληπιού,Ναύπλιο,37.56855,22.81143
Shell,Νέο Βυζάντιο,Άργους,Ναύπλιο,37.57049,22.80690
Avin,Κουτσούρια,Ασκληπιού,Ναύπλιο,37.57049,22.81524
ΕΛΙΝΟΙΛ,Ροδίου,Ασκληπιού,Ναύπλιο,37.57170,22.81931
ΕΤΕΚΑ,Πολύγωνο,,Ναύπλιο,37.57181,22.82199
Aegean,Καρυά,,Τήνος,37.57219,25.18747
EKO,Νέο Βυζάντιο,Άργους,Ναύπλιο,37.57244,22.80697
EKO,Φούρνοι,,,37.57277,26.47918
Avin,Άρια,,Ναύπλιο,37.57288,22.83062
Shell,Άρια,,Ναύπλιο,37.57288,22.83299
Aegean,Κόμβος Αγίας Ελεούσας,,Ναύπλιο,37.57435,22.84105
BP,Κούρτη,,Ναύπλιο,37.57538,22.80644
Revoil,Κούρτη,,Ναύπλιο,37.57600,22.80666
Alpha,Κόμβος Αγίας Ελεούσας,,Ναύπλιο,37.57797,22.85361
ΕΛΙΝΟΙΛ,Πυργιώτικα,,Ναύπλιο,37.57819,22.87808
EKO,Λούκα,,Τρίπολη,37.58091,22.43242
ΕΛΙΝΟΙΛ,Καλλίκωμο,,Κρέστενα,37.58139,21.60115
Aegean,Μέθανα,Μαλτέζου Χρ.,Πόρος,37.58244,23.39256
,Τρυπητή,,,37.58307,21.79693
Shell,Νέα Κίος,,,37.58460,22.74352
,Χάνι Γρύλλου,,Κρέστενα,37.58550,21.67275
EKO,Μπομπέικα,,Νέα Κίος,37.58673,22.75178
EKO,Κρέστενα,,,37.58785,21.61054
Shell,Νέα Σπίτια,,Ναύπλιο,37.58827,22.80377
Avin,Μπομπέικα,,Νέα Κίος,37.58902,22.75888
Avin,Νέα Σπίτια,,Ναύπλιο,37.58957,22.80321
SILKOIL,Ράχες,,Κρέστενα,37.59021,21.57169
Shell,Κρέστενα,,,37.59086,21.62233
EKO,Ξυλοσύρτης,,Άγιος Κήρυκος,37.59156,26.24546
ΕΛΙΝ,Κολιάκι,,Λυγουριό,37.59173,23.15793
Revoil,Νεστάνη,,Τρίπολη,37.59198,22.42363
EKO,Τίρυνθα,,Νέα Κίος,37.59237,22.78272
ΕΛΙΝΟΙΛ,Κοσοίκια,,Εύδηλος,37.59260,26.16177
,Κοσοίκια,,Εύδηλος,37.59262,26.16165
Revoil,Κεφαλάρι,,Νέα Κίος,37.59433,22.69205
SILK OIL,Δημητσάνα,,,37.59611,22.04247
ΕΛΙΝΟΙΛ,Λυγουριό,,,37.59712,23.05827
Shell,Κάψια,,Τρίπολη,37.59967,22.36794
BP,Κεφαλάρι,,Νέα Κίος,37.60064,22.70781
EKO,Άγιος Δημήτριος,,Εύδηλος,37.60687,26.08175
ΕΛΙΝΟΙΛ,Μακρίσια,,Κρέστενα,37.60727,21.60812
Avin,Λυγουριό,,,37.61035,23.04832
BP,Νέα Τίρυνθα,,Ναύπλιο,37.61057,22.81221
Revoil,Λυγουριό,,,37.61059,23.04788
ΕΛΙΝΟΙΛ,Νέο Ροεινό,,Ναύπλιο,37.61147,22.85466
ΕΛΙΝΟΙΛ,Λυγουριό,Ασκληπιού,,37.61210,23.03317
CYCLON,Κάψια,,Τρίπολη,37.61434,22.34827
ΕΛΙΝΟΙΛ,Άγιος Κήρυκος,,,37.61770,26.29489
ΕΛΙΝΟΙΛ,Δαλαμανάρα,,Άργος,37.61848,22.76350
Avin,Ξηρόβρυση,,Άργος,37.62042,22.71290
ΕΛΙΝΟΙΛ,Ξηρόβρυση,,Άργος,37.62070,22.71327
GPL,Ξηρόβρυση,,Άργος,37.62074,22.71327
BP,Δαλαμανάρα,,Άργος,37.62195,22.75489
BP,Επιτάλιο,,Πύργος,37.62245,21.49588
ΕΛΙΝΟΙΛ,Επιτάλιο,,Πύργος,37.62266,21.49645
Shell,Επιτάλιο,,Πύργος,37.62341,21.49416
ΕΛΙΝΟΙΛ,Γιαλισκάρι,,Εύδηλος,37.62361,26.09390
Avin,Αργολικό,,Νέα Κίος,37.62411,22.80080
ΕΛΙΝΟΙΛ,Θέρμα,,Άγιος Κήρυκος,37.62451,26.30008
Aegean,Ιουλίδα,,,37.62661,24.32421
ΕΛΙΝΟΙΛ,Καραβόσταμο,,Εύδηλος,37.62718,26.21518
ΕΛΙΝΟΙΛ,Υστέρνια,,Τήνος,37.62725,25.04704
Avin,Εύδηλος,,,37.62765,26.18749
Revoil,Συνοικισμός,,Άργος,37.62799,22.71980
Avin,Φρέγκαινα,,Άργος,37.62831,22.64617
ΕΛΙΝΟΙΛ,Συνοικισμός,Τριπόλεως,Άργος,37.62851,22.71996
BP,Άγιος Βασίλειος,Ναυπλίου,Άργος,37.62954,22.73639
ΕΛΙΝΟΙΛ,Παλαιά Επίδαυρος,,Λυγουριό,37.63222,23.15377
BP,Σταύλος,,Εύδηλος,37.63250,26.13151
Revoil,Παναρίτης,,Ναύπλιο,37.63318,22.81789
,Παλαιά Επίδαυρος,,Λυγουριό,37.63537,23.15349
JET,Σιμιάδες,,Τρίπολη,37.63546,22.32128
Shell,Ράδος,,,37.63622,22.08525
Avin,Ηραίο,,Άργος,37.63675,22.79524
ΕΛΙΝΟΙΛ,Αγία Τριάδα,Άργους - Αγίας Τριάδας,Άργος,37.63788,22.80132
ΕΛΙΝΟΙΛ,Αλφειούσα,,Αρχαία Ολυμπία,37.64018,21.53518
Shell,Άγιος Νικόλαος,Κορίνθου,Άργος,37.64245,22.72955
EKO,Άγιος Νικόλαος,,Άργος,37.64322,22.72950
Aegean,Κορησσία,,,37.64411,24.31939
BP,Φυστικιές,,Άργος,37.64539,22.72917
EKO,Πλατανίτης,,Άργος,37.64833,22.79830
Avin,Φυστικιές,,Άργος,37.64856,22.72974
Revoil,Βασιλάκι,,Αρχαία Ολυμπία,37.64862,21.76109
EKO,Κορησσία,,,37.64933,24.31747
ΕΛΙΝΟΙΛ,Μαμουσέϊκα,,Αρχαία Ολυμπία,37.64947,21.62608
EKO,Νεοχώρι,,,37.65090,22.46484
Avin,Παλαιά Επίδαυρος,,Λυγουριό,37.65124,23.15354
SILKOIL,Λιβαδάκι,,,37.65128,21.83266
BP,Μαμουσέϊκα,,Αρχαία Ολυμπία,37.65148,21.62604
Aegean,Φυστικιές,,Άργος,37.65197,22.72809
Aegean,Φυστικιές,,Άργος,37.65199,22.72799
Aegean,Δενδρά,,Άργος,37.65332,22.82850
ΕΤΕΚΑ,Πλατανίτης,,Άργος,37.65433,22.80440
Avin,Φυστικιές,,Άργος,37.65710,22.72690
,Φυστικιές,,Άργος,37.65734,22.72729
Avin,Φυστικιές,,Άργος,37.65858,22.72566
Aegean,Πύργος,,Αγία Μαρίνα,37.65900,21.46300
Revoil,Μπάθρα,,Άργος,37.66076,22.69843
Aegean,Πελόπιο,,Αρχαία Ολυμπία,37.66109,21.58207
AVIN,Πελόπιο,,Αρχαία Ολυμπία,37.66153,21.58901
EKO,Πύργος,Αλφειού,Αγία Μαρίνα,37.66568,21.45581
Shell,Στρέφι,,Αρχαία Ολυμπία,37.66603,21.54323
ΕΛΙΝΟΙΛ,Πύργος,,Αγία Μαρίνα,37.66649,21.45483
,Κάτω Καβούρι,,Πύργος,37.66731,21.33853
Shell,Πύργος,,Κατσικάρι,37.66884,21.44917
BP,Κολίρι,,"Αγία Μαρίνα, Πύργος",37.66995,21.47619
Shell,Κατσικάρι,,Πύργος,37.67001,21.42997
Revoil,Πύργος,,Κατσικάρι,37.67067,21.44601
Aegean,Νέο Ηραίο,,Άργος,37.67091,22.77507
Shell,Κατσικάρι,,Πύργος,37.67166,21.41614
EKO,Κατσικάρι,Ερυθρού Σταυρού,Πύργος,37.67205,21.42839
BP,Κόμβος Μαλαχιά,,Άργος,37.67531,22.71482
,Κόμβος Μαλαχιά,,Άργος,37.67541,22.71558
ΕΛΙΝΟΙΛ,Πύργος,Πατρών,Κατσικάρι,37.67597,21.43234
Avin,Πύργος,Πατρών,Κατσικάρι,37.67599,21.43181
ΕΛΙΝΟΙΛ,Γρανιτσαίικα,,"Τραγανό, Πύργος",37.67616,21.36626
,Αραχναίο,,Λυγουριό,37.67769,22.95894
Revoil,Γρανιτσαίικα,,"Τραγανό, Πύργος",37.67793,21.37276
EKO,Λεβίδι,,,37.67813,22.29568
Aegean,Άγιος Ιωάννης,,"Τραγανό, Πύργος",37.67839,21.38762
SILKOIL,Πύργος,Αγίου Γεωργίου,Κατσικάρι,37.67840,21.44040
,Λαμπετι,,"Κατσικάρι, Πύργος",37.67893,21.45431
BP,Πύργος,Αγίου Γεωργίου,Κατσικάρι,37.67912,21.44036
ΕΛΙΝΟΙΛ,Άγιος Ιωάννης,,"Τραγανό, Πύργος",37.67927,21.38210
EKO,Πύργος,,Κατσικάρι,37.67996,21.43896
Shell,Κουτσοπόδι,,Άργος,37.68008,22.69368
BP,Συντριάδα,,"Τραγανό, Πύργος",37.68068,21.41964
EKO,Λασταίικα,,,37.68081,22.19197
,Κουτσοπόδι,,Άργος,37.68379,22.71943
Avin,Κουτσοπόδι,,Άργος,37.68387,22.71939
ΑΠ,Δήμαινα,,Λυγουριό,37.68446,23.09082
SILKOIL,Τραγανό,,Πύργος,37.68529,21.41394
Avin,Σταθαίικα,,Άργος,37.68664,22.66151
Avin,Σταθαίικα,,Άργος,37.68667,22.66153
ΕΛΙΝΟΙΛ,Νυμφασία,,,37.68944,22.19470
ELIN,Πυθαγόρειο,,Μυτιληνιοί,37.69082,26.95723
ΕΛΙΝΟΙΛ,Πέρδικα,,Αίγινα,37.69135,23.45799
,Άγιος Γεώργιος,,"Τραγανό, Πύργος",37.69185,21.43593
EKO,Χώρα,,Μυτιληνιοί,37.69203,26.89847
ΕΛΙΝΟΙΛ,Δήμαινα,,Λυγουριό,37.69289,23.07460
SILKOIL,Νέα Πόλη,,Μυτιληνιοί,37.69671,26.91681
EKO,Νεάπολη,,Λαύριο,37.69678,24.05830
Shell,Άγιος Γεώργιος,,"Τραγανό, Πύργος",37.69689,21.43460
EKO,Νέα Επίδαυρος,,Λυγουριό,37.69728,23.13255
Aegean,Πυθαγόρειο,,Μυτιληνιοί,37.69733,26.96082
SHELL,Χώρα,,Μυτιληνιοί,37.69978,26.91127
Revoil,Λατζόι,,Αρχαία Ολυμπία,37.70064,21.54408
EKO,Κουμαραδαίοι,,Μυτιληνιοί,37.70397,26.82535
ΕΛΙΝΟΙΛ,Σταυροδρόμι,,,37.70430,21.95328
Avin,Σταυροδρόμι,,,37.70440,21.94982
Shell,Νεάπολη,,Λαύριο,37.70520,24.05389
EKO,Πυθαγόρειο,,Βαθύ,37.70641,26.96541
BP,Νεάπολη,,Λαύριο,37.70654,24.05283
Revoil,Λάνθι,,Πύργος,37.70781,21.52305
Revoil,Λίμνες,,,37.70827,22.87775
ΕΛΙΝΟΙΛ,Μετóχι,,Αίγινα,37.70936,23.35530
BP,Όρμος Μαραθόκαμπου,,Νέο Καρλόβασι,37.71204,26.69545
Avin,Πυθαγόρειο,,Βαθύ,37.71225,26.96545
Shell,Χανάκια,,"Τραγανό, Πύργος",37.71363,21.38039
,Μυρτιά,,Αμαλιάδα,37.71492,21.34629
Shell,Λαύριο,,,37.71605,24.05465
BP,Βλαχέρνα,,,37.71621,22.27962
EKO,Λιθακιά,,Ζάκυνθος,37.71984,20.83477
BP,Φίχτι,,Άργος,37.72010,22.72463
ΕΤΕΚΑ,Άγιος Νικόλαος,Αθήνών - Σουνίου,Παλαιά Φώκαια,37.72023,23.91756
EKO,Μαραθόκαμπος,,Νέο Καρλόβασι,37.72206,26.69554
Avin,Βλαχέρνα,,,37.72305,22.25150
ΑΡΓΩ,Μυτιληνιοί,,,37.72316,26.91157
Revoil,Παλαιά Φώκαια,,,37.72470,23.94372
EKO,Άγιος Κωνσταντίνος,,Λαύριο,37.72519,24.01425
ΕΛΙΝΟΙΛ,Αμπελώνας,,Πύργος,37.72547,21.45736
Elin,Βλαχέρνα,,,37.72666,22.23505
ΕΛΙΝΟΙΛ,Μαγούλα,,Πύργος,37.73126,21.53544
Α.Π.,Αμπελώνας,,Πύργος,37.73166,21.46558
BP,Λαγανάς,,Ζάκυνθος,37.73308,20.86263
BP,Ανάβυσσος,Κωνσταντίνου Καραμανλή,,37.73530,23.95031
EKO,Άνω Βασιλικός,,Ζάκυνθος,37.73555,20.96433
BP,Βαθύ,,,37.73621,26.98052
EKO,Ανάβυσσος,Κωνσταντίνου Καραμανλή,,37.73726,23.95180
Shell,Δροσιά,Σάμος - Πυθαγόρειο,Βαθύ,37.73742,26.98503
Revoil,Αγία Μαρίνα,,Αίγινα,37.73823,23.51742
ΕΛΙΝΟΙΛ,Μουζάκι,,Ζάκυνθος,37.74521,20.82114
,Βυτιναίικα,,Πύργος,37.74522,21.47376
Revoil,Αίγινα,,,37.74580,23.44334
Avin,Αμπελόκηποι,,Ζάκυνθος,37.74657,20.85337
SILKOIL,Άγιοι Θεόδωροι,,Νέο Καρλόβασι,37.74809,26.72734
Shell,Θορικό,,Λαύριο,37.74864,24.05105
BP,Σάμος,,,37.74879,26.96335
JetOil,Καλαμάκι,,Ζάκυνθος,37.74984,20.89547
SILKOIL,Βαθύ,,,37.74998,26.97636
EKO,Βαθύ,,,37.75065,26.97656
Shell,Σαρωνίδα,,,37.75076,23.90382
BP,Αίγινα,,,37.75137,23.43606
Α.Π.,Αίγινα,,,37.75161,23.43345
ΕΛΙΝΟΙΛ,Αμπελόκηποι,,Ζάκυνθος,37.75262,20.86660
,Μελεμενέικα,,Βαθύ,37.75331,26.97871
ΕΛΙΝΟΙΛ,Σάμος,,,37.75342,26.95354
EKO,Κυψέλη,,Αίγινα,37.75445,23.44737
Shell,Μεσαγρός,,Αίγινα,37.75535,23.52201
Shell,Αμπελόκηποι,,Ζάκυνθος,37.75579,20.87057
BP,Κυψέλη,,Αίγινα,37.75592,23.45202
,Καρδαμάς,,Αμαλιάδα,37.75597,21.33222
EKO,Αμπελόκηποι,,Ζάκυνθος,37.75714,20.87140
ΕΛΙΝΟΙΛ,Αμπελόκηποι,,Ζάκυνθος,37.76355,20.87889
SILKOIL,Αργάσι,,Ζάκυνθος,37.76597,20.92003
BP,Κυψέλη,,Αίγινα,37.76640,23.44801
ΕΛΙΝΟΙΛ,Καρδαμάς,,Αμαλιάδα,37.76675,21.33783
SILKOIL,Κοκκάρι,,Σάμος,37.76784,26.92718
EKO,Όρμος Κορθίου,,,37.76800,24.95085
ΑΠ,Αμπελόκηποι,,Ζάκυνθος,37.76824,20.88355
EKO,Ζάκυνθος,,,37.76832,20.89370
Revoil,Άγιος Λέων,,,37.76851,20.72106
ΕΛΙΝΟΙΛ,Αργάσι,,Ζάκυνθος,37.76896,20.91449
ΑΠ,Ζάκυνθος,,,37.76914,20.90128
ΕΛΙΝΟΙΛ,Άγιος Κήρυκος,,Ζάκυνθος,37.76985,20.84366
Α.Π.,Ζάκυνθος,,,37.77093,20.90279
Revoil,Μεσαγρός,,Αίγινα,37.77100,23.51099
Aegean,Θορικό,,Λαύριο,37.77174,24.05414
ΕΛΙΝΟΙΛ,Κανδήλα,,,37.77244,22.37988
JetOil,Κοκκάρι,,Μυτιληνιοί,37.77298,26.89841
Shell,Καρδαμάς,,Αμαλιάδα,37.77387,21.34356
Avin,Ζάκυνθος,,,37.77398,20.89240
Shell,Ζάκυνθος,,,37.77764,20.89018
EKO,Γαϊτάνι,,Ζάκυνθος,37.78059,20.88168
,Γαϊτάνι,,Ζάκυνθος,37.78060,20.88167
Shell,Άγιος Κήρυκος,,Ζάκυνθος,37.78074,20.84156
Aegean,Βανάτο,,Ζάκυνθος,37.78104,20.85160
ΕΛΙΝΟΙΛ,Μουζάκι,,,37.78128,21.56079
Shell,Μαραθιά,,Αμαλιάδα,37.78234,21.32226
Avin,Γαϊτάνι,,Ζάκυνθος,37.78244,20.86917
ΕΛΙΝΟΙΛ,Ζάκυνθος,,,37.78351,20.89806
ΕΛΙΝΟΙΛ,Γαϊτάνι,,Ζάκυνθος,37.78354,20.86252
EKO,Νέο Καρλόβασι,,,37.78367,26.70566
Shell,Λαγονήσι,,Σαρωνίδα,37.78457,23.92230
Avin,Νέο Καρλόβασι,,,37.78574,26.70434
Avin,,,Κερατέα,37.78641,24.05753
BP,Άγιος Κήρυκος,,Ζάκυνθος,37.78675,20.82967
Aegean,Αμαλιάδα,,,37.78779,21.33151
EKO,Κλένια,,,37.78803,22.86406
BP,Αμαλιάδα,,,37.78817,21.33260
ΕΛΙΝΟΙΛ,Νεμέα,,,37.78916,22.66792
EKO,Αμαλιάδα,,,37.79013,21.34871
Avin,Σοφικό,,,37.79152,23.07537
SILKOIL,Νέο Καρλόβασι,Lykourgou Logotheti,,37.79224,26.70109
Revoil,Κούμανης,,,37.79261,21.77787
ΕΛΙΝΟΙΛ,Αμαλιάδα,,,37.79348,21.34185
Revoil,Αμαλιάδα,,,37.79586,21.36859
Revoil,Άγιος Δημήτριος,,Ζάκυνθος,37.79616,20.80784
SILKOIL,Γεράκι,,Αμαλιάδα,37.79636,21.40016
BP,Νέο Καρλόβασι,,,37.79685,26.70399
Shell,Νέο Καρλόβασι,,,37.79694,26.70452
ΑΠ,Μαραθιά,,Αμαλιάδα,37.79860,21.30808
EKO,Καρλόβασι,,,37.79883,26.70130
Avin,Αμαλιάδα,,,37.79980,21.34862
BP,Νέο Καρλόβασι,,,37.80016,26.71724
Avin,Αμαλιάδα,,,37.80051,21.34872
BP,Αμαλιάδα,,,37.80160,21.34814
ΕΛΙΝΟΙΛ,Αμαλιάδα,,,37.80203,21.34561
EKO,Κερατέα,,,37.80206,23.99297
Aegean,Σοφικό,,Άγιοι Θεόδωροι,37.80274,23.07928
EKO,Νέο Καρλόβασι,,,37.80294,26.72179
Avin,Άγιος Βασίλειος,,Νεμέα,37.80342,22.79355
SILKOIL,Άγιος Κωνσταντίνος,,Μυτιληνιοί,37.80352,26.83989
BP,Άγιος Βασίλειος,,Νεμέα,37.80381,22.79439
BP,Άγιος Βασίλειος,,Νεμέα,37.80398,22.79426
ΕΛΙΝΟΙΛ,Κερατέα,Αθηνών - Σουνίου,,37.80426,23.98696
EKO,Αμαλιάδα,,,37.80494,21.34136
ΕΛΙΝΟΙΛ,Άγιος Δημήτριος,,Ζάκυνθος,37.80511,20.79256
Shell,Κερατέα,Αθηνών - Σουνίου,,37.80617,23.98345
Revoil,Τσιλιβί,,Ζάκυνθος,37.80769,20.87794
BP,Ροβιάτα,,Αμαλιάδα,37.80914,21.30180
Elin,Νεμέα,,,37.81029,22.67664
Shell,Κερατέα,,,37.81059,23.97279
Aegean,Κερατέα,Αθηνών - Σουνίου,,37.81092,23.97136
Shell,Αμαλιάδα,,,37.81154,21.33103
Revoil,Νεμέα,,,37.81172,22.66850
Aegean,Χιλιομόδι,,Λέχαιο,37.81185,22.86967
EKO,Χιλιομόδι,,Λέχαιο,37.81276,22.87051
BP,Κερατέα,Μαρκόπουλο - Λαύριο,,37.81321,23.97945
Shell,Μέσο Γερακάρι,,Ζάκυνθος,37.81385,20.80714
ΕΛΙΝΟΙΛ,Αρχαίες Κλεωνές,,Νεμέα,37.81485,22.76275
Revoil,Πηγαδάκια,,Ζάκυνθος,37.81508,20.78155
BP,Καβούρι,Αφροδίτης,"Βουλιαγμένη, Αγία Μαρίνα",37.81596,23.77863
BP,Άγιος Ιωάννης,,Αμαλιάδα,37.81621,21.35560
ΕΛΙΝΟΙΛ,Πηγαδάκια,,Ζάκυνθος,37.81713,20.77852
JetOil,Πλάνος,,Ζάκυνθος,37.81940,20.85837
BP,Βάρκιζα,Ποσειδώνος,Αγία Μαρίνα,37.82005,23.80317
Revoil,Νεμέα,,,37.82014,22.65223
Shell,Πηγαδάκια,,Ζάκυνθος,37.82028,20.77450
Revoil,Νέος Κουβαράς,,Κερατέα,37.82034,23.96002
Avin,Πανόπουλος,,,37.82046,21.69088
EKO,Νεμέα,Ευστάθιου Παπακωνσταντίνου,,37.82138,22.66104
Avin,Νεμέα,,,37.82154,22.65580
KMOIL,Σαβάλια,,Γαστούνη,37.82165,21.29358
BP,Αγία Μαρίνα,Κορωπίου - Αγίας Μαρίνας,Βάρκιζα,37.82195,23.84756
Shell,Καβούρι,Αθήνας,"Βουλιαγμένη, Αγία Μαρίνα",37.82238,23.77557
,Αρχαίες Κλεωνές,,Νεμέα,37.82319,22.74959
BP,Νέος Κουβαράς,,Κερατέα,37.82332,23.95752
ΕΛΙΝΟΙΛ,Πανόπουλος,,,37.82347,21.68250
Shell,Άγιος Ιωάννης,,Αμαλιάδα,37.82493,21.34137
ΕΛΙΝΟΙΛ,Αγία Μαρίνα,Κορωπίου - Αγίας Μαρίνας,Βάρκιζα,37.82505,23.85390
,Καταστάρι,,Ζάκυνθος,37.82677,20.76413
CYCLON,Αλυκανάς,,Ζάκυνθος,37.82912,20.78805
Revoil,Κυψέλη,,Ζάκυνθος,37.82979,20.82716
ΕΛΙΝΟΙΛ,Λιβάδια,,,37.83104,24.92321
BP,Σκοτάνη,,,37.83106,22.07261
Avin,Καταστάρι,,Ζάκυνθος,37.83199,20.76070
Aegean,Apollo Hills,Κωνσταντίνου Καραμανλή,"Βούλα, Αγία Μαρίνα",37.83214,23.77310
Aegean,Apollo Hills,Κωνσταντίνου Καραμανλή,"Βούλα, Αγία Μαρίνα",37.83221,23.77251
Revoil,Άνδρος,,,37.83271,24.92733
BP,Apollo Hills,Ευελπίδων,"Βάρη, Αγία Μαρίνα",37.83285,23.78175
Aegean,Apollo Hills,Λεωφόρος Ευελπίδων,"Βούλα, Αγία Μαρίνα",37.83351,23.77430
BP,Βάρη,Αναγυρούντος,Αγία Μαρίνα,37.83399,23.79968
Avin,Βάρη,Ευελπίδων,Αγία Μαρίνα,37.83460,23.80529
ΕΛΙΝΟΙΛ,Apollo Hills,Κωνσταντίνου Καραμανλή,"Βούλα, Αγία Μαρίνα",37.83482,23.77183
Aegean,Βάρη,Ευελπίδων,Αγία Μαρίνα,37.83499,23.79391
EKO,Βάρη,Ευελπίδων,Αγία Μαρίνα,37.83518,23.80560
EKO,Βάρη,Ευελπίδων,Αγία Μαρίνα,37.83522,23.78999
Shell,Νεμέα,,,37.83539,22.65199
Revoil,Apollo Hills,Καλύμνου,"Βάρη, Αγία Μαρίνα",37.83602,23.78232
,Καλύβια Θορικού,,,37.83613,23.92030
Revoil,Παλαιοχώρι,,Γαστούνη,37.83620,21.27728
BP,Παλαιοχώρι,,Γαστούνη,37.83651,21.27541
Revoil,Βούλα,Κωνσταντίνου Καραμανλή,Αγία Μαρίνα,37.83855,23.76329
Shell,Άνδρος,,,37.83933,24.93573
Revoil,Καλύβια Θορικού,28ης Οκτωβρίου,,37.83938,23.92732
Revoil,Γαστούνη,,,37.84138,21.26691
BP,Καλύβια Θορικού,Αθηνών,,37.84260,23.92939
,Καλύβια Θορικού,,,37.84430,23.92876
BP,Βάρη,,Αγία Μαρίνα,37.84444,23.82104
Shell,Οινόη,,,37.84491,21.53206
Shell,Καλύβια Θορικού,,,37.84585,23.92912
Aegean,Κάτω Αλμυρή,,Κόρινθος,37.84667,23.00120
Avin,Καλύβια Θορικού,,,37.84668,23.93661
BP,Μαψός,,Κόρινθος,37.84684,22.89808
SILKOIL,Χαβάρι,,Αμαλιάδα,37.84704,21.38290
,Ορθονιές,,,37.84825,20.67718
Revoil,Σπαθοβούνι,,Άσσος,37.84845,22.80292
Shell,Καλύβια Θορικού,,,37.85162,23.93396
Aegean,Βούλα,,Αγία Μαρίνα,37.85204,23.75286
BP,Εφύρα,,Αμαλιάδα,37.85243,21.49824
Revoil,Σολομός,,Κόρινθος,37.85380,22.89444
EKO,Μπατσί,Gaurio to Andros,,37.85428,24.78967
Avin,Κάτω Αλμυρή,,Κόρινθος,37.85467,22.99873
EKO,Γλυφάδα,Ποσειδώνος,Αγία Μαρίνα,37.85575,23.75222
Α.Π,Κρήνη,,,37.85634,21.93739
Shell,Γαστούνη,,,37.85650,21.25972
Aegean,Κεραμιδιά,,Αμαλιάδα,37.85668,21.45655
BP,Γαστούνη,,,37.85694,21.25773
BP,Γλυφάδα,Ξάνθου,Αγία Μαρίνα,37.85731,23.75229
EKO,Κίτσι,,"Βάρη, Αγία Μαρίνα",37.85787,23.83977
EKO,Αιξωνή,Βουλιαγμένης,"Γλυφάδα, Αγία Μαρίνα",37.85819,23.76502
,Δάφνη,,Αμαλιάδα,37.85922,21.42480
Aegean,Αιξωνή,Βουλιαγμένης,"Γλυφάδα, Αγία Μαρίνα",37.86150,23.76249
Avin,Γλυφάδα,,Αγία Μαρίνα,37.86184,23.74793
EKO,Μαψός,,Λέχαιο,37.86243,22.83942
Shell,Μαψός,,Λέχαιο,37.86267,22.84201
,Βαρθολομιό,,,37.86303,21.21866
Revoil,Βαρθολομιό,,,37.86338,21.21103
Shell,Βαρθολομιό,,,37.86403,21.21027
,Βρανάς,,Βαρθολομιό,37.86433,21.19459
Revoil,Λυγιά,,Βαρθολομιό,37.86498,21.16033
EKO,Γλυφάδα,Σάκη Καράγιωργα,Αγία Μαρίνα,37.86540,23.74477
Shell,Λουτρά Ωραίας Ελένης,,Κόρινθος,37.86619,22.99731
CYCLON,Κρήνη,,,37.86681,21.90232
BP,Πανιωνία,Ποσειδώνος,"Γλυφάδα, Αγία Μαρίνα",37.86913,23.73951
ΕΤΕΚΑ,Σώστι,,Ανδραβίδα,37.86941,21.34559
EKO,Πανιωνία,Ποσειδώνος,"Γλυφάδα, Αγία Μαρίνα",37.87011,23.73846
SILKOIL,Πυρνάρι,Δημητρίου Γούναρη,"Γλυφάδα, Αγία Μαρίνα",37.87094,23.76500
Avin,Πυρνάρι,Δημητρίου Γούναρη,"Γλυφάδα, Αγία Μαρίνα",37.87122,23.76450
EKO,Πανιωνία,Βουλιαγμένης,"Γλυφάδα, Αγία Μαρίνα",37.87415,23.75751
EKO,Λουτρά Ωραίας Ελένης,,Κόρινθος,37.87433,22.99282
Shell,Πανιωνία,Ζέππου,"Γλυφάδα, Αγία Μαρίνα",37.87445,23.75494
Shell,Κάτω Ελληνικό,Ποσειδώνος,"Ελληνικό, Πειραιάς",37.87525,23.73346
BP,Άνω Γλυφάδα,Δημητρίου Γούναρη,"Γλυφάδα, Αγία Μαρίνα",37.87608,23.76407
Avin,Πανιωνία,Αχιλλέως,"Γλυφάδα, Αγία Μαρίνα",37.87630,23.75648
Shell,Κορωπί,Λεωφόρος Ευελπίδων,,37.87726,23.86734
Del,Άνω Γλυφάδα,Δημητρίου Γούναρη,"Γλυφάδα, Αγία Μαρίνα",37.87861,23.76374
EKO,Καβάσιλας,,Ανδραβίδα,37.87862,21.27038
Revoil,Μάχος,,Βαρθολομιό,37.87995,21.20603
Shell,Άνω Γλυφάδα,Δημητρίου Γούναρη,"Γλυφάδα, Κορωπί",37.88179,23.76309
Avin,Σολομός,,Κόρινθος,37.88226,22.89123
BP,Γαύριο,,,37.88234,24.73989
Shell,Άνω Γλυφάδα,Ανδρέα Παπανδρέου,"Ελληνικό, Κορωπί",37.88295,23.75915
BP,Ευρυάλη,Σοφίας Βέμπω,"Ελληνικό, Αθήνα",37.88301,23.75453
EKO,Ευρυάλη,Σοφίας Βέμπω,"Ελληνικό, Αθήνα",37.88303,23.75394
ΕΛΙΝΟΙΛ,Γαύριο,,,37.88316,24.73609
Shell,Κορωπί,,,37.88323,23.87606
ΕΛΙΝΟΙΛ,Ξυλοκέριζα,,Κόρινθος,37.88386,22.94134
Avin,Μαρκόπουλο,Ιωάννη Πρίφτη,,37.88468,23.92779
Aegean,Μαρκόπουλο,Ερμού,,37.88473,23.92979
Shell,Μαρκόπουλο,Κορωπίου - Μαρκόπουλου,,37.88512,23.92339
Revoil,Μαρκόπουλο,Πόρτο Ράφτη,,37.88580,23.93823
ΕΤΕΚΑ,Άνω Γλυφάδα,Ανδρέα Παπανδρέου,"Ελληνικό, Κορωπί",37.88592,23.76000
BP,Ευρυάλη,Βουλιαγμένης,"Ελληνικό, Αθήνα",37.88652,23.75031
Shell,Λιμένας Μαρκόπουλου,,,37.88726,24.00335
ΑΠ,Καλιανοί,,,37.88743,22.49714
Avin,Μαρκόπουλο,Πόρτο Ράφτη,,37.88786,23.94365
Avin,Σούρμενα,Ανδρέα Παπανδρέου,"Ελληνικό, Αθήνα",37.88820,23.76066
Avin,Σκιαδάς,,,37.88894,21.67225
Α.Π,Καλιανοί,,,37.88936,22.49796
ΕΤΕΚΑ,Σούρμενα,Δημητρίου Γούναρη,"Ελληνικό, Αθήνα",37.89047,23.76118
ΑΠ,Κάστρο,,Βαρθολομιό,37.89065,21.13514
BP,Λιμένας Μαρκόπουλου,Πόρτο Ράφτη,,37.89161,23.99477
Revoil,Σούρμενα,Ιασωνίδου,"Αργυρούπολη, Αθήνα",37.89234,23.76037
Avin,Κορωπί,Λεωφόρος Ευελπίδων,,37.89242,23.88139
Avin,Σταφιδόκαμπος,,Ανδραβίδα,37.89273,21.27545
,Σούρμενα,,"Αργυρούπολη, Αθήνα",37.89327,23.76199
Aegean,Ελληνικό,Παράδρομος Λεωφόρου Βουλιαγμένης,Αθήνα,37.89419,23.74750
Πετρογκαζ,Ελληνικό,Βουλιαγμένης,Αθήνα,37.89426,23.74768
BP,Κορωπί,Βασιλέως Κωνσταντίνου,,37.89428,23.87983
Avin,Σούρμενα,Γιώργου Γεννηματά,"Αργυρούπολη, Αθήνα",37.89453,23.76226
ΕΤΕΚΑ,Εξαμίλια,,Κόρινθος,37.89484,22.92841
BP,Σούρμενα,Δημητρίου Γούναρη,"Αργυρούπολη, Αθήνα",37.89530,23.76136
Revoil,Ελληνικό,Εθνάρχου Μακαρίου,Αθήνα,37.89601,23.74724
Avin,Μαρκόπουλο,,Ανδραβίδα,37.89668,21.32067
BP,Ελληνικό,Βουλιαγμένης,Αθήνα,37.89702,23.74722
BP,Κλειτορία,,,37.89799,22.11570
Autogas,Αρχαία Κόρινθος,,Κόρινθος,37.89888,22.89584
SILKOIL,Τραγανό,,Ανδραβίδα,37.89941,21.31477
EKO,Αργυρούπολη,Κύπρου,Αθήνα,37.90027,23.75633
EKO,Αγία Παρασκευή,Βουλιαγμένης,"Αργυρούπολη, Αθήνα",37.90068,23.74670
EKO,Αργυρούπολη,Κύπρου,Αθήνα,37.90141,23.75614
Aegean,Κεφαλλήνων,Ποσειδώνος,"Άλιμος, Πειραιάς",37.90245,23.72007
KMOIL,Εξαμίλια,,Κόρινθος,37.90351,22.93255
Aegean,Ανδραβίδα,,,37.90366,21.27236
BP,Σταφιδόκαμπος,,Ανδραβίδα,37.90426,21.28651
BP,Αγία Παρασκευή,,"Αργυρούπολη, Αθήνα",37.90558,23.73792
ΕΛΙΝΟΙΛ,Βαρβάρα,,,37.90593,20.70594
ΑΠ,Κεφαλλήνων,Αλίμου,"Άλιμος, Αθήνα",37.90670,23.72251
ΕΛΙΝΟΙΛ,Κορωπί,Βασιλέως Κωνσταντίνου,,37.90679,23.87295
Aegean,Αργυρούπολη,Κύπρου,Αθήνα,37.90713,23.75297
Shell,Κεφαλλήνων,Αλίμου,"Άλιμος, Αθήνα",37.90729,23.72456
Avin,Κυθηρίων,Αλίμου,"Αργυρούπολη, Αθήνα",37.90759,23.73586
ΑΠ,Αργυρούπολη,Αργυρουπόλεως38,Αθήνα,37.90838,23.75439
Revoil,Αργυρούπολη,Μαρίνου Γερουλάνου,Αθήνα,37.90890,23.74736
EKO,Εξαμίλια,,Κόρινθος,37.90928,22.91322
ΑΠ,Νέα Αλεξάνδρεια,Αλίμου,"Αργυρούπολη, Αθήνα",37.90934,23.73960
Hellenic Fuel,Κάβος,,Λουτράκι,37.90942,23.00794
Aegean,Αργυρούπολη,Κύπρου,Αθήνα,37.90956,23.75166
Revoil,Νέα Αλεξάνδρεια,Αλίμου,"Αργυρούπολη, Αθήνα",37.90957,23.73923
ΑΠ,Ανδραβίδα,,,37.90960,21.26998
Α.Π,Στιμάγκα,,Βέλο,37.90992,22.69961
Avin,Μοσιά,,,37.91059,22.33095
EKO,Νέα Αλεξάνδρεια,Αλίμου,"Αργυρούπολη, Αθήνα",37.91099,23.74266
EKO,Νέα Αλεξάνδρεια,Αλίμου,"Αργυρούπολη, Αθήνα",37.91104,23.74263
EKO,Πατητήρι,Αργυρουπόλεως,"Αργυρούπολη, Αθήνα",37.91189,23.75432
BP,Κορωπί,Βασιλέως Κωνσταντίνου,,37.91210,23.87380
ΕΤΕΚΑ,Αργυρούπολη,Κύπρου,Αθήνα,37.91215,23.74940
ΑΠ,Νεοχώρι Μυρτουντίων,,Ανδραβίδα,37.91218,21.21150
BP,Πατητήρι,Αργυρουπόλεως,"Αργυρούπολη, Αθήνα",37.91312,23.75438
ΕΤΕΚΑ,Πατητήρι,,"Αργυρούπολη, Αθήνα",37.91322,23.75484
Aegean,Καλαμάκι,Ρήγα Φεραίου,"Άλιμος, Πειραιάς",37.91332,23.70919
Shell,Νέα Αλεξάνδρεια,Κύπρου,"Αργυρούπολη, Αθήνα",37.91349,23.74796
ΑΠ,Στρούσι,,Ανδραβίδα,37.91396,21.24390
Shell,Καλαμάκι,Ποσειδώνος,"Άλιμος, Πειραιάς",37.91404,23.70881
Shell,Στρούσι,,Ανδραβίδα,37.91433,21.25230
,Άλιμος,,Πειραιάς,37.91506,23.71589
Shell,Πατητήρι,Αργυρουπόλεως,"Αργυρούπολη, Αθήνα",37.91520,23.75460
EKO,Πατητήρι,Αργυρουπόλεως,"Αργυρούπολη, Αθήνα",37.91539,23.75510
BP,Άλιμος,Καλαμακίου,Αθήνα,37.91550,23.71748
EKO,Άλιμος,Καλαμακίου,Αθήνα,37.91617,23.71774
,Στρούσι,,Ανδραβίδα,37.91639,21.23428
Α.Π.,Ανδραβίδα,,,37.91669,21.26299
BP,Τράχωνες,Γεωργίου Παπανδρέου,"Αργυρούπολη, Αθήνα",37.91701,23.75018
Shell,Άνω Καλαμάκι,Ιωνίας,"Αργυρούπολη, Αθήνα",37.91702,23.73406
Shell,Πικροδάφνη,,"Άλιμος, Πειραιάς",37.91726,23.70181
Shell,Πικροδάφνη,,"Άλιμος, Πειραιάς",37.91733,23.70176
ΕΤΕΚΑ,Ανδραβίδα,,,37.91737,21.26795
Shell,Μυρσίνη,,Λεχαινά,37.91785,21.23104
BP,Άνω Καλαμάκι,Θεομήτορος & Ζήνωνος,"Άλιμος, Αθήνα",37.91787,23.73348
Avin,Σουσάκι,,Άγιοι Θεόδωροι,37.91910,23.06573
Shell,Τράχωνες,,"Αργυρούπολη, Αθήνα",37.91939,23.75046
EKO,Τράχωνες,Παράδρομος Λεωφόρου Βουλιαγμένης,"Αργυρούπολη, Αθήνα",37.91962,23.74399
Avin,Πικροδάφνη,Κορυζή,"Άλιμος, Πειραιάς",37.91964,23.70680
Avin,Νεοχώρι Μυρτουντίων,,Βαρθολομιό,37.91974,21.18385
CYCLON,Κόρινθος,,,37.92034,22.91933
Aegean,Αγία Βαρβάρα,Θεομήτορος,"Άλιμος, Αθήνα",37.92048,23.72168
Avin,Καραβοστάσι,,Λέχαιο,37.92208,22.88335
Shell,Αγία Βαρβάρα,Αγίας Βαρβάρας,"Άλιμος, Αθήνα",37.92209,23.71478
EKO,Αιάντειο,,,37.92213,23.47072
EKO,Αγία Βαρβάρα,Αγίας Βαρβάρας,"Άλιμος, Αθήνα",37.92216,23.71621
Shell,Πανόραμα - Αστυνομικά,Ηρώων Πολυτεχνείου,"Ηλιούπολη, Αθήνα",37.92223,23.75560
Revoil,Κοψαχείλα,Αγίου Δημητρίου,"Άλιμος, Αθήνα",37.92233,23.72244
Aegean,Αγία Βαρβάρα,Αγίας Βαρβάρας,"Άλιμος, Αθήνα",37.92287,23.71865
EKO,Κόρινθος,,,37.92328,22.93454
ΑΠ,Άγιος Χαράλαμπος,,Λουτράκι,37.92387,23.04576
ΕΛΙΝΟΙΛ,Τράχωνες,Δωδεκανήσου,"Ηλιούπολη, Αθήνα",37.92401,23.73856
Avin,Άγιος Χαράλαμπος,,Λουτράκι,37.92433,23.02040
BP,Παλμύρα,Ποσειδώνος,"Παλαιό Φάληρο, Πειραιάς",37.92446,23.69229
Avin,Άγιοι Θεόδωροι,,,37.92458,23.12911
ΕΤΕΚΑ,Πικροδάφνη,Λεωφόρος Αμφιθέας,"Παλαιό Φάληρο, Πειραιάς",37.92461,23.70511
ΕΤΕΚΑ,Κοψαχείλα,Αγίου Δημητρίου,"Άγιος Δημήτριος, Αθήνα",37.92504,23.72472
Shell,Σπάτα,National Road 62,,37.92562,23.93263
EKO,Πικροδάφνη,Ναϊάδων,"Παλαιό Φάληρο, Πειραιάς",37.92612,23.70224
ΕΤΕΚΑ,Άγιοι Θεόδωροι,,,37.92633,23.13945
SILKOIL,Μπόρσι,,,37.92701,21.44155
ΕΤΕΚΑ,Πικροδάφνη,Λεωφόρος Αμφιθέας,"Παλαιό Φάληρο, Πειραιάς",37.92709,23.70372
BP,Ισθμία,,Λουτράκι,37.92719,22.99675
EKO,Ισθμία,,Λουτράκι,37.92804,22.99649
BP,Άγιοι Θεόδωροι,,,37.92810,23.12850
Avin,Ηλιούπολη,Κυπρίων Ηρώων,Αθήνα,37.92818,23.75113
Shell,Πικροδάφνη,Αχιλλέως,"Παλαιό Φάληρο, Πειραιάς",37.92866,23.70780
Shell,Κάτω Παναγία,,Βαρθολομιό,37.92878,21.15330
EKO,Μεσονήσι,Αγίου Δημητρίου,"Άγιος Δημήτριος, Αθήνα",37.92880,23.72643
Revoil,Μεσονήσι,Σουλίου,"Άγιος Δημήτριος, Αθήνα",37.92940,23.73721
EKO,Παλαιό Φάληρο,Αμφιθέας,Πειραιάς,37.93009,23.70279
Α.Π.,Ποσειδωνία,,Κόρινθος,37.93017,22.96590
EKO,Ηλιούπολη,Σοφοκλή Βενιζέλου,Αθήνα,37.93023,23.75192
EKO,Ασύρματος,Αχιλλέως,"Παλαιό Φάληρο, Αθήνα",37.93035,23.71295
BP,Ηλιούπολη,,Αθήνα,37.93036,23.75905
BP,Πικροδάφνη,Ελευθερίου Βενιζέλου,"Παλαιό Φάληρο, Αθήνα",37.93038,23.70971
ΑΠ,Ποσειδωνία,,Κόρινθος,37.93097,22.96571
EKO,Ηλιούπολη,Μαρίνου Αντύπα,Αθήνα,37.93180,23.75487
EKO,Μεσονήσι,Αγίου Δημητρίου,"Άγιος Δημήτριος, Αθήνα",37.93203,23.72792
BP,Παιανία,,,37.93209,23.87109
ΑΠ,Λέχαιο,,,37.93223,22.85418
Aegean,Ασύρματος,Ελευθερίου Βενιζέλου,"Παλαιό Φάληρο, Αθήνα",37.93226,23.71026
Aegean,Παλαιό Φάληρο,Συνταγματάρχου Ζησιμόπουλου,Πειραιάς,37.93245,23.69769
Shell,Ασύρματος,Αγίας Σοφίας,"Νέα Σμύρνη, Αθήνα",37.93276,23.71452
Shell,Ασύρματος,Αγίας Σοφίας,"Νέα Σμύρνη, Αθήνα",37.93278,23.71452
ΑΠ,Λέχαιο,Κορίνθου - Πατρών,,37.93303,22.84918
Aegean,Ανθέων,Παράδρομος Λεωφόρου Βουλιαγμένης,"Ηλιούπολη, Αθήνα",37.93311,23.74396
EKO,Ηλιούπολη,Σοφοκλή Βενιζέλου,Αθήνα,37.93318,23.75903
Revoil,Αμφιθέα,Ναυσικάς,"Παλαιό Φάληρο, Πειραιάς",37.93344,23.70397
EKO,Ανθέων,Βουλιαγμένης,"Ηλιούπολη, Αθήνα",37.93449,23.74456
,Παιανία,,Αργιθέα,37.93465,23.87945
EKO,Παιανία,,Αργιθέα,37.93468,23.87953
ΕΤΕΚΑ,Λέχαιο,,,37.93479,22.84529
ΕΛΙΝΟΙΛ,Ηλιούπολη,Ηρώς Κωνσταντοπούλου,Αθήνα,37.93524,23.75013
Aegean,Κόρινθος,,,37.93535,22.91674
KMOIL,Κυλλήνη,,Βαρθολομιό,37.93538,21.14539
BP,Αμφιθέα,Αμφιθέας,"Παλαιό Φάληρο, Πειραιάς",37.93538,23.70155
EKO,Κόρινθος,,,37.93555,22.91740
Avin,Κόρινθος,Εθνικής Αντιστάσεως,,37.93594,22.92910
Shell,Άγιος Δημήτριος,Χρυσοστόμου Σμύρνης,Αθήνα,37.93615,23.73269
Shell,Αμφιθέα,Αμφιθέας,"Παλαιό Φάληρο, Πειραιάς",37.93617,23.70099
CYCLON,Λέχαιο,,,37.93623,22.84174
ΕΤΕΚΑ,Αμφιθέα,Αμφιθέας,"Παλαιό Φάληρο, Πειραιάς",37.93623,23.70146
Revoil,Βρυώνη,Αφεντούλη,"Δραπετσώνα, Πειραιάς",37.93629,23.64176
Aegean,Υδραίικα,Ζαΐμη,"Δραπετσώνα, Πειραιάς",37.93636,23.63791
Shell,Κόρινθος,Πατρών,,37.93647,22.91943
BP,Ζευγολατιό,,,37.93648,22.79708
BP,Άγιος Δημήτριος,Αγίου Δημητρίου,Αθήνα,37.93649,23.72965
Aegean,Αμφιθέα,Ζησιμοπούλου,"Παλαιό Φάληρο, Πειραιάς",37.93665,23.69887
Avin,Κόρινθος,Εθνικής Ανεξαρτησίας,,37.93667,22.93442
Revoil,Ηλιούπολη,Ελευθερίου Βενιζέλου,Αθήνα,37.93727,23.75895
ΕΤΕΚΑ,Άγιος Δημήτριος,Κολοκοτρώνη,Αθήνα,37.93744,23.73516
BP,Κόρινθος,Πατρών,,37.93770,22.92350
EKO,Μικρολίμανο,Αλέξανδρου Παπαναστασίου,"Νέο Φάληρο, Πειραιάς",37.93793,23.65807
BP,Αμφιθέα,Αμφιθέας,"Παλαιό Φάληρο, Πειραιάς",37.93802,23.70066
Shell,Λεχαινά,Πολυτεχνείου,,37.93823,21.26575
Shell,Συνοικισμός,Αθηνών,Κόρινθος,37.93852,22.94019
Shell,Αμφιθέα,Λεωφόρος Αμφιθέας,"Παλαιό Φάληρο, Πειραιάς",37.93852,23.70108
Aegean,Ζέα (Πασαλιμάνι),,"Δραπετσώνα, Πειραιάς",37.93856,23.64683
Shell,Βρυώνη,,"Δραπετσώνα, Πειραιάς",37.93879,23.64119
Shell,Τερψιθέα,Ηρώων Πολυτεχνείου,"Δραπετσώνα, Πειραιάς",37.93889,23.64372
Aegean,Ξηροχώρι,,,37.93892,21.67773
Aegean,Άγιοι Θεόδωροι,,,37.93899,23.15191
EKO,Αμφιθέα,Κρήτης,"Νέα Σμύρνη, Αθήνα",37.93906,23.70659
Aegean,Νέα Σμύρνη,Ελευθερίου Βενιζέλου,Αθήνα,37.93945,23.71302
ΕΛΙΝΟΙΛ,Λεχαινά,,,37.93948,21.26984
Shell,Ηλιούπολη,Ελευθερίου Βενιζέλου,Αθήνα,37.93951,23.76042
Shell,Ηλιούπολη,Ανδρέα Παπανδρέου,Αθήνα,37.94011,23.75583
Shell,Ανθέων,Βουλιαγμένης,"Άγιος Δημήτριος, Αθήνα",37.94044,23.74028
BP,Τρούμπα,Ναυάρχου Νοταρά,"Δραπετσώνα, Πειραιάς",37.94056,23.64326
Revoil,Αμφιθέα,Αμφιθέας,"Νέα Σμύρνη, Πειραιάς",37.94068,23.70106
ΕΤΕΚΑ,Άγιος Δημήτριος,25ης Μαρτίου,Αθήνα,37.94087,23.72672
Revoil,Νέα Σμύρνη,Αγίας Σοφίας,Αθήνα,37.94091,23.71635
ΕΤΕΚΑ,Άγιος Δημήτριος,Στρατάρχου Αλεξάνδρου Παπάγου,Αθήνα,37.94099,23.73655
EKO,Συνοικισμός,Αθηνών,Κόρινθος,37.94102,22.94479
Aegean,Ζευγολατιό,,,37.94103,22.80958
SILKOIL,Ζευγολατιό,,,37.94150,22.79952
Revoil,Χαραυγή,Βουλιαγμένης,"Άγιος Δημήτριος, Αθήνα",37.94156,23.73999
ΕΤΕΚΑ,Ζευγολατιό,,,37.94226,22.81100
ΕΤΕΚΑ,Τζιτζιφιές,Ποσειδώνος,"Μοσχάτο, Πειραιάς",37.94227,23.68595
ΕΤΕΚΑ,Χαραυγή,Μαρίνου Αντύπα,"Ηλιούπολη, Αθήνα",37.94265,23.74915
EKO,Άσσος,,,37.94285,22.82318
,Χαραυγή,,"Ηλιούπολη, Αθήνα",37.94287,23.74901
ΕΤΕΚΑ,Σπιθάρι,,Σαλαμίνα,37.94346,23.48311
ΕΤΕΚΑ,Ευαγγελίστρια,Τζαβέλλα,"Νέο Φάληρο, Πειραιάς",37.94346,23.65633
BP,Τζιτζιφιές,Επαμεινώνδα,"Μοσχάτο, Πειραιάς",37.94372,23.68974
BP,Χαραυγή,Μαρίνου Αντύπα,"Υμηττός, Αθήνα",37.94372,23.74819
Aegean,Αμφιθέα,Δοϊράνης,"Νέα Σμύρνη, Πειραιάς",37.94392,23.69863
BP,Μυρτιδιώτισσα,Τζαβέλλα,"Νέο Φάληρο, Πειραιάς",37.94396,23.66175
Shell,Χαραυγή,Μαρίνου Αντύπα,"Υμηττός, Αθήνα",37.94417,23.74857
JETOIL,Λόφος Φιλαρέτου,Λυσικράτους,"Καλλιθέα, Πειραιάς",37.94419,23.69457
SILKOIL,Καρέας,Ελευθερίου Βενιζέλου,"Ηλιούπολη, Αθήνα",37.94419,23.76353
Revoil,Αρτέμιδα,,,37.94436,24.00805
Shell,Χαραυγή,Εθνικής Αντιστάσεως,"Δάφνη, Αθήνα",37.94453,23.74050
Shell,Άγιος Δημήτριος,Αιγαίου,Αθήνα,37.94461,23.72674
Shell,Λόφος Φιλαρέτου,Δημοσθένους,"Καλλιθέα, Πειραιάς",37.94511,23.69511
BP,Παιανία,Μαρκόπουλου,Αργιθέα,37.94528,23.86735
Aegean,Λόφος Φιλαρέτου,,"Καλλιθέα, Πειραιάς",37.94547,23.69506
ΑΠ,Τζιτζιφιές,Ελευθερίου Βενιζέλου,"Μοσχάτο, Πειραιάς",37.94555,23.68691
Revoil,Παιανία,,Αργιθέα,37.94575,23.86722
ΕΤΕΚΑ,Τζιτζιφιές,Καποδιστρίου,"Μοσχάτο, Πειραιάς",37.94576,23.68281
Revoil,Χαραυγή,Μαρίνου Αντύπα,"Υμηττός, Αθήνα",37.94577,23.74773
,Παιανία,,Αργιθέα,37.94577,23.86724
ΕΛΙΝΟΙΛ,Δάφνη,,Αθήνα,37.94617,23.73514
Revoil,Ευαγγελίστρια,Γρηγορίου Λαμπράκη,"Νέο Φάληρο, Πειραιάς",37.94621,23.65433
Shell,Κάτω Άσσος,,Άσσος,37.94629,22.81700
EKO,Νέα Ελβετία,,"Βύρωνας, Αθήνα",37.94637,23.75374
BP,Καρέας,Ελλήνων Αξιωματικών,"Βύρωνας, Αθήνα",37.94637,23.76672
ΕΤΕΚΑ,Τζιτζιφιές,Χρυσοστόμου Σμύρνης,"Μοσχάτο, Πειραιάς",37.94673,23.67939
ΕΤΕΚΑ,Νέο Φάληρο,Πίνδου,Πειραιάς,37.94686,23.67608
Revoil,Λόφος Φιλαρέτου,Αθηνάς,"Καλλιθέα, Αθήνα",37.94722,23.69844
Marathon,Πειραιάς,,Δραπετσώνα,37.94729,23.64650
BP,Λόφος Φιλαρέτου,Ελευθερίου Βενιζέλου,"Μοσχάτο, Πειραιάς",37.94789,23.68966
BP,Δάφνη,Βουλιαγμένης,Αθήνα,37.94803,23.73844
Aegean,Καρέας,Ελλήνων Αξιωματικών,"Βύρωνας, Αθήνα",37.94803,23.76790
Aegean,Ρετσίνα,,"Νέο Φάληρο, Πειραιάς",37.94833,23.64807
Shell,Ρετσίνα,,"Νέο Φάληρο, Πειραιάς",37.94833,23.65026
,Νέα Σμύρνη,,Αθήνα,37.94869,23.70583
Shell,Καλυκοποιείο,Αναγεννήσεως,"Δάφνη, Αθήνα",37.94884,23.74289
EKO,Λόφος Φιλαρέτου,,"Μοσχάτο, Πειραιάς",37.94886,23.69007
BP,Δουργούτι,Αιγαίου,"Νέα Σμύρνη, Αθήνα",37.94889,23.72137
Revoil,Μοσχάτο,,Πειραιάς,37.94927,23.68033
ΕΤΕΚΑ,Καλυκοποιείο,Εθνικής Αντιστάσεως,"Δάφνη, Αθήνα",37.94938,23.73899
BP,Καλυκοποιείο,,"Υμηττός, Αθήνα",37.94940,23.74404
Avin,Μοσχάτο,Στρατηγού Μακρυγιάννη,Πειραιάς,37.94941,23.67834
ΕΤΕΚΑ,Νέο Φάληρο,Καραολή και Δημητρίου,Πειραιάς,37.94942,23.66406
Café,Χαραυγή,,"Δραπετσώνα, Πειραιάς",37.94945,23.61565
Shell,Καμίνια,,"Νέο Φάληρο, Πειραιάς",37.94968,23.65873
Aegean,Ρετσίνα,,"Νέο Φάληρο, Πειραιάς",37.94975,23.65016
EKO,Λόφος Φιλαρέτου,,"Καλλιθέα, Αθήνα",37.95006,23.70178
Shell,Καμίνια,Πειραιώς,"Νέο Φάληρο, Πειραιάς",37.95010,23.65912
Aegean,Παπαστράτος,Αιτωλικού,"Δραπετσώνα, Πειραιάς",37.95012,23.63996
EKO,Παπαστράτος,Αντιπλοίαρχου Παναγιώτη Βλαχάκου,"Δραπετσώνα, Πειραιάς",37.95013,23.64106
Revoil,Ρετσίνα,Δημητρίου Μουτσοπούλου,"Νέο Φάληρο, Πειραιάς",37.95013,23.65183
Revoil,Λόφος Φιλαρέτου,Ελευθερίου Βενιζέλου,"Μοσχάτο, Πειραιάς",37.95023,23.69281
Aegean,Αγία Ελεούσα,,"Μοσχάτο, Πειραιάς",37.95054,23.69236
EKO,Αγία Ελεούσα,Ελευθερίου Βενιζέλου,"Καλλιθέα, Πειραιάς",37.95097,23.69377
ΕΤΕΚΑ,Καλλιθέα,Δοϊράνης,Αθήνα,37.95098,23.70728
EKO,Νέα Σμύρνη,Εφέσου,Αθήνα,37.95098,23.71707
BP,Σπιθάρι,,"Πέραμα, Αμπελάκια",37.95100,23.53526
Shell,Παιανία,Λαυρίου,Αργιθέα,37.95145,23.86209
Revoil,Δάφνη,Εθνάρχου Μακαρίου,Αθήνα,37.95150,23.73139
ΕΤΕΚΑ,Νέα Σμύρνη,,Αθήνα,37.95181,23.70989
Avin,Βραχάτι,Παναγή Τσαλδάρη,,37.95197,22.80771
ΕΛΙΝΟΙΛ,Παπαστράτος,Αιτωλικού,"Δραπετσώνα, Πειραιάς",37.95198,23.63972
Shell,Δραπετσώνα,,Πειραιάς,37.95215,23.62535
BP,Δάφνη,Μπουμπουλίνας,Αθήνα,37.95216,23.72970
Avin,Απόλλωνας,Πειραιώς,"Νέο Φάληρο, Πειραιάς",37.95218,23.66667
EKO,Υμηττός,Σμύρνης,Αθήνα,37.95220,23.74580
Aegean,Απόλλωνας,Πειραιώς,"Νέο Φάληρο, Πειραιάς",37.95226,23.66564
Silk Oil,Μοσχάτο,Αδαμάντιου Κοραή,Πειραιάς,37.95253,23.68539
BP,Κοπή,,"Δραπετσώνα, Πειραιάς",37.95259,23.63371
Avin,Ποσειδωνία,,Λουτράκι,37.95278,22.97931
ΕΤΕΚΑ,Υμηττός,Σινώπης,Αθήνα,37.95278,23.74824
Avin,Κοπή,Ελευθερίου Βενιζέλου,"Δραπετσώνα, Πειραιάς",37.95294,23.62636
BP,Καλυκοποιείο,Ηλιουπόλεως,"Δάφνη, Αθήνα",37.95320,23.73901
Avin,Καισάρι,,Ξυλόκαστρο,37.95343,22.57432
ΕΤΕΚΑ,Μοσχάτο,Αδαμάντιου Κοραή,Πειραιάς,37.95360,23.68118
Avin,Δουργούτι,Μπακνανά,"Νέος Κόσμος, Αθήνα",37.95377,23.72326
ΕΤΕΚΑ,Βύρωνας,Αγίας Σοφίας,Αθήνα,37.95383,23.75242
Shell,Ποσειδωνία,Λουτρακίου,Λουτράκι,37.95400,22.97965
Shell,Αρτέμιδα,,,37.95401,24.00654
ΕΛΙΝΟΙΛ,Μοσχάτο,Καραολή και Δημητρίου,Πειραιάς,37.95405,23.67739
BP,Ρετσίνα,Ρετσίνα,"Νίκαια, Πειραιάς",37.95416,23.64796
Olympic Fuels,Υμηττός,Βρυούλων,Αθήνα,37.95426,23.75018
EKO,Χαραυγή,Κωνσταντίνου Παλαιολόγου,"Κερατσίνι, Πειραιάς",37.95430,23.61412
EKO,Ποσειδωνία,,Λουτράκι,37.95437,22.97918
ΕΤΕΚΑ,Αγία Σοφία,,"Δραπετσώνα, Πειραιάς",37.95461,23.63848
Shell,Αγία Σοφία,Παλαμηδίου,"Δραπετσώνα, Πειραιάς",37.95463,23.64339
BP,Νέα Ελβετία,Καραολή Δημητρίου,"Βύρωνας, Αθήνα",37.95546,23.76043
EKO,Μοσχάτο,Πειραιώς,Πειραιάς,37.95562,23.67735
EKO,Σαλαμίνα,,,37.95574,23.49831
ΕΛΙΝΟΙΛ,Άγιος Ιωάννης,Βουλιαγμένης,"Δάφνη, Αθήνα",37.95576,23.73558
Shell,Βύρωνας,,Αθήνα,37.95609,23.75125
Aegean,Λουτράκι,Λουτρακίου,,37.95610,22.97909
Avin,Μοσχάτο,Πειραιώς,Πειραιάς,37.95610,23.67741
Revoil,Ταμπούρια,Αγίου Δημητρίου,"Δραπετσώνα, Πειραιάς",37.95635,23.63525
Α.Π.,Λεύκα,,"Νίκαια, Πειραιάς",37.95640,23.65042
ΕΤΕΚΑ,Αγία Σοφία,,"Δραπετσώνα, Πειραιάς",37.95643,23.63991
ΕΤΕΚΑ,Αγία Ελεούσα,,"Μοσχάτο, Πειραιάς",37.95678,23.68957
EKO,Λεύκα,Φαλήρου,"Νίκαια, Πειραιάς",37.95679,23.65302
Avin,Αμπελάκια,,Πέραμα,37.95687,23.52556
Aegean,Άγιος Ιωάννης,Κάρπου,"Νέος Κόσμος, Αθήνα",37.95720,23.73288
ΕΤΕΚΑ,Μοσχάτο,Πειραιώς,Πειραιάς,37.95721,23.68190
BP,Παιανία,Λαυρίου,Αργιθέα,37.95721,23.85741
Aegean,Μανιάτικα,Αγχιάλου,"Δραπετσώνα, Πειραιάς",37.95749,23.63789
Revoil,Βραχάτι,,,37.95762,22.79863
BP,Ταμπούρια,Αγχιάλου,"Δραπετσώνα, Πειραιάς",37.95775,23.62867
Shell,Απόλλωνας,Αγίου Ιωάννη Ρέντη,"Νέο Φάληρο, Πειραιάς",37.95776,23.66440
CRYSTAL GAS OIL MON. IKE,Μοσχάτο,Κοντονή,Πειραιάς,37.95779,23.67921
Aegean,Νέος Κόσμος,Αμβροσίου Φραντζή,Αθήνα,37.95788,23.73078
EKO,Ποσειδωνία,,Λουτράκι,37.95821,22.97029
BP,Μοσχάτο,,Πειραιάς,37.95823,23.68495
BP,Αγία Ελεούσα,,"Καλλιθέα, Αθήνα",37.95834,23.69391
Avin,Λουτράκι,,,37.95860,22.97898
ΕΤΕΚΑ,Ευγένεια,Δημοκρατίας,"Κερατσίνι, Πειραιάς",37.95877,23.61963
Shell,Καραβάς,,"Νίκαια, Πειραιάς",37.95880,23.64938
Revoil,Απόλλωνας,Αμαλίας Φλέμινγκ,"Άγιος Ιωάννης Ρέντης, Πειραιάς",37.95884,23.67153
Aegean,Άγιος Ιωάννης,Ηλία Ηλιού,"Νέος Κόσμος, Αθήνα",37.95894,23.73324
ΕΛΙΝΟΙΛ,Μοσχάτο,Πειραιώς,Πειραιάς,37.95905,23.68582
Open,Ευγένεια,Δημοκρατίας,"Κερατσίνι, Πειραιάς",37.95906,23.61863
Revoil,Απόλλωνας,Αγίου Ιωάννη Ρέντη,"Άγιος Ιωάννης Ρέντης, Πειραιάς",37.95907,23.66918
Shell,Άγιος Ιωάννης,Ηλία Ηλιού,"Νέος Κόσμος, Αθήνα",37.95908,23.73522
Aegean,Αγία Ελεούσα,Γράμμου,"Καλλιθέα, Αθήνα",37.95914,23.69520
Aegean,Καλλιθέα,,Αθήνα,37.95922,23.69861
Aegean,Χαροκόπου,Ελευθερίου Βενιζέλου,"Καλλιθέα, Αθήνα",37.95929,23.70728
ΕΤΕΚΑ,Άγιος Ιωάννης,Ηλία Ηλιού,"Νέος Κόσμος, Αθήνα",37.95936,23.73509
EKO,Μοσχάτο,,Πειραιάς,37.95973,23.67627
Avin,Άγιος Αρτέμιος,Φιλολάου,"Υμηττός, Αθήνα",37.95974,23.74049
BP,Μοσχάτο,Γεωργίου Παπανδρέου,Πειραιάς,37.96005,23.68063
,Κρυονέρι,,Βέλο,37.96015,22.63747
BP,Βύρωνας,Φορμίωνος,Αθήνα,37.96062,23.76051
SILKOIL,Σπάτα,,Αργιθέα,37.96069,23.92347
ΕΤΕΚΑ,Παλιά Κοκκινιά,Λεβαδείας,"Νίκαια, Πειραιάς",37.96091,23.65580
EKO,Νέος Κόσμος,Βουλιαγμένης,Αθήνα,37.96091,23.73401
Eteka,Πέραμα,Ειρήνης,Αμπελάκια,37.96173,23.57770
ΕΤΕΚΑ,Μοσχάτο,,Πειραιάς,37.96177,23.68473
Revoil,Ταύρος,Πειραιώς,Αθήνα,37.96188,23.69100
ΕΤΕΚΑ,Νέο Ικόνιο,Δημοκρατίας,"Κερατσίνι, Πειραιάς",37.96195,23.59640
ΕΤΕΚΑ,Άγιος Ιωάννης Ρέντης,,Πειραιάς,37.96221,23.67267
Revoil,Παλούκια,,Πέραμα,37.96225,23.52384
Aegean,Νέο Ικόνιο,Δημοκρατίας,"Πέραμα, Πειραιάς",37.96240,23.59482
Shell,Λόφος Σικελίας,Ελευθερίου Βενιζέλου,"Πετράλωνα, Αθήνα",37.96240,23.71700
Revoil,Φιλοπάππου,,"Πετράλωνα, Αθήνα",37.96245,23.71453
Shell,Νέο Ικόνιο,Δημοκρατίας,"Πέραμα, Αμπελάκια",37.96252,23.58768
ΕΤΕΚΑ,Νέο Ικόνιο,Δημοκρατίας,"Κερατσίνι, Πειραιάς",37.96253,23.60674
ΕΛΙΝΟΙΛ,Κουκάκι,Ζαν Μωρεάς,"Νέος Κόσμος, Αθήνα",37.96280,23.72346
Shell,Καισαριανή,Φορμίωνος,Αθήνα,37.96295,23.75821
Aegean,Αρετή,,Λεχαινά,37.96296,21.29584
ΑΠ,Άγιος Ιωάννης Ρέντης,Κηφισού,Πειραιάς,37.96311,23.67668
Revoil,Χαροκόπου,25ης Μαρτίου,"Καλλιθέα, Αθήνα",37.96311,23.69976
ΕΛΙΝΟΙΛ,Σαλαμίνα,,,37.96313,23.50206
ΕΤΕΚΑ,Χαροκόπου,25ης Μαρτίου,"Καλλιθέα, Αθήνα",37.96316,23.70019
BP,Μπολάτι,,Βραχάτι,37.96337,22.78864
ΕΤΕΚΑ,Πέραμα,Δημοκρατίας,Αμπελάκια,37.96342,23.56582
BP,Άγιος Αρτέμιος,Υμηττού,"Παγκράτι, Αθήνα",37.96357,23.74271
Aegean,Χαροκόπου,,"Πετράλωνα, Αθήνα",37.96362,23.70739
ΕΤΕΚΑ,Προφήτης Ηλίας,Χρυσοστόμου Σμύρνης,"Παγκράτι, Αθήνα",37.96365,23.75105
BP,Γαργαρέττα,,"Νέος Κόσμος, Αθήνα",37.96370,23.72696
Aegean,Κερατσίνι,,Πειραιάς,37.96373,23.61521
EKO,Ταμπούρια,Σαλαμίνος,"Κερατσίνι, Πειραιάς",37.96373,23.63011
ΕΤΕΚΑ,Σπάτα,,Αργιθέα,37.96386,23.92537
Avin,Σαλαμίνα,,,37.96404,23.49581
Avin,Λουτράκι,,,37.96411,22.97830
SILKOIL,Πέραμα,Ειρήνης,Παλούκια,37.96415,23.56566
ΕΤΕΚΑ,Κερατσίνι,Αλέξανδρου Παπαναστασίου,Πειραιάς,37.96419,23.62734
Revoil,Παλούκια,,Πέραμα,37.96426,23.52069
Shell,Μετς,Ιόλης,"Νέος Κόσμος, Αθήνα",37.96447,23.73453
Revoil,Κερατσίνι,,Πειραιάς,37.96448,23.62179
Revoil,Ταμπούρια,Πέτρου Ράλλη,"Κερατσίνι, Πειραιάς",37.96454,23.63399
BP,Ταύρος,Πειραιώς,Αθήνα,37.96460,23.69308
Revoil,Σπάτα,,Αργιθέα,37.96461,23.90640
Aegean,Σαλαμίνα,,,37.96464,23.50303
Revoil,Κάτω Πετράλωνα,Χαμοστέρνας,"Πετράλωνα, Αθήνα",37.96494,23.70604
Shell,Αρτέμιδα,,Στρατόπεδο Ραφήνα,37.96513,23.98598
Shell,Ταύρος,,Αθήνα,37.96516,23.69360
Aegean,Γαργαρέττα,Καλλιρόης,"Νέος Κόσμος, Αθήνα",37.96530,23.72837
Shell,Γαργαρέττα,Ανδρέα Συγγρού,"Νέος Κόσμος, Αθήνα",37.96532,23.72742
EKO,Σπάτα,Βασιλέως Παύλου,Αργιθέα,37.96534,23.90630
BP,Γαργαρέττα,Ανδρέα Συγγρού,"Νέος Κόσμος, Αθήνα",37.96537,23.72808
Shell,Κερατσίνι,,Πειραιάς,37.96550,23.61490
Aegean,Παλιά Κοκκινιά,,"Νίκαια, Πειραιάς",37.96551,23.66017
BP,Παλούκια,,Πέραμα,37.96558,23.51276
Shell,Σαλαμίνα,,,37.96567,23.50383
Aegean,Νέο Ικόνιο,,"Κερατσίνι, Πειραιάς",37.96602,23.61052
EKO,Άγιος Ιωάννης Ρέντης,Κηφισού,Πειραιάς,37.96633,23.67868
EKO,Μανιάτικα,Ήρας,"Νίκαια, Πειραιάς",37.96639,23.63766
SILKOIL,Πετράλωνα,,Αθήνα,37.96661,23.70923
ΕΤΕΚΑ,Σπάτα,Βασιλέως Παύλου,Αργιθέα,37.96669,23.90639
ΕΤΕΚΑ,Ταύρος,Πειραιώς,Αθήνα,37.96697,23.69563
EKO,Κάτω Πετράλωνα,,"Πετράλωνα, Αθήνα",37.96704,23.70256
Shell,Άγιος Ιωάννης Ρέντης,,Πειραιάς,37.96721,23.67424
Avin,Άγιος Ιωάννης Ρέντης,,Πειραιάς,37.96736,23.67099
Aegean,Παλιά Κοκκινιά,,"Νίκαια, Πειραιάς",37.96744,23.66155
Aegean,Νίκαια,,Πειραιάς,37.96756,23.64094
Avin,Κάτω Πετράλωνα,Παναγή Τσαλδάρη,"Ταύρος, Αθήνα",37.96765,23.70081
EKO,Σπάτα,,Αργιθέα,37.96769,23.91422
Avin,Σπάτα,,Αργιθέα,37.96790,23.90704
Shell,Σπάτα,Δημάρχου Χρήστου Μπέκα,Αργιθέα,37.96805,23.91234
EKO,Εργατικές Κατοικίες Καισαριανής,Ηρώων Σκοπευτηρίου,"Καισαριανή, Αθήνα",37.96836,23.75429
Revoil,Ταύρος,,Αθήνα,37.96839,23.69832
ΕΤΕΚΑ,Νίκαια,Καραϊσκάκη,Πειραιάς,37.96846,23.65615
BP,Ακρόπολη,Ροβέρτου Γκάλλι,"Νέος Κόσμος, Αθήνα",37.96853,23.72619
Avin,Νίκαια,28ης Οκτωβρίου,Πειραιάς,37.96863,23.63806
BP,Αρτέμιδα,,Στρατόπεδο Ραφήνα,37.96869,23.99996
EKO,Κινέτα,,Άγιοι Θεόδωροι,37.96875,23.21239
Shell,Αγιος Νικόλαος,,Σαλαμίνα,37.96875,23.47393
EKO,Αρτέμιδα,,Στρατόπεδο Ραφήνα,37.96898,24.00235
Avin,Κοκκώνι,,Βέλο,37.96968,22.78176
EKO,Κάτω Πετράλωνα,Πειραιώς,"Πετράλωνα, Αθήνα",37.97019,23.70221
EKO,Αργιθέα,,Παιανία,37.97040,23.87897
Shell,Κάτω Πετράλωνα,Πειραιώς,"Πετράλωνα, Αθήνα",37.97067,23.70358
Aegean,Αμφιάλη,Γρηγορίου Λαμπράκη,"Κερατσίνι, Πειραιάς",37.97071,23.62061
ΕΤΕΚΑ,Νίκαια,Πέτρου Ράλλη,Πειραιάς,37.97104,23.65489
EKO,Εργατικές Κατοικίες Καισαριανής,Υμηττού,"Καισαριανή, Αθήνα",37.97114,23.75615
ΕΛΙΝΟΙΛ,Παγκράτι,Αρχελάου,Αθήνα,37.97160,23.74616
Shell,Κινέτα,,Άγιοι Θεόδωροι,37.97166,23.21041
Avin,Λεοντάρι,Λαυρίου,Παιανία,37.97167,23.85361
EKO,Αργιθέα,,Παιανία,37.97192,23.87918
BP,Ταύρος,Ειρήνης,Αθήνα,37.97202,23.69189
BP,Λουτράκι,,,37.97259,22.97770
BP,Παγκράτι,,Αθήνα,37.97260,23.74501
ΕΤΕΚΑ,Νίκαια,Πέτρου Ράλλη,Πειραιάς,37.97284,23.65972
Shell,Κοκκώνι,,Βέλο,37.97286,22.77653
BP,Νίκαια,Πέτρου Ράλλη,Πειραιάς,37.97295,23.66100
EKO,Κοκκώνι,,Βέλο,37.97301,22.77587
ΕΛΙΝΟΙΛ,Λεοντάρι,Λαυρίου,Παιανία,37.97346,23.85322
BP,Σικυώνα,,Βέλο,37.97381,22.74109
Avin,Αμφιάλη,,"Κερατσίνι, Πειραιάς",37.97387,23.62426
Revoil,Ζωγράφου,Γεωργίου Ζωγράφου,Αθήνα,37.97412,23.77401
Aegean,Αθήνα,Ξενοφώντος,Παγκράτι,37.97418,23.73439
BP,Ζωγράφου,,Αθήνα,37.97466,23.77795
Shell,Λεοντάρι,Λαυρίου,Παιανία,37.97486,23.85390
EKO,Νίκαια,Διομήδους,Πειραιάς,37.97507,23.65245
EKO,Άγιος Ιωάννης Ρέντης,Καναπιτσερή,Πειραιάς,37.97507,23.67063
BP,Βέλο,,,37.97510,22.74163
SHELL,Θησείο,,"Πετράλωνα, Αθήνα",37.97511,23.71535
Fisikon,Άγιος Ιωάννης Ρέντης,,Πειραιάς,37.97521,23.67031
ΕΤΕΚΑ,Αμφιάλη,,"Κερατσίνι, Πειραιάς",37.97541,23.62634
ΕΤΕΚΑ,Νίκαια,Πλατεία Δημοκρατίας,Πειραιάς,37.97543,23.64064
EKO,Iλίσια,Μιχαλακοπούλου,"Παγκράτι, Αθήνα",37.97543,23.75214
Shell,Ζωγράφου,Γρηγορίου Αυξεντίου,Αθήνα,37.97543,23.76335
EKO,Γκάζι,Ηρακλειδών,"Πετράλωνα, Αθήνα",37.97569,23.71182
Shell,Ταύρος,Πέτρου Ράλλη,Αθήνα,37.97597,23.69485
EKO,Ταύρος,Πέτρου Ράλλη,Αθήνα,37.97599,23.68689
Shell,Ρουφ,,"Πετράλωνα, Αθήνα",37.97607,23.70627
EKO,Άγιος Ιωάννης Ρέντης,Πέτρου Ράλλη,Πειραιάς,37.97613,23.67019
ΕΤΕΚΑ,Άγιος Ιωάννης Ρέντης,Πέτρου Ράλλη,Πειραιάς,37.97619,23.68002
Shell,Iλίσια,Μιχαλακοπούλου,"Παγκράτι, Αθήνα",37.97627,23.75334
Revoil,Άγιος Ιωάννης Ρέντης,Πέτρου Ράλλη,Αθήνα,37.97633,23.68129
BP,Άγιος Ιωάννης Ρέντης,,Πειραιάς,37.97641,23.67435
EKO,Άγιος Ιωάννης Ρέντης,Πέτρου Ράλλη,Πειραιάς,37.97672,23.68059
Avin,Άγιος Ιωάννης Ρέντης,,Πειραιάς,37.97677,23.67809
Revoil,Βοτανικός,Ορφέως,"Ταύρος, Αθήνα",37.97689,23.70271
ΕΤΕΚΑ,Άγιος Ιωάννης Ρέντης,Γρηγορίου Λαμπράκη,Πειραιάς,37.97728,23.66465
ΕΤΕΚΑ,Νεάπολη,,"Κερατσίνι, Πειραιάς",37.97747,23.62806
BP,Κορυδαλλός,Γρηγορίου Λαμπράκη,Πειραιάς,37.97758,23.66285
Avin,Κουρτέσι,,Λεχαινά,37.97796,21.31630
BP,Νεάπολη,Γρηγορίου Λαμπράκη,"Κορυδαλλός, Πειραιάς",37.97808,23.63677
Shell,Σούλι,,Ξυλόκαστρο,37.97844,22.62833
Aegean,Νεάπολη,Γρηγορίου Λαμπράκη,"Κορυδαλλός, Πειραιάς",37.97845,23.63687
Shell,Κορυδαλλός,Γρηγορίου Λαμπράκη,Πειραιάς,37.97877,23.65970
BP,Σπάτα,Αγίου Δημητρίου,Αργιθέα,37.97880,23.91562
SILKOIL,Κεραμεικός,Σαρρή,"Πετράλωνα, Αθήνα",37.97881,23.72224
,Μέγαρα,,,37.97892,23.33465
Aegean,Κορυδαλλός,Γρηγορίου Λαμπράκη,Πειραιάς,37.97895,23.64140
Avin,Κουρτέσι,,Λεχαινά,37.97906,21.31946
Revoil,Λυκαβηττός,Σουηδίας,"Παγκράτι, Αθήνα",37.97929,23.74632
EKO,Κορυδαλλός,Γρηγορίου Λαμπράκη,Πειραιάς,37.97979,23.64591
BP,Ζωγράφου,,Αθήνα,37.98002,23.76259
ΕΤΕΚΑ,Γκάζι,Ιερά Οδός,"Πετράλωνα, Αθήνα",37.98047,23.71216
ΕΤΕΚΑ,Κουντουριώτικα,Μιχαλακοπούλου,"Αμπελόκηποι, Αθήνα",37.98069,23.75764
ΕΛΙΝΟΙΛ,Νεάπολη,Κουταϊση,"Κορυδαλλός, Πειραιάς",37.98077,23.63974
Revoil,Κουντουριώτικα,,"Αμπελόκηποι, Αθήνα",37.98108,23.75966
Avin,Κουντουριώτικα,Μιχαλακοπούλου,"Αμπελόκηποι, Αθήνα",37.98126,23.75876
BP,Βέλο,,,37.98150,22.76802
EKO,Ιεράπολη,Θηβών,"Αιγάλεω, Πειραιάς",37.98158,23.67176
Shell,Κουντουριώτικα,,"Αμπελόκηποι, Αθήνα",37.98162,23.75919
EKO,Λεοντάρι,Λαυρίου,Παιανία,37.98180,23.85163
BP,Αιγάλεω,,Αθήνα,37.98242,23.68192
Revoil,Ιεράπολη,,"Αιγάλεω, Πειραιάς",37.98311,23.67215
ΕΤΕΚΑ,Ζωγράφου,Σπηλιωτόπουλου,Αθήνα,37.98336,23.76902
Shell,Προφήτης Δανιήλ,,"Πετράλωνα, Αθήνα",37.98344,23.70959
EKO,Αμπελόκηποι,Μιχαλακοπούλου,Αθήνα,37.98356,23.76328
ΕΤΕΚΑ,Μανέσι,,,37.98364,21.68647
Shell,Αιγάλεω,Κηφισού,Αθήνα,37.98381,23.68188
EKO,Προφήτης Δανιήλ,Αχιλλέως,"Πετράλωνα, Αθήνα",37.98397,23.71591
EKO,Κορυδαλλός,,Πειραιάς,37.98427,23.65686
SILKOIL,Νεάπολη,Ασκληπιού,"Παγκράτι, Αθήνα",37.98449,23.74005
SILKOIL,Πλατεία Βάθης,Αγίου Κωνσταντίνου,"Πετράλωνα, Αθήνα",37.98480,23.72329
Aegean,Γλυκά Νερά,Λαυρίου,Παιανία,37.98483,23.85122
Eteka,Προφήτης Δανιήλ,Κωνσταντινουπόλεως,"Πετράλωνα, Αθήνα",37.98486,23.71491
EKO,Βοτανικός,Ιερά Οδός,"Ταύρος, Αθήνα",37.98494,23.70104
EKO,Αιγάλεω,,Αθήνα,37.98514,23.68284
Revoil,Νεάπολη,,"Αμπελόκηποι, Αθήνα",37.98551,23.74123
Revoil,Αμπελόκηποι,Μεσογείων,Αθήνα,37.98583,23.76323
Aegean,Αιγάλεω,Κηφισού,Αθήνα,37.98587,23.68434
Aegean,Αμπελόκηποι,Μιχαλακοπούλου,Αθήνα,37.98625,23.76540
Shell,Ιεράπολη,,"Αιγάλεω, Πειραιάς",37.98634,23.67467
Aegean,Μεταξουργείο,Χίου,"Πετράλωνα, Αθήνα",37.98653,23.72130
Avin,Ιεράπολη,Θηβών,"Αιγάλεω, Πειραιάς",37.98660,23.67440
Aegean,Ελαιώνας,Ιερά Οδός,"Αιγάλεω, Αθήνα",37.98660,23.69776
BP,Κουντουριώτικα,Αλεξάνδρας,"Αμπελόκηποι, Αθήνα",37.98677,23.75532
EKO,Προφήτης Δανιήλ,,"Πετράλωνα, Αθήνα",37.98696,23.70847
BP,Κουντουριώτικα,,"Αμπελόκηποι, Αθήνα",37.98697,23.75533
Avin,Κορυδαλλός,Ποταμού,Σκαραμαγκάς,37.98704,23.64204
Shell,Κορυδαλλός,Ποταμού,Σκαραμαγκάς,37.98704,23.64232
Ελιν,Κουντουριώτικα,Λάμπρου Κατσώνη,"Αμπελόκηποι, Αθήνα",37.98754,23.75258
Revoil,Γκύζη,Ιπποκράτους,"Αμπελόκηποι, Αθήνα",37.98756,23.74509
Revoil,Πλατεία Βάθης,,"Κυψέλη, Αθήνα",37.98783,23.72495
BP,Μέγαρα,,,37.98797,23.34659
Shell,Αγία Βαρβάρα,Μεγάλου Αλεξάνδρου,Πειραιάς,37.98832,23.66015
Revoil,Ελαιώνας,Ιερά Οδός,"Αιγάλεω, Αθήνα",37.98838,23.69017
ΕΛΙΝΟΙΛ,Μέγαρα,,,37.98842,23.34965
BP,Σταθμός Λαρίσης,Ιωαννίνων,"Πετράλωνα, Αθήνα",37.98864,23.71824
Aegean,Μέγαρα,,,37.98913,23.33852
Avin,Μέγαρα,Βυζαντίου,,37.98935,23.34248
SILKOIL,Αγία Βαρβάρα,Μεγάλου Αλεξάνδρου,Πειραιάς,37.98970,23.66453
BP,Σταθμός Λαρίσης,Θεόδωρου Δηληγιάννη,"Κυψέλη, Αθήνα",37.99002,23.72054
SILKOIL,Γολέμι,,,37.99027,21.69086
EKO,Μουσείο,Αλεξάνδρας,"Κυψέλη, Αθήνα",37.99043,23.73853
ΕΤΕΚΑ,Ελαιώνας,Μαρκόνι,"Αιγάλεω, Αθήνα",37.99045,23.69532
Revoil,Σούλι,,Κιάτο,37.99065,22.65361
EKO,Μουσείο,Αλεξάνδρας,"Κυψέλη, Αθήνα",37.99073,23.73841
BP,Ακαδημία Πλάτωνος,Πλάτωνος,"Πετράλωνα, Αθήνα",37.99074,23.71077
EKO,Αμπελόκηποι,,Αθήνα,37.99104,23.75567
SILKOIL,Παπάγος,,Αθήνα,37.99113,23.79897
Aegean,Ιεράπολη,Μεγάλου Αλεξάνδρου,"Αγία Βαρβάρα, Πειραιάς",37.99114,23.66882
Aegean,Ακαδημία Πλάτωνος,,"Αιγάλεω, Αθήνα",37.99118,23.70238
EKO,Ιεράπολη,,"Αγία Βαρβάρα, Πειραιάς",37.99156,23.67068
BP,Ερυθρός Σταυρός,Μεσογείων,"Αμπελόκηποι, Αθήνα",37.99170,23.77347
ΕΤΕΚΑ,Ελαιώνας,Μαρκόνι,"Αιγάλεω, Αθήνα",37.99180,23.69623
SILKOIL,Λεοντάριο,,Παιανία,37.99203,23.87502
Avin,Ερυθρός Σταυρός,,"Αμπελόκηποι, Αθήνα",37.99242,23.77404
Aegean,Αγία Βαρβάρα,Ελευθερίου Βενιζέλου,Σκαραμαγκάς,37.99243,23.66019
ΑΠ,Ελαιώνας,Μαρκόνι,"Αιγάλεω, Αθήνα",37.99287,23.69683
EKO,Ιεράπολη,Ιερά Οδός,"Αιγάλεω, Αθήνα",37.99306,23.67640
ΕΛΙΝΟΙΛ,Γκύζη,,"Κυψέλη, Αθήνα",37.99327,23.74447
Α.Π,Ακαδημία Πλάτωνος,,"Αιγάλεω, Αθήνα",37.99358,23.70204
BP,Ελληνορώσων,Κατεχάκη,"Αμπελόκηποι, Αθήνα",37.99395,23.77508
EKO,Τσαλαβούτα,,"Αιγάλεω, Αθήνα",37.99419,23.69789
Revoil,Μέγαρα,,,37.99427,23.33956
Revoil,Αττική,Δομοκού,"Κυψέλη, Αθήνα",37.99432,23.72149
Shell,Ερυθρός Σταυρός,Σεβαστουπόλεως,"Αμπελόκηποι, Αθήνα",37.99437,23.76891
ΕΤΕΚΑ,Κολωνός,Λένορμαν,"Περιστέρι, Αθήνα",37.99465,23.71267
Aegean,Ελληνορώσων,Μεσογείων,"Νέο Ψυχικό, Αθήνα",37.99470,23.77754
BP,Γηροκομείο,Κηφισίας,"Αμπελόκηποι, Αθήνα",37.99482,23.76742
Avin,Μέγαρα,Σ.Ε.Α. Μεγάρων,,37.99511,23.36641
EKO,Ελληνορώσων,Μεσογείων,"Νέο Ψυχικό, Αθήνα",37.99547,23.77885
Aegean,Ιεράπολη,Ιερά Οδός,"Αιγάλεω, Αθήνα",37.99558,23.67076
Shell,Μέγαρα,,,37.99561,23.35104
Avin,Μέγαρα,Σ.Ε.Α. Μεγάρων,,37.99568,23.36535
EKO,Μέγαρα,28ης Οκτωβρίου,,37.99576,23.34763
ΕΤΕΚΑ,Ιεράπολη,Ιερά Οδός,"Αιγάλεω, Αθήνα",37.99591,23.67091
Revoil,Δουρβατιώνα,,Κιάτο,37.99615,22.73674
EKO,Νέα Κυψέλη,Πριγκηποννήσων,"Κυψέλη, Αθήνα",37.99616,23.74803
ΕΤΕΚΑ,Αγία Βαρβάρα,Ελευθερίου Βενιζέλου,Σκαραμαγκάς,37.99626,23.66286
ΕΛΙΝΟΙΛ,Κολωνός,Λένορμαν,"Περιστέρι, Αθήνα",37.99631,23.71189
Aegean,Αγία Βαρβάρα,Ελευθερίου Βενιζέλου,Σκαραμαγκάς,37.99683,23.66375
Avin,Skaramangas Camp,,Σκαραμαγκάς,37.99701,23.58737
Avin,Λεοντάριο,Σπάτων,Παιανία,37.99705,23.86842
Aegean,Άγιος Παντελεήμονας,3ης Σεπτεμβρίου,"Κυψέλη, Αθήνα",37.99719,23.73139
EKO,Σωτηράκη,Αθηνών,"Αιγάλεω, Αθήνα",37.99725,23.69330
ΕΤΕΚΑ,Τσαλαβούτα,,"Αιγάλεω, Αθήνα",37.99739,23.69643
Shell,Κολοκυνθού,Λένορμαν,"Περιστέρι, Αθήνα",37.99760,23.70982
Shell,Γηροκομείο,Κατεχάκη,"Αμπελόκηποι, Αθήνα",37.99766,23.76945
ΕΤΕΚΑ,Αττική,Σεπολίων,"Κυψέλη, Αθήνα",37.99771,23.72114
Revoil,Αττική,Αδμήτου,"Κυψέλη, Αθήνα",37.99779,23.72335
ΕΤΕΚΑ,Σωτηράκη,Εθνάρχου Μακαρίου,"Αιγάλεω, Αθήνα",37.99825,23.69091
Α.Π.,Άγιος Παντελεήμονας,,"Κυψέλη, Αθήνα",37.99857,23.72965
Aegean,Πικέρμι,Μαραθώνος,"Διώνη, Σπάτα",37.99865,23.93289
Shell,Σωτηράκη,Αθηνών,"Αιγάλεω, Αθήνα",37.99891,23.69086
BP,Μέγαρα,,,37.99925,23.36034
Avin,Κολοκυνθού,Λένορμαν,"Περιστέρι, Αθήνα",37.99925,23.70783
BP,Σωτηράκη,Θηβών,"Αιγάλεω, Αθήνα",37.99943,23.68409
BP,Τσακός,,"Αγία Παρασκευή, Παιανία",37.99951,23.81751
EKO,Πικέρμι,Μαπαθώνος,"Διώνη, Σπάτα",37.99952,23.91605
Revoil,Κολοκυνθού,Λένορμαν,"Περιστέρι, Αθήνα",37.99988,23.70766
Shell,Κολοκυνθού,,"Περιστέρι, Αθήνα",37.99990,23.70707
Revoil,Άγιος Παντελεήμονας,,"Κυψέλη, Αθήνα",37.99998,23.72791
Aegean,Κολοκυνθού,Λένορμαν,"Περιστέρι, Αθήνα",37.99999,23.70692
EKO,Νέα Πέραμος,,,38.00006,23.41476
EKO,Λεοντάριο,Σπάτων,Παιανία,38.00006,23.86129
Aegean,Νέο Ψυχικό,Αναστάσεως,Αθήνα,38.00022,23.78727
Revoil,Κυψέλη,Κυψέλης,Αθήνα,38.00027,23.73957
Revoil,Ελληνορώσων,Αγγέλου Σικελιανού,"Νέο Ψυχικό, Αθήνα",38.00038,23.77260
Shell,Πικέρμι,Μαραθώνος,"Διώνη, Σπάτα",38.00045,23.93640
Avin,Πικέρμι,Μαραθώνος,"Διώνη, Σπάτα",38.00076,23.93779
BP,Γηροκομείο,Περρίκου Κωνσταντίνου,"Αμπελόκηποι, Αθήνα",38.00077,23.76086
Shell,Μέγαρα,,,38.00081,23.33465
Aegean,Γηροκομείο,,"Αμπελόκηποι, Αθήνα",38.00096,23.76304
Aegean,Θυμαράκια,Αγίου Μελετίου,"Κυψέλη, Αθήνα",38.00098,23.72554
Aegean,Άνω Κορυδαλλός,,"Χαϊδάρι, Σκαραμαγκάς",38.00117,23.64499
Shell,Πλατεία Αμερικής,Αχαρνών,"Κυψέλη, Αθήνα",38.00157,23.72793
SILKOIL,Γέρακας,Λαυρίου,Παιανία,38.00161,23.84800
Aegean,Θυμαράκια,Ιωνίας,"Κυψέλη, Αθήνα",38.00180,23.72334
ΕΤΕΚΑ,Νέο Ψυχικό,,Αθήνα,38.00197,23.78545
BP,Πικέρμι,Μαραθώνος,"Διώνη, Σπάτα",38.00198,23.94011
Shell,Πλατεία Αμερικής,Μηθύμνης,"Κυψέλη, Αθήνα",38.00231,23.73220
Shell,Γέρακας,,Παιανία,38.00272,23.85693
ΕΤΕΚΑ,Πλατεία Αμερικής,,"Κυψέλη, Αθήνα",38.00279,23.73288
SILKOIL,Τσαλαβούτα,Κώστα Κρυστάλλη,"Περιστέρι, Αθήνα",38.00286,23.69844
EKO,Νέα Πέραμος,,,38.00302,23.42096
EKO,Νέα Κολοκυνθού,Κηφισού,"Περιστέρι, Αθήνα",38.00306,23.70669
Pearl,Παλλήνη,Μαραθώνος,Σπάτα,38.00310,23.90223
BP,Νέα Κολοκυνθού,,"Περιστέρι, Αθήνα",38.00312,23.70310
ΕΤΕΚΑ,Σωτηράκη,Θηβών,"Περιστέρι, Αθήνα",38.00319,23.68680
Avin,Λόφος Αξιωματικών,Αθηνών,"Αιγάλεω, Αθήνα",38.00331,23.68060
EKO,Μέγαρα,Καραϊσκάκη,,38.00332,23.33944
SILKOIL,Λόφος Αξιωματικών,Αθηνών,"Αιγάλεω, Αθήνα",38.00342,23.68032
EKO,Παλλήνη,Μαραθώνος,Σπάτα,38.00369,23.88673
BP,Νέα Πέραμος,,,38.00371,23.42217
Revoil,Πικέρμι,Μαραθώνος,"Διώνη, Σπάτα",38.00381,23.94614
Shell,Χολαργός,Μεσογείων,Αθήνα,38.00385,23.79293
EKO,Τσαλαβούτα,Φιλικών,"Περιστέρι, Αθήνα",38.00405,23.69669
BP,Παλλήνη,,Σπάτα,38.00408,23.89325
Aegean,Σωτηράκη,Αγίας Τριάδας,"Περιστέρι, Αθήνα",38.00423,23.68689
Revoil,Χαϊδάρι,Καραϊσκάκη,Σκαραμαγκάς,38.00431,23.66433
Shell,Παλλήνη,Μαραθώνος,Παιανία,38.00448,23.87480
ΕΛΙΝΟΙΛ,Αλεπότρυπα,,"Κυψέλη, Αθήνα",38.00482,23.74205
Shell,Νέα Κολοκυνθού,Εθνάρχου Μακαρίου,"Περιστέρι, Αθήνα",38.00497,23.70088
BP,Κιάτο,,,38.00499,22.76009
ETEKA,Θυμαράκια,Λιοσίων,"Πατήσια, Αθήνα",38.00513,23.72190
Shell,Σεπόλια,,"Πατήσια, Αθήνα",38.00520,23.71682
Α.Π.,Άνω Κυψέλη,Καυκάσου,"Κυψέλη, Αθήνα",38.00520,23.74891
EKO,Πικέρμι,Μαραθώνος,"Διώνη, Ραφήνα",38.00535,23.95324
Avin,Λόφος Αξιωματικών,,"Αιγάλεω, Αθήνα",38.00566,23.67646
ΕΤΕΚΑ,Γέρακας,Λαυρίου,Παιανία,38.00566,23.84686
Shell,Φάρος,Κηφισίας,"Νέο Ψυχικό, Αθήνα",38.00583,23.77666
Shell,Γέρακας,Μαραθώνος,Παιανία,38.00597,23.86595
BP,Λόφος Αξιωματικών,Αθηνών,"Αιγάλεω, Αθήνα",38.00599,23.67594
Aegean,Σκαραμαγκάς,Σχιστού,Skaramangas Camp,38.00603,23.60361
Shell,Μέγαρα,,,38.00622,23.33738
ΕΤΕΚΑ,Γέρακας,Λαυρίου,Παιανία,38.00635,23.84596
Shell,Λόφος Αξιωματικών,Ηρακλείτου,"Χαϊδάρι, Σκαραμαγκάς",38.00643,23.67433
EKO,Κάτω Χαλάνδρι,Μεσογείων,"Χολαργός, Αθήνα",38.00651,23.79739
BP,Γέρακας,Μαραθώνος,Παιανία,38.00672,23.86267
Aegean,Χαϊδάρι,Αγωνιστών Στρατοπέδου Χαϊδαρίου,Σκαραμαγκάς,38.00674,23.66030
Aegean,Μάσχα,Θηβών,"Περιστέρι, Αθήνα",38.00677,23.68781
Revoil,Μέγαρα,,,38.00679,23.33656
Aegean,Κάτω Χαλάνδρι,,"Χολαργός, Αθήνα",38.00706,23.79923
Revoil,Πλατεία Κολιάτσου,,"Κυψέλη, Αθήνα",38.00732,23.73770
BP,Χαϊδάρι,,Σκαραμαγκάς,38.00743,23.65183
Avin,Μάσχα,Θηβών,"Περιστέρι, Αθήνα",38.00754,23.68789
BP,Χαϊδάρι,Καραϊσκάκη,Σκαραμαγκάς,38.00784,23.66514
BP,Σεπόλια,Δυρραχίου,"Περιστέρι, Αθήνα",38.00790,23.71567
EGas,Σεπόλια,Λασκαράτου,"Περιστέρι, Αθήνα",38.00799,23.71221
EKO,Σεπόλια,Λασκαράτου,"Περιστέρι, Αθήνα",38.00835,23.71208
Aegean,Αλεπότρυπα,Αγίας Γλυκερίας,"Κυψέλη, Αθήνα",38.00868,23.74604
EKO,Μάσχα,,"Περιστέρι, Αθήνα",38.00872,23.68837
Aegean,Κάτω Βλυχάδα,,Νέα Πέραμος,38.00885,23.42983
ΕΤΕΚΑ,Νέα Κολοκυνθού,,"Περιστέρι, Αθήνα",38.00930,23.70249
Revoil,Στρατόπεδο Ραφήνα,Αγίου Δημητρίου,Ραφήνα,38.00930,23.97275
BP,Κιάτο,Εθνικής Αντίστασης,,38.00931,22.75336
Avin,Γέρακας,Λαυρίου,Παιανία,38.00933,23.84464
SILKOIL,Κιάτο,Εθνικής Αντίστασης,,38.00952,22.75336
BP,Κάτω Χαλάνδρι,Αμυκλών,"Νέο Ψυχικό, Αθήνα",38.00965,23.78898
EKO,Γέρακας,Μαραθώνος,Παιανία,38.00965,23.85086
Avin,Χαϊδάρι,Αγωνιστών Στρατοπέδου Χαϊδαρίου,Σκαραμαγκάς,38.00976,23.66167
BP,Κάτω Χαλάνδρι,Αμυκλών,"Νέο Ψυχικό, Αθήνα",38.00976,23.78870
ΕΤΕΚΑ,Κιάτο,,,38.00981,22.75283
Shell,Δάσος,Ιερά Οδός,"Χαϊδάρι, Σκαραμαγκάς",38.00981,23.64817
ΕΛΙΝΟΙΛ,Πλατεία Κολιάτσου,Κέας,"Πατήσια, Αθήνα",38.00995,23.73563
Avin,Κιάτο,,,38.01003,22.74084
ΕΛΙΝΟΙΛ,Γέρακας,Μαραθώνος,Παιανία,38.01005,23.84559
Shell,Σεπόλια,,"Περιστέρι, Αθήνα",38.01006,23.71252
Aegean,Περιβόλια,,"Γαλάτσι, Αθήνα",38.01013,23.74796
BP,Πανόραμα,Πρωτοπαπαδάκη,"Γαλάτσι, Αθήνα",38.01013,23.75744
Avin,Κάτω Χαλάνδρι,,"Χολαργός, Αθήνα",38.01015,23.80080
Revoil,Άγιος Νικόλαος,Αχαρνών,"Πατήσια, Αθήνα",38.01022,23.72922
EKO,Νέο Χαλάνδρι,Μεσογείων,"Αγία Παρασκευή, Παιανία",38.01069,23.80963
BP,Βάρδα,,Λεχαινά,38.01071,21.33924
Aegean,Μέγαρα,,,38.01081,23.33099
ΑΠ,Νέα Ζωή,Αθηνών,"Χαϊδάρι, Σκαραμαγκάς",38.01084,23.66773
Avin,Δάσος,Αθηνών,"Χαϊδάρι, Σκαραμαγκάς",38.01086,23.64835
Revoil,Σκαραμαγκάς,Σχιστού,Skaramangas Camp,38.01095,23.60446
BP,Δάσος,Αθηνών,"Χαϊδάρι, Σκαραμαγκάς",38.01098,23.64746
ΠΕΤΡΟΓΚΑΖ Α.Ε.,Δάσος,,"Χαϊδάρι, Σκαραμαγκάς",38.01108,23.64664
Agip,Χαϊδάρι,Αθηνών,Σκαραμαγκάς,38.01114,23.65251
EKO,Δάσος,Αθηνών,"Χαϊδάρι, Σκαραμαγκάς",38.01122,23.64623
Shell,Νέο Χαλάνδρι,Μεσογείων,"Αγία Παρασκευή, Παιανία",38.01136,23.81277
BP,Σκαραμαγκάς,,Skaramangas Camp,38.01146,23.60909
BP,Πευκάκια,Μαραθώνος,"Αγία Παρασκευή, Παιανία",38.01148,23.83813
BP,Τρίγωνο Αγίας Βαρβάρας,Εθνικής Αντιστάσεως,"Νέο Ψυχικό, Αθήνα",38.01156,23.78579
BP,Χαϊδάρι,Αθηνών,Σκαραμαγκάς,38.01159,23.65227
Avin,Νέο Χαλάνδρι,,"Αγία Παρασκευή, Παιανία",38.01164,23.81182
ΑΠ,Μπουρνάζι,,"Περιστέρι, Αθήνα",38.01173,23.70783
BP,Νέα Ζωή,Μεσογείων,"Αγία Παρασκευή, Παιανία",38.01189,23.81473
EKO,Σκαραμαγκάς,,Skaramangas Camp,38.01196,23.60686
ΕΤΕΚΑ,Μπουρνάζι,,"Περιστέρι, Αθήνα",38.01210,23.70938
Shell,Γαλάτσι,Πρωτοπαπαδάκη,Αθήνα,38.01212,23.75531
Aegean,Γκράβα,Ταϋγέτου,"Πατήσια, Αθήνα",38.01217,23.73885
EKO,Σκαραμαγκάς,,Skaramangas Camp,38.01221,23.60561
Shell,Στρατόπεδο Ραφήνα,Μαραθώνος,Ραφήνα,38.01243,23.97484
BP,Τρείς Γέφυρες,Λιοσίων,"Πατήσια, Αθήνα",38.01251,23.72007
Shell,Χαϊδάρι,Αθηνών,Σκαραμαγκάς,38.01261,23.65526
CNG,Γέρακας,,Παιανία,38.01261,23.86838
Revoil,Μπουρνάζι,,"Περιστέρι, Αθήνα",38.01273,23.70303
ΑΠ,Χαϊδάρι,Αθηνών,Σκαραμαγκάς,38.01283,23.66178
BP,Τρείς Γέφυρες,Στρατηγού Καλλάρη,"Πατήσια, Αθήνα",38.01283,23.72487
ETEKA,Σκαραμαγκάς,Σπύρου Μήλιου,Skaramangas Camp,38.01284,23.60246
ΕΛΙΝΟΙΛ,Μπουρνάζι,,"Περιστέρι, Αθήνα",38.01287,23.70131
EKO,Πευκάκια,Κλεισθένους,"Γέρακας, Παιανία",38.01288,23.84367
Shell,Κοντόπευκο,Μεσογείων,"Αγία Παρασκευή, Παιανία",38.01304,23.83576
Shell,Πευκάκια,Κλεισθένους,"Γέρακας, Παιανία",38.01331,23.84371
BP,Γαλάτσι,,Αθήνα,38.01337,23.75108
BP,Στρατόπεδο Ραφήνα,Μαραθώνος,Ραφήνα,38.01339,23.97527
BP,Λόφος Αξιωματικών,Πελασγίας,"Περιστέρι, Αθήνα",38.01347,23.68133
Aegean,Κοντόπευκο,Μεσογείων,"Αγία Παρασκευή, Παιανία",38.01370,23.82755
Aegean,Δάσος,Γ. Παπανδρέου,"Χαϊδάρι, Σκαραμαγκάς",38.01376,23.65320
BP,Δαφνί,Αθηνών - Κορίνθου,"Χαϊδάρι, Σκαραμαγκάς",38.01385,23.63454
Aegean,Κάτω Βλυχάδα,,Νέα Πέραμος,38.01386,23.44011
EKO,Περιβόλια,Γαλατσίου,"Γαλάτσι, Αθήνα",38.01387,23.74807
Avin,Δαφνί,Αθηνών - Κορίνθου,"Χαϊδάρι, Σκαραμαγκάς",38.01391,23.63315
Revoil,Περιβόλια,Γαλατσίου,"Γαλάτσι, Αθήνα",38.01394,23.74927
EKO,Νέα Ζωή,Φαβιέρου,"Χαϊδάρι, Σκαραμαγκάς",38.01401,23.67322
Aegean,Κάρυστος,,,38.01407,24.41649
Revoil,Κοντόπευκο,Μεσογείων,"Αγία Παρασκευή, Παιανία",38.01410,23.82869
Revoil,Τρείς Γέφυρες,,"Άγιοι Ανάργυροι, Αθήνα",38.01412,23.71806
Avin,Πευκάκια,Παναγούλη,"Γέρακας, Παιανία",38.01426,23.84294
Avin,Νέο Χαλάνδρι,Χαλανδρίου,"Αγία Παρασκευή, Παιανία",38.01434,23.81801
Avin,Μπουρνάζι,,"Περιστέρι, Αθήνα",38.01457,23.70791
ΕΤΕΚΑ,Κρητικά,Γαλατσίου,"Γαλάτσι, Αθήνα",38.01458,23.74662
Shell,Γκράβα,,"Πατήσια, Αθήνα",38.01522,23.74404
Shell,Τρίγωνο Αγίας Βαρβάρας,Εθνικής Αντιστάσεως,"Φιλοθέη, Αθήνα",38.01523,23.79074
Aegean,Νέο Χαλάνδρι,Χαλανδρίου,"Αγία Παρασκευή, Παιανία",38.01526,23.81582
EKO,Πευκάκια,Κλεισθένους,"Γέρακας, Παιανία",38.01530,23.84390
Revoil,Τρείς Γέφυρες,Ρεγκούκου,"Πατήσια, Αθήνα",38.01541,23.72093
Shell,Κρητικά,Γαλατσίου,"Γαλάτσι, Αθήνα",38.01548,23.74463
Avin,Γκράβα,Ψυχάρη,"Πατήσια, Αθήνα",38.01561,23.73960
Revoil,Άγιος Ελευθέριος,Αχαρνών,"Πατήσια, Αθήνα",38.01562,23.72859
Aegean,Τρίγωνο Αγίας Βαρβάρας,Φιλικής Εταιρείας,"Χαλάνδρι, Αθήνα",38.01563,23.79222
EKO,Τρίγωνο Αγίας Βαρβάρας,Εθνικής Αντιστάσεως,"Φιλοθέη, Αθήνα",38.01585,23.79115
Revoil,Στρατόπεδο Ραφήνα,,Ραφήνα,38.01593,23.97823
BP,Κάτω Βλυχάδα,,Νέα Πέραμος,38.01600,23.41820
ΕΤΕΚΑ,Άγιος Ελευθέριος,,"Πατήσια, Αθήνα",38.01600,23.72813
EKO,Γέρακας,Γέρακα,Παιανία,38.01609,23.86040
Revoil,Πατήσια,,Αθήνα,38.01612,23.73110
Avin,Νεράκι,,Νέα Πέραμος,38.01635,23.44252
Avin,Άγιος Βασίλειος,Δωδεκανήσου,"Περιστέρι, Αθήνα",38.01646,23.68845
Shell,Τρίγωνο Αγίας Βαρβάρας,Εθνικής Αντιστάσεως,"Χαλάνδρι, Αθήνα",38.01655,23.79412
Revoil,Κάρυστος,,,38.01660,24.41493
BP,Ακτημόνων,Veikou,"Γαλάτσι, Αθήνα",38.01687,23.75522
Shell,Άγιος Βασίλειος,Αναπαύσεως,"Περιστέρι, Αθήνα",38.01691,23.69096
Avin,Μπουρνάζι,Αγίου Φανουρίου,"Περιστέρι, Αθήνα",38.01718,23.70806
ΕΤΕΚΑ,Χαλάνδρι,,Αθήνα,38.01736,23.79668
BP,Χαλάνδρι,Εθνικής Αντιστάσεως,Αθήνα,38.01738,23.79494
Revoil,Χαλάνδρι,Αριστοτέλους,Αθήνα,38.01741,23.80095
Aegean,Άγιος Βασίλειος,,"Περιστέρι, Αθήνα",38.01769,23.68996
ΕΤΕΚΑ,Νέο Χαλάνδρι,Αγίας Παρασκευής,"Χαλάνδρι, Αθήνα",38.01805,23.80892
ΑΠ,Μπουρνάζι,Ηρακλέους,"Περιστέρι, Αθήνα",38.01822,23.70049
Aegean,Άνω Χαλάνδρι,Παπανικολή,"Χαλάνδρι, Αθήνα",38.01831,23.80544
BP,Κρητικά,Χαλεπά,"Πατήσια, Αθήνα",38.01840,23.74309
ΕΤΕΚΑ,Κάρυστος,,,38.01868,24.41181
BP,Ραφήνα,Αλέξανδρου Φλέμινγκ,Στρατόπεδο Ραφήνα,38.01874,23.99825
ΕΤΕΚΑ,Περιστέρι,,Αθήνα,38.01890,23.69622
EKO,Ραφήνα,Αλ. Φλέμινγκ,Στρατόπεδο Ραφήνα,38.01893,23.99603
EKO,Περαχώρα,,Λουτράκι,38.01903,22.94722
Shell,Ραφήνα,Αλέξανδρου Φλέμινγκ,Στρατόπεδο Ραφήνα,38.01905,24.00056
BP,Άνω Πατήσια,Πατησίων,"Πατήσια, Αθήνα",38.01943,23.73537
EKO,Σίδερα,Παπανικολή,"Χαλάνδρι, Αθήνα",38.01947,23.79433
Avin,Νέο Χαλάνδρι,Δουκίσσης Πλακεντίας,"Χαλάνδρι, Παιανία",38.01984,23.81066
Aegean,Κάτω Διμηνιό,,Κιάτο,38.02048,22.73731
BP,Πευκάκια,Παναγούλη,"Γέρακας, Παιανία",38.02060,23.83741
Shell,Άγιος Ελευθέριος,Αχαρνών,"Πατήσια, Αθήνα",38.02068,23.72928
Α.Π.,Γαργηττός,Κλεισθένους,"Γέρακας, Παιανία",38.02079,23.84695
Shell,Σίδερα,,"Χαλάνδρι, Αθήνα",38.02080,23.79333
Revoil,Γαργηττός,Κλεισθένους,"Γέρακας, Παιανία",38.02094,23.84709
BP,Άγιος Ελευθέριος,Αχαρνών,"Πατήσια, Αθήνα",38.02118,23.72996
BP,Κάρυστος,,,38.02135,24.41026
Avin,Λαμπρινή,Ορφανίδου,"Πατήσια, Αθήνα",38.02141,23.74306
Revoil,Βάρδα,,Λεχαινά,38.02166,21.36036
Revoil,Πηγάδια,,Κάτω Αχαΐα,38.02171,21.60689
Revoil,Άγιος Φανούριος,,"Άγιοι Ανάργυροι, Αθήνα",38.02216,23.71022
BP,Ανθούπολη,,"Περιστέρι, Αθήνα",38.02261,23.69426
EKO,Σίδερα,,"Χαλάνδρι, Αθήνα",38.02274,23.79533
Avin,Άνω Πατήσια,Ηρακλείου,"Πατήσια, Αθήνα",38.02277,23.73938
Revoil,Λαμπρινή,Τράλλεων,"Γαλάτσι, Αθήνα",38.02291,23.74659
EKO,Γαργηττός,Κλεισθένους,"Γέρακας, Παιανία",38.02311,23.84859
ΑΠ,Περαχώρα,,Λουτράκι,38.02328,22.94815
ΕΤΕΚΑ,Άνω Πατήσια,,"Νέα Χαλκηδόνα, Αθήνα",38.02331,23.73083
Revoil,Άγιοι Ανάργυροι,,Αθήνα,38.02358,23.72199
Shell,Άνω Πατήσια,,"Νέα Χαλκηδόνα, Αθήνα",38.02369,23.73485
Valin,Άσπρα Χώματα,Αγίου Ιεροθέου,"Περιστέρι, Αθήνα",38.02385,23.68406
Avin,Ζωοδόχος Πηγή,Ρήγα Φεραίου,"Ίλιον, Αθήνα",38.02410,23.70188
Revoil,Γαργηττός,,"Γέρακας, Παιανία",38.02511,23.84968
Revoil,Πευκάκια,Ηρακλείτου,"Βριλήσσια, Παιανία",38.02525,23.84009
Shell,Βλυχάδα,,Νέα Πέραμος,38.02538,23.44049
EKO,Άγιοι Ανάργυροι,,Αθήνα,38.02546,23.72349
Shell,Κάτω Διμηνιό,,Κιάτο,38.02588,22.73238
Revoil,Λουτρόπυργος,,Νέα Πέραμος,38.02598,23.47045
EKO,Άνω Πατήσια,Χαλκίδος,"Νέα Χαλκηδόνα, Αθήνα",38.02604,23.73287
BP,Ριζούπολη,Ηρακλείου,"Νέα Χαλκηδόνα, Αθήνα",38.02629,23.74242
EKO,Καλύβια,,Κάρυστος,38.02647,24.37905
BP,Αγία Φιλοθέη,,"Φιλοθέη, Αθήνα",38.02661,23.78570
Shell,Φραγκοκκλησιά,Πεντέλης,"Χαλάνδρι, Αθήνα",38.02676,23.81183
BP,Γαργηττός,Κλεισθένους,"Γέρακας, Παιανία",38.02708,23.85103
Revoil,Πολυτέκνων,,"Ίλιον, Αθήνα",38.02710,23.69750
VALIN,Ανθούπολη,Κωνσταντινουπόλεως,"Περιστέρι, Αθήνα",38.02733,23.68861
EKO,Πευκάκια,Ηρακλείτου,"Βριλήσσια, Παιανία",38.02736,23.84372
ΕΤΕΚΑ,Άγιοι Ανάργυροι,Αγίων Αναργύρων,Αθήνα,38.02737,23.72475
Shell,Άγιοι Ανάργυροι,,Αθήνα,38.02741,23.72335
ΕΛΙΝΟΙΛ,Βάρδα,,Λεχαινά,38.02767,21.36296
EKO,Καλύβια,,Κάρυστος,38.02775,24.38768
EKO,Χρυσούπολη,Ιωαννίνων,"Πετρούπολη, Σκαραμαγκάς",38.02788,23.67852
ΕΛΙΝΟΙΛ,Νέα Χαλκηδόνα,,Αθήνα,38.02813,23.73335
ΕΤΕΚΑ,Φλέβα,,"Άγιοι Ανάργυροι, Αθήνα",38.02816,23.71332
EKO,Αγία Φιλοθέη,Καποδιστρίου,"Φιλοθέη, Αθήνα",38.02832,23.78288
ΕΤΕΚΑ,Φλέβα,,"Άγιοι Ανάργυροι, Αθήνα",38.02833,23.71253
EKO,Μέγαρα,,,38.02834,23.31465
BP,Ίλιον,Πριάμου,Αθήνα,38.02837,23.70974
Million,Πολυτέκνων,Θηβών,"Ίλιον, Αθήνα",38.02859,23.69949
EKO,Παλατιανή,,"Ίλιον, Αθήνα",38.02880,23.69627
Shell,Νέα Χαλκηδόνα,,Αθήνα,38.02880,23.73058
ΕΤΕΚΑ,Άγιοι Ανάργυροι,,Αθήνα,38.02901,23.72321
Shell,Παλατιανή,,"Ίλιον, Αθήνα",38.02912,23.69553
Shell,Συνοικισμός,,"Φιλοθέη, Αθήνα",38.02935,23.79218
Shell,Καλύβια,,Κάρυστος,38.02948,24.40721
Avin,Πευκάκια,Ηρακλείτου,"Βριλήσσια, Παιανία",38.02950,23.84437
EKO,Πολυτέκνων,,"Ίλιον, Αθήνα",38.02971,23.69797
BP,Ρίζα,,Ξυλόκαστρο,38.02987,22.56875
Revoil,Νέα Χαλκηδόνα,Αχαρνών,Αθήνα,38.03000,23.72979
EKO,Άγιος Ιερόθεος,,"Πετρούπολη, Σκαραμαγκάς",38.03056,23.68303
EKO,Φλέβα,Ιλίου,"Ίλιον, Αθήνα",38.03064,23.71356
BP,Φραγκοκκλησιά,Πεντέλης,"Χαλάνδρι, Παιανία",38.03073,23.81831
Aegean,Άγιοι Ανάργυροι,,Αθήνα,38.03135,23.72120
EKO,Νεάπολη,,"Νέα Ιωνία, Αθήνα",38.03135,23.76143
Aegean,Ριζούπολη,Ηρακλείου,"Νέα Χαλκηδόνα, Αθήνα",38.03139,23.74339
Avin,Ίλιον,Πρωτεσιλάου,Αθήνα,38.03152,23.70640
ETEKA,Κηπούπολη,Περικλέους,"Πετρούπολη, Σκαραμαγκάς",38.03160,23.68211
Revoil,Ριζούπολη,Αβέρωφ,"Νέα Χαλκηδόνα, Αθήνα",38.03182,23.74437
ΕΤΕΚΑ,Ίλιον,Ιλίου,Αθήνα,38.03184,23.71006
SILKOIL,Κηπούπολη,Περικλέους,"Πετρούπολη, Σκαραμαγκάς",38.03185,23.68150
Avin,Καλάβρυτα,,,38.03208,22.10726
EKO,Καλάβρυτα,Παλαιών Πατρών Γερμανού,,38.03241,22.10674
Revoil,Φραγκοκκλησιά,,"Βριλήσσια, Παιανία",38.03249,23.82030
BP,Βριλήσσια,Ηρακλείτου,Παιανία,38.03252,23.84670
Shell,Περισσός,,"Νέα Ιωνία, Αθήνα",38.03343,23.75610
Shell,Νέος Βουτζάς,,Ραφήνα,38.03351,23.98440
Revoil,Βάρδα,,Λεχαινά,38.03383,21.36551
Revoil,Σαφράμπολη,,"Νέα Ιωνία, Αθήνα",38.03395,23.75853
SILKOIL,Δέση,,"Βριλήσσια, Παιανία",38.03431,23.85662
BP,Καλάβρυτα,,,38.03453,22.09183
Revoil,Ριμινιτών,Έκτορος,"Ίλιον, Αθήνα",38.03475,23.71084
BP,Skaramangas Camp,Αθηνών - Κορίνθου,Ασπρόπυργος,38.03482,23.59461
ΕΤΕΚΑ,Ριμινιτών,Φυλής,"Ίλιον, Αθήνα",38.03501,23.71640
Shell,Καλάβρυτα,,,38.03575,22.11295
EKO,Skaramangas Camp,,Ασπρόπυργος,38.03581,23.59392
BP,Νέο Μαρούσι,Πεντέλης,"Βριλήσσια, Παιανία",38.03583,23.82474
ΑΠ,Μιχελή,,"Ίλιον, Αθήνα",38.03612,23.70161
Shell,Νέο Μαρούσι,Μεσογείων,"Βριλήσσια, Παιανία",38.03618,23.81964
BP,Αλσούπολη,,"Νέα Ιωνία, Αθήνα",38.03628,23.77316
Avin,Μιχελή,Θηβών,"Ίλιον, Αθήνα",38.03641,23.70409
ΕΛΙΝΟΙΛ,Παλατιανή,,"Πετρούπολη, Αθήνα",38.03643,23.69351
ΕΤΕΚΑ,Καλογρέζα,Βυζαντίου,"Νέα Ιωνία, Αθήνα",38.03650,23.76777
Shell,Πευκάκια,Ηρακλείου,"Νέα Φιλαδέλφεια, Αθήνα",38.03656,23.74842
Shell,Skaramangas Camp,,Ασπρόπυργος,38.03667,23.59347
Shell,Μιχελή,Μενελάου,"Ίλιον, Αθήνα",38.03689,23.70493
Revoil,Καγκάδι,,,38.03693,21.45312
Shell,Μιχελή,Μενελάου,"Ίλιον, Αθήνα",38.03699,23.70541
ΕΤΕΚΑ,Αγία Τριάδα - Πεύκα Βέρδη,Περικλέους,"Πετρούπολη, Σκαραμαγκάς",38.03703,23.67514
Shell,Ριμινιτών,Φυλής,"Ίλιον, Αθήνα",38.03798,23.71602
EKO,Καλύβια,,Κάρυστος,38.03804,24.40287
Revoil,Ασπρόπυργος,,Skaramangas Camp,38.03809,23.59215
Aegean,Ασπρόπυργος,,Skaramangas Camp,38.03816,23.59135
Avin,Αλσούπολη,Κύμης,"Ηράκλειο, Αθήνα",38.03861,23.77459
EKO,Νέο Μαρούσι,,"Βριλήσσια, Παιανία",38.03862,23.82833
Avin,Αλσούπολη,Κύμης,"Ηράκλειο, Αθήνα",38.03875,23.77529
Revoil,Νέα Μάδυτος,Πίνδου,"Νέα Φιλαδέλφεια, Αθήνα",38.03933,23.73884
Revoil,Ανάκασα,Στουρνάρα,"Νέα Χαλκηδόνα, Αθήνα",38.03935,23.72908
EKO,Καλογρέζα,Κασταμονής,"Νέα Ιωνία, Αθήνα",38.03935,23.76883
Shell,Καλογρέζα,Βυζαντίου,"Νέα Ιωνία, Αθήνα",38.03940,23.76236
Aegean,Ελευσίνα,Ωκεανίδων,Skaramangas Camp,38.04010,23.55092
ΕΤΕΚΑ,Ασπρόπυργος,,Skaramangas Camp,38.04054,23.58914
EKO,Ανάκασα,,"Νέα Χαλκηδόνα, Αθήνα",38.04094,23.72629
EKO,Νέα Μάδυτος,,"Νέα Φιλαδέλφεια, Αθήνα",38.04112,23.73477
BP,Νέο Ηράκλειο,Μαρίνου Αντύπα,"Ηράκλειο, Αθήνα",38.04138,23.77586
PB,Νέα Ιωνία,,Αθήνα,38.04227,23.76150
ΑΠ,Ραδιοφωνία,Πριάμου,"Ίλιον, Φυλή",38.04271,23.70662
ΕΛΙΝΟΙΛ,Νέο Ηράκλειο,,"Ηράκλειο, Αθήνα",38.04276,23.77339
EKO,Μιχελή,Αγίου Νικολάου,"Ίλιον, Φυλή",38.04303,23.70119
EKO,Ελευσίνα,,,38.04335,23.54189
EKO,Ελευσίνα,,,38.04336,23.54189
EKO,Ελευσίνα,,,38.04339,23.54179
Shell,Άνω Βριλήσσια,Αναπαύσεως,"Βριλήσσια, Παιανία",38.04345,23.84509
Shell,Άνω Βριλήσσια,Αναπαύσεως,"Βριλήσσια, Παιανία",38.04393,23.84356
BP,Σωρός,Σωρού,"Μαρούσι, Αθήνα",38.04471,23.81052
ΕΤΕΚΑ,Εργατικές Κατοικίες Ιλίου,,"Νέα Φιλαδέλφεια, Αθήνα",38.04501,23.72843
BP,Κοσμάς Αιτωλός,,"Νέα Φιλαδέλφεια, Αθήνα",38.04513,23.73806
"Α.Π,",Ελευσίνα,,,38.04529,23.54573
EKO,Μελίσσια,Πεντέλης,Παιανία,38.04534,23.83796
Shell,Ελευσίνα,Ηρώων Πολυτεχνείου,,38.04546,23.53408
,Ελευσίνα,,,38.04546,23.53409
BP,Ραδιοφωνία,Φυλής,"Ίλιον, Φυλή",38.04552,23.71555
BP,Ελευσίνα,,,38.04578,23.54823
EKO,Νέα Μανολάδα,,,38.04582,21.38502
EKO,Νέα Μανολάδα,,,38.04582,21.38530
EKO,Ψαλίδι,Κύμης,"Ηράκλειο, Αθήνα",38.04596,23.78254
ΕΛΙΝΟΙΛ,Μαρμάρι,,Κάρυστος,38.04660,24.32262
EKO,Κοσμάς Αιτωλός,Φιλαδελφείας,"Νέα Φιλαδέλφεια, Αθήνα",38.04689,23.73743
SILKOIL,Μανολάδα,,Λεχαινά,38.04715,21.34844
Shell,Άγιοι Ανάργυροι,Κηφισίας,"Μαρούσι, Αθήνα",38.04776,23.80748
BP,Ελευσίνα,Ηρώων Πολυτεχνείου,,38.04778,23.52959
Shell,Άνω Ανάκασα,Δημοκρατίας,"Νέα Φιλαδέλφεια, Αθήνα",38.04793,23.72898
Aegean,Εργατικές κατοικίες,,"Μαρούσι, Αθήνα",38.04795,23.80345
Shell,Καναπίτσα,Αλέκου Παναγούλη,"Νέα Ιωνία, Αθήνα",38.04798,23.75546
EKO,Ασπρόπυργος,Δημοκρατίας,Skaramangas Camp,38.04800,23.58606
EKO,Ελευσίνα,Ηρώων Πολυτεχνείου,,38.04814,23.52965
Revoil,Ασπρόπυργος,,Skaramangas Camp,38.04820,23.57178
Shell,Ελευσίνα,,,38.04841,23.55436
EKO,Άνω Ανάκασα,,"Νέα Φιλαδέλφεια, Αθήνα",38.04871,23.73168
BP,Εργατικές κατοικίες,Αγίου Κωνσταντίνου,"Μαρούσι, Αθήνα",38.04878,23.80124
EKO,Ηράκλειο,Ηρακλείου,Αθήνα,38.04907,23.76216
,Κοκκινιά,,"Μαρούσι, Αθήνα",38.04945,23.81724
ΕΤΕΚΑ,Άνω Ανάκασα,Δημοκρατίας,"Νέα Φιλαδέλφεια, Φυλή",38.04952,23.72969
,Κοκκινιά,,"Μαρούσι, Αθήνα",38.04952,23.81702
Aegean,Ελευσίνα,,,38.05001,23.52611
BP,Καναπίτσα,Ιφιγενείας,"Νέα Φιλαδέλφεια, Αθήνα",38.05001,23.75241
Silk Oil,Άρλα,,Κάτω Αχαΐα,38.05021,21.60953
EKO,Μελίσσι,,Ξυλόκαστρο,38.05054,22.68528
BP,Ηράκλειο,Ηρακλείου,Αθήνα,38.05075,23.76514
Revoil,Ασπρόπυργος,Δημοκρατίας,Skaramangas Camp,38.05087,23.58637
Shell,Καναπίτσα,Τατοΐου,"Νέα Φιλαδέλφεια, Αθήνα",38.05090,23.75010
Avin,Μελίσσια,Δημοκρατίας,Παιανία,38.05113,23.83691
BP,Μελίσσια,Δημοκρατίας,Παιανία,38.05143,23.83179
BP,Καναπίτσα,Τατοΐου,"Νέα Φιλαδέλφεια, Αθήνα",38.05175,23.75106
ΕΤΕΚΑ,Νέα Λέσβος,Πεντέλης,"Μελίσσια, Παιανία",38.05182,23.82910
ΑΠ,Ασπρόπυργος,Δημοκρατίας,Skaramangas Camp,38.05221,23.58672
Aegean,Καναπίτσα,Τατοΐου,"Μεταμόρφωση, Αθήνα",38.05250,23.75134
Revoil,Ασπρόπυργος,,Skaramangas Camp,38.05254,23.59469
,Ασπρόπυργος,,Skaramangas Camp,38.05259,23.58677
Shell,Νέα Λέσβος,Δημοκρατίας,"Μελίσσια, Παιανία",38.05267,23.82767
Avin,Άνω Ανάκασα,Δημοκρατίας,"Νέα Φιλαδέλφεια, Φυλή",38.05281,23.73024
BP,Ανάβρυτα,Πεντέλης,"Μαρούσι, Αθήνα",38.05299,23.81463
Revoil,Αστέρι,,,38.05300,21.72409
Avin,Καναπίτσα,Αναγεννήσεως,"Νέα Φιλαδέλφεια, Αθήνα",38.05322,23.74780
Α.Π.,Μαρούσι,Βασιλίσσης Σοφίας,Αθήνα,38.05334,23.80823
Shell,Πράσινος Λόφος,Ηρακλείου,"Ηράκλειο, Αθήνα",38.05371,23.76812
ΕΛΙΝΟΙΛ,Κόκκινος Μύλος,Αναγεννήσεως,"Μεταμόρφωση, Φυλή",38.05439,23.74673
Shell,Μαρούσι,Λεωφόρος Κηφισίας,Αθήνα,38.05453,23.81189
Shell,Πράσινος Λόφος,Ηρακλείου,"Ηράκλειο, Αθήνα",38.05517,23.76984
Shell,Ασπρόπυργος,,Skaramangas Camp,38.05521,23.58866
Shell,Νέα Μανολάδα,,,38.05542,21.38926
EKO,Καματερό,Φυλής,Φυλή,38.05546,23.71310
Aegean,Ελευσίνα,,,38.05565,23.52497
CNG,Κόκκινος Μύλος,,"Μεταμόρφωση, Φυλή",38.05572,23.74628
ΕΤΕΚΑ,Ασπρόπυργος,Μεγαρίδος,Skaramangas Camp,38.05574,23.58826
Avin,Γεροβουνό,Δημοκρατίας,"Νέα Φιλαδέλφεια, Φυλή",38.05578,23.73043
ΕΛΙΝΟΙΛ,Ασπρόπυργος,,Νέα Ζωή,38.05588,23.60089
EKO,Ανάβρυτα,Κηφισίας,"Μαρούσι, Αθήνα",38.05609,23.81213
SilkOil,Κόκκινος Μύλος,,"Νέα Φιλαδέλφεια, Φυλή",38.05613,23.73810
ΕΛΙΝΟΙΛ,Κόκκινος Μύλος,Φιλαδελφείας,"Νέα Φιλαδέλφεια, Φυλή",38.05616,23.73780
EKO,Παλαιό Ηράκλειο,Πλαπούτα,"Πεύκη, Αθήνα",38.05635,23.77914
ΕΛΙΝΟΙΛ,Μαρούσι,Κηφισίας,Αθήνα,38.05639,23.81110
Avin,Ασπρόπυργος,,Νέα Ζωή,38.05641,23.59983
EKO,Καματερό,Σωκράτους,Φυλή,38.05718,23.70687
ΕΤΕΚΑ,Άγιος Νικόλαος,,"Μαρούσι, Αθήνα",38.05768,23.80244
ΑΠ,Ελευσίνα,,,38.05786,23.51254
Shell,Γεροβουνό,Κωστή Παλαμά,"Καματερό, Φυλή",38.05819,23.71791
Revoil,Μεταμόρφωση,Τατοΐου,Φυλή,38.05824,23.75519
CYCLON,Ρίολος,,Κάτω Αχαΐα,38.05833,21.46971
Aegean,Ασπρόπυργος,28ης Οκτωβρίου,Νέα Ζωή,38.05835,23.59148
ΕΤΕΚΑ,Καματερό,,Φυλή,38.05837,23.71359
EKO,Μελίσσια,Πηγής,Παιανία,38.05866,23.83792
Aegean,Ασπρόπυργος,,Ήμερος Τόπος,38.05879,23.57928
Avin,Πεύκη,Ειρήνης,Αθήνα,38.05897,23.79188
ΑΠ,Ασπρόπυργος,Θρασύμβουλου,Νέα Ζωή,38.05920,23.59318
Revoil,Πεύκη,Ειρήνης,Αθήνα,38.05928,23.79451
EKO,Παλαιό Ηράκλειο,Ηρακλείου,"Λυκόβρυση, Αθήνα",38.05933,23.77225
BP,Πεύκη,Ειρήνης,Αθήνα,38.05935,23.79375
ΕΤΕΚΑ,Άγιος Νικόλαος,Ειρήνης,"Πεύκη, Αθήνα",38.06004,23.79738
CYCLON,Παλαιό Ηράκλειο,Ηρακλείου,"Λυκόβρυση, Αθήνα",38.06039,23.77319
ΕΛΙΝΟΙΛ,Καματερό,,Φυλή,38.06056,23.71710
ΑΡΓΩ,Πεύκη,Αμαρουσίου,Αθήνα,38.06071,23.78500
BP,Μεταμόρφωση,Τατοΐου,Φυλή,38.06163,23.75660
EKO,Κόκκινος Μύλος,Φιλαδελφείας,"Μεταμόρφωση, Φυλή",38.06256,23.73919
Shell,Ελευσίνα,Αδελφών Κυπραίου,,38.06270,23.53122
EKO,Αγία Μαρίνα,,Νέα Μάκρη,38.06283,23.98195
Shell,Ελευσίνα,,,38.06320,23.53068
BP,Μεταμόρφωση,Αρβανίτη,Φυλή,38.06337,23.76349
Shell,Νέα Ζωή,,Ασπρόπυργος,38.06348,23.64258
Aegean,Νέα Λέσβος,25ης Μαρτίου,"Μελίσσια, Παιανία",38.06367,23.82932
Avin,Άγιος Νικόλαος,Κηφισίας,"Κηφισιά, Αθήνα",38.06386,23.80911
Avin,Ασπρόπυργος,Θρασύμβουλου,Νέα Ζωή,38.06429,23.59523
Avin,Νέα Ζωή,NATO,Ασπρόπυργος,38.06458,23.63564
Shell,Νέα Ζωή,,Ασπρόπυργος,38.06490,23.63608
,Ασπρόπυργος,,Νέα Ζωή,38.06546,23.59575
Revoil,Νέα Ζωή,,Ασπρόπυργος,38.06653,23.62816
Revoil,Παλαιό Ηράκλειο,Γεωργίου Παπανδρέου,"Μεταμόρφωση, Φυλή",38.06654,23.76704
ΕΛΙΝΟΙΛ,Καματερό,Φυλής,Φυλή,38.06661,23.71239
BP,Μποφίλια,Τατοΐου,"Μεταμόρφωση, Φυλή",38.06662,23.76026
EKO,Οικισμός Παραθ. Οικοδ. Συνετ. Ιατρών,,Κάρυστος,38.06671,24.33244
Shell,Χαραυγή,,"Μεταμόρφωση, Φυλή",38.06717,23.74631
Shell,Χαραυγή,,"Μεταμόρφωση, Φυλή",38.06744,23.73907
EKO,Λυκόβρυση,Γεωργίου Παπανδρέου,Φυλή,38.06845,23.77118
ΕΛΙΝΟΙΛ,Ζούμπερι,,Νέα Μάκρη,38.06903,23.98245
Revoil,Σκάλα,,,38.06995,20.78943
ΕΤΕΚΑ,Λυκόβρυση,,Φυλή,38.07002,23.78371
Shell,Λυκόβρυση,Σοφοκλή Βενιζέλου,Φυλή,38.07041,23.78392
EKO,Λυκόβρυση,Σοφοκλή Βενιζέλου,Φυλή,38.07101,23.78561
Shell,Ζωφριά ΙΙ,Μεγάλου Αλεξάνδρου,"Καματερό, Φυλή",38.07111,23.69473
EKO,Άγιος Νικόλαος,Μεγάλου Αλεξάνδρου,"Καματερό, Φυλή",38.07116,23.69636
ΕΛΙΝΟΙΛ,Ζωφριά Ι,Αθηναγόρα,"Καματερό, Φυλή",38.07118,23.70225
Revoil,Ασπρόπυργος,ΝΑΤΟ,Νέα Ζωή,38.07147,23.60013
EKO,Ασπρόπυργος,ΝΑΤΟ,Νέα Ζωή,38.07212,23.59618
EKO,Χαραυγή,,"Αχαρνές, Φυλή",38.07279,23.73470
BP,Ασπρόπυργος,,Ήμερος Τόπος,38.07292,23.59082
Avin,Άγιος Νικόλαος,Νικολάου Σκαλκώτα,"Άνω Λιόσια, Φυλή",38.07300,23.69884
Α.Π.,Απιδεώνας,,Κάτω Αχαΐα,38.07325,21.42770
Revoil,Μποφίλια,Ναυπλίου,"Μεταμόρφωση, Φυλή",38.07351,23.76355
Shell,Ζωφριά Ι,Φυλής,"Άνω Λιόσια, Φυλή",38.07376,23.70733
Shell,Ζωφριά Ι,Φυλής,"Άνω Λιόσια, Φυλή",38.07398,23.70666
Bus depot HRS,Μαγούλα,,Ήμερος Τόπος,38.07426,23.53285
ΕΛΙΝΟΙΛ,Μαγούλα,,Ήμερος Τόπος,38.07453,23.53211
VALIN,Ζεφύρι,Παναγίας Γρηγορούσσης,"Άνω Λιόσια, Φυλή",38.07454,23.71955
BP,Ηλιακό Χωριό,Αχαρνών,"Κηφισιά, Φυλή",38.07455,23.79718
Avin,Ηλιακό Χωριό,,"Κηφισιά, Φυλή",38.07515,23.79581
Avin,Μαγούλα,,Ήμερος Τόπος,38.07518,23.52546
,Χαραυγή,,"Αχαρνές, Φυλή",38.07549,23.73350
Shell,Μερτικαίικα,,Ξυλόκαστρο,38.07583,22.62036
ΑΠ,Άγιος Νικόλαος,Οδυσσέα Ελύτη,"Άνω Λιόσια, Φυλή",38.07583,23.69630
Avin,Ξυλόκαστρο,,,38.07596,22.62346
Aegean,Κηφισιά,Κηφισίας,Φυλή,38.07608,23.81190
Independent,Χαραυγή,Π. Μιχαλάκη,"Αχαρνές, Φυλή",38.07618,23.73992
EKO,Μαγούλα,,,38.07637,23.51269
BP,Ξυλόκαστρο,,,38.07646,22.63707
BP,Χαραυγή,Φιλαδελφείας,"Αχαρνές, Φυλή",38.07662,23.73978
EKO,Μερτικαίικα,,Ξυλόκαστρο,38.07671,22.61916
EKO,Ξυλόκαστρο,Ιωάννου,,38.07705,22.63438
EKO,Κηφισιά,Κηφισίας,Φυλή,38.07736,23.81297
Shell,Άγιος Νικόλαος,Φυλής,"Άνω Λιόσια, Φυλή",38.07760,23.70185
ΕΤΕΚΑ,Χαραυγή,Φιλαδελφείας,"Αχαρνές, Φυλή",38.07774,23.73910
Aegean,Κηφισιά,Κηφισίας,Φυλή,38.07803,23.81337
EKO,Μάνδρα,,,38.07815,23.49942
Revoil,Αχαρνές,Αθηνών,Φυλή,38.07831,23.73478
Revoil,Άγιος Νικόλαος,Στρατηγού Λιόση,"Άνω Λιόσια, Φυλή",38.07837,23.70319
Aegean,Άγιος Νικόλαος,Φυλής,"Άνω Λιόσια, Φυλή",38.07883,23.69983
Revoil,Μάνδρα,,,38.07896,23.49421
Avin,Νέα Μάκρη,,Ζούμπερι,38.07911,23.98102
BP,Αχαρνές,Λιοσίων,Φυλή,38.07922,23.73110
Aegean,Μάνδρα,,,38.07961,23.49382
CYCLON,Λίμνη,Αχαρνών,"Άνω Λιόσια, Φυλή",38.07974,23.71388
ΕΤΕΚΑ,Λίμνη,Αχαρνών,"Άνω Λιόσια, Φυλή",38.07982,23.71503
Jetoil,Αχαρνές,,Φυλή,38.07994,23.73280
Shell,Νέα Ερυθραία,Κηφισίας,Φυλή,38.08103,23.81445
,Νέα Μάκρη,,Ζούμπερι,38.08112,23.97960
Avin,Κηφισιά,Γεωργίου Λύρα,Φυλή,38.08188,23.79683
Avin,Κηφισιά,Γεωργίου Λύρα,Φυλή,38.08230,23.79699
EKO,Μαγούλα,,Ήμερος Τόπος,38.08268,23.53346
Revoil,Αλεποχώρι,,,38.08308,23.19047
Revoil,Αχαρνές,Δεκελείας,Φυλή,38.08322,23.74306
Aegean,Αχαρνές,Αριστοτέλους,Φυλή,38.08332,23.73000
Shell,Αχαρνές,Εθνικής Αντιστάσεως,Φυλή,38.08352,23.72782
Aegean,Αχαρνές,Δεκελείας,Φυλή,38.08466,23.74690
Revoil,Μονομάτι,Καραμανλή,"Λυκόβρυση, Φυλή",38.08467,23.76402
EKO,Νέα Ερυθραία,Τατοΐου,Φυλή,38.08573,23.80997
Revoil,Άγιος Γεώργιος,Φυλής,"Άνω Λιόσια, Φυλή",38.08649,23.69360
Shell,Αδάμες,Γεωργίου Λύρα,"Νέα Ερυθραία, Φυλή",38.08650,23.79986
Shell,Άνω Λιόσια,Πίνδου,Φυλή,38.08669,23.70800
ΕΛΙΝΟΙΛ,Αχαρνές,Πλήθωνος Γεμιστού,Φυλή,38.08673,23.74789
EKO,Αχαρνές,Αγίου Διονυσίου,Φυλή,38.08739,23.72636
BP,Νέα Μάκρη,Διονύσου,Αγία Μαρίνα,38.08754,23.97039
Avin,Νέα Ερυθραία,Τατοΐου,Φυλή,38.08770,23.80970
Shell,Βαλεριάνο,,,38.08772,20.70499
ΕΤΕΚΑ,Αχαρνές,Δεκελείας,Φυλή,38.08781,23.75336
EKO,Νέα Μάκρη,,Αγία Μαρίνα,38.08803,23.96313
Shell,Νέα Μάκρη,Μαραθώνος,Ζούμπερι,38.08810,23.97618
Shell,Νέα Ερυθραία,Ελευθέριου Βενιζέλου,Φυλή,38.08817,23.81776
Shell,Αχαρνές,Δεκελείας,Φυλή,38.08825,23.75509
Revoil,Αχαρνές,Αριστοτέλους,Φυλή,38.08826,23.74405
EKO,Καμάρι,Παλαιά Ε.Ο. Κορίνθου Πατρών,Ξυλόκαστρο,38.08873,22.59589
EKO,Νέα Ερυθραία,Τατοΐου,Φυλή,38.08938,23.80931
ΕΤΕΚΑ,Αχαρνές,Αριστοτέλους,Φυλή,38.08960,23.74052
Shell,Αχαρνές,Αριστοτέλους,Φυλή,38.08968,23.73990
Shell,Νέα Ερυθραία,,Φυλή,38.09088,23.80913
EKO,Άγιος Ιωάννης,Φυλής,"Άνω Λιόσια, Φυλή",38.09101,23.68897
BP,Αδάμες,Ελαιών,"Νέα Ερυθραία, Φυλή",38.09137,23.79692
Α.Π.,Αχαρνές,,Φυλή,38.09142,23.74813
Aegean,Αχαρνές,Πάρνηθος,Φυλή,38.09174,23.73812
EKO,Νέα Ζωή,,Ασπρόπυργος,38.09193,23.60580
Shell,Αδάμες,Ιλισίων,"Νέα Ερυθραία, Φυλή",38.09199,23.79520
EKO,Νέα Ζωή,,Ασπρόπυργος,38.09245,23.60590
Revoil,Καμάρι,,Ξυλόκαστρο,38.09298,22.58734
,Καμάρι,Ξυλόκαστρο - Αίγιο,Ξυλόκαστρο,38.09316,22.58655
EKO,Νέα Ζωή,,Ασπρόπυργος,38.09347,23.60428
CNG,Πανόραμα,,"Άνω Λιόσια, Φυλή",38.09383,23.69255
Shell,Καραμεσιναίικα,,Κάτω Αχαΐα,38.09386,21.50332
Aegean,Ήμερος Τόπος,,Ασπρόπυργος,38.09406,23.60070
ΕΛΙΝΟΙΛ,Δροσούπολη,Αγίου Διονυσίου,"Αχαρνές, Φυλή",38.09469,23.72498
,Αδάμες,,"Νέα Ερυθραία, Φυλή",38.09585,23.79436
EKO,Θηράμονα,,,38.09600,20.67808
Revoil,Λάπας,,Κάτω Αχαΐα,38.09674,21.41750
CYCLON,Αδάμες,,"Νέα Ερυθραία, Φυλή",38.09696,23.79750
EKO,Νέα Μάκρη,Κυναγείρου,Ζούμπερι,38.09744,23.97177
Α.Π.,Αχαρνές,Καραμανλή,Φυλή,38.09767,23.74831
Avin,Αχαρνές,Ελευθερίου βενιζέλου,Φυλή,38.09774,23.73418
JetOil,Αδάμες,,"Νέα Ερυθραία, Φυλή",38.09997,23.80575
ΕΛΙΝΟΙΛ,Φαρές,,,38.10108,21.73670
Avin,Νέα Μάκρη,Μαραθώνος,Ζούμπερι,38.10292,23.96977
Avin,Μονομάτι,Κύμης,"Θρακομακεδόνες, Φυλή",38.10397,23.76376
,Άγιος Στέφανος,,Κάτω Αχαΐα,38.10410,21.63498
ΕΛΙΝΟΙΛ,Δροσιά,Διονύσου,Μαραθώνας,38.10435,23.87195
Revoil,Μονομάτι,Αγίου Ιωάννη Θεολόγου,"Θρακομακεδόνες, Φυλή",38.10453,23.75539
Cyclon,Φυλή,,Άνω Λιόσια,38.10455,23.66892
ΕΛΙΝΟΙΛ,Λουσικά,,Κάτω Αχαΐα,38.10469,21.60177
Avin,Δροσιά,Διονύσου,Μαραθώνας,38.10526,23.86816
SILKOIL,Κάτω Πιτσά,,Ξυλόκαστρο,38.10628,22.54142
Avin,Άγια Σωτήρα,,Μάνδρα,38.10632,23.42867
,Αχαρνές,,Φυλή,38.10715,23.74331
Revoil,Σαγαίικα,,Κάτω Αχαΐα,38.10725,21.47781
ΕΛΙΝΟΙΛ,Άγιος Στέφανος,,Κάτω Αχαΐα,38.10810,21.62555
Α.Π.,Ήμερος Τόπος,,Μαγούλα,38.10873,23.54171
BP,Εκάλη,Αθήνα - Θεσσαλονίκη - Εύζωνοι,Μαραθώνας,38.11298,23.82395
ΕΛΙΝΟΙΛ,Θρακομακεδόνες,,Φυλή,38.11315,23.74475
ΕΛΙΝΟΙΛ,Νέα Μάκρη,Μαραθώνος,,38.11327,23.96999
ΑΠ,Σβορωνάτα,,Αργοστόλι,38.11400,20.52478
BP,Εκάλη,,Μαραθώνας,38.11425,23.82550
Revoil,Λουσικά,,Κάτω Αχαΐα,38.11455,21.58698
Revoil,Γομοστό,,Κάτω Αχαΐα,38.11624,21.50637
SILKOIL,Άνω Αχαΐα,,Κάτω Αχαΐα,38.11719,21.55371
Revoil,Γομοστό,,Κάτω Αχαΐα,38.11730,21.52119
BP,Άγιος Στέφανος,,Κάτω Αχαΐα,38.11737,21.63179
Revoil,Βασιλικό,,Πάτρα,38.11798,21.73355
Avin,Άνω Αχαΐα,,Κάτω Αχαΐα,38.11843,21.56486
Aegean,Δροσιά,Θησέως,Μαραθώνας,38.11916,23.85756
BP,Θρακομακεδόνες,Θρακομακεδόνων,Φυλή,38.11953,23.75179
Avin,Θρακομακεδόνες,Θρακομακεδόνων,Φυλή,38.11977,23.74690
Revoil,Λακήθρα,,Αργοστόλι,38.12025,20.50971
Avin,Ροδόπολη,Δροσιάς - Σταμάτας,Μαραθώνας,38.12171,23.86432
ΑΠ,Άγιος Στέφανος,,Κάτω Αχαΐα,38.12182,21.63588
EKO,Βλαχάτα,,Αργοστόλι,38.12270,20.62517
Aegean,Μουσάτα,,Αργοστόλι,38.12804,20.61402
Aegean,Λόφος,,Καλάβρυτα,38.12869,22.19660
Aegean,Πλατανόβρυση,,Πάτρα,38.13029,21.75057
Revoil,Άνοιξη,Μαραθώνος,Μαραθώνας,38.13052,23.85868
Shell,Αγια Ειρήνη,,,38.13092,20.75111
Revoil,Στόμιο,,,38.13092,22.46434
Shell,Κάτω Αχαΐα,Πάτρα - Πύργος,,38.13098,21.54741
Aegean,Άνοιξη,Μαραθώνος,Μαραθώνας,38.13121,23.85925
Avin,Δερβένι,,,38.13122,22.41065
ΑΠ,Άνοιξη,Μαραθώνος,Μαραθώνας,38.13374,23.85864
Avin,Τραυλιάτα,,Αργοστόλι,38.13493,20.55255
Shell,Ροζενά,,,38.13531,22.39207
Shell,Θεριανό,,"Βραχναίικα, Κάτω Αχαΐα",38.13651,21.63688
BP,Άγιος Στέφανος,Χελμού,Μαραθώνας,38.13698,23.85625
Shell,Κάτω Αχαΐα,,,38.13796,21.55121
Avin,Άγιος Στέφανος,Τραπεζούντος,Μαραθώνας,38.13891,23.85507
EKO,Άγιος Στέφανος,Κρυονερίου,Μαραθώνας,38.13932,23.85094
Shell,Άγιος Στέφανος,Μαραθώνος,Μαραθώνας,38.13958,23.85929
BP,Κάτω Αχαΐα,,,38.14004,21.55115
ΕΛΙΝΟΙΛ,Κρυονέρι,Κρυονερίου,Μαραθώνας,38.14066,23.84210
BP,Τραυλιάτα,,Αργοστόλι,38.14172,20.54347
ΕΛΙΝΟΙΛ,Κάτω Αχαΐα,,,38.14265,21.55174
Shell,Μαραθώνας,,,38.14275,23.96546
EKO,Κάτω Αχαΐα,Φλέμινγκ & Αθηνάς,,38.14297,21.55400
,Κάτω Αχαΐα,,,38.14302,21.55397
EKO,Μαραθώνας,Σουλίου,,38.14380,23.97237
ΑΡΓΩ,Κομποθεκράτα,,Αργοστόλι,38.14399,20.50320
Shell,Νιφοραίικα,,Κάτω Αχαΐα,38.14437,21.52189
EKO,Νιφοραίικα,,Κάτω Αχαΐα,38.14504,21.52450
ΑΠ,Τζανάτα,,,38.14540,20.75911
JETOIL,Άγιος Στέφανος,,Μαραθώνας,38.14596,23.84930
Avin,Μαραθώνας,Δημοκρατίας,,38.14647,23.96724
ΕΛΙΝΟΙΛ,Κοκολάτα,,Αργοστόλι,38.14685,20.53153
Aegean,Κοκολάτα,,Αργοστόλι,38.14799,20.52891
EKO,Καμίνια,,"Βραχναίικα, Κάτω Αχαΐα",38.15037,21.63353
Avin,Άγιος Στέφανος,,Μαραθώνας,38.15084,23.85664
BP,Αιγείρα,,,38.15113,22.35008
Avin,Άγιος Στέφανος,,Μαραθώνας,38.15146,23.85709
EKO,Μαραθώνας,Μιλτιάδου,,38.15412,23.96365
Revoil,Στύρα,,,38.15479,24.24000
Aegean,Κράθιο,,,38.15511,22.34499
SILKOIL,Καλαμάκι,,Κάτω Αχαΐα,38.15553,21.49500
Revoil,Συλιβαινιώτικα,,,38.15847,22.32825
Avin,Κράθιο,,,38.15943,22.34086
ΕΛΙΝΟΙΛ,Σπήλια,,Αργοστόλι,38.16142,20.50725
Shell,Σπήλια,Γεωργικής Σχολής,Αργοστόλι,38.16375,20.49694
EKO,Βραχναίικα,,Κάτω Αχαΐα,38.16381,21.67042
BP,Καλαμάκι,,Κάτω Αχαΐα,38.16393,21.47636
BP,Οινόη,,Ερυθρές,38.16482,23.42016
Shell,Οινόη,,Ερυθρές,38.16585,23.41635
,Σπήλια,,Αργοστόλι,38.16621,20.48795
Revoil,Οινόη,,Ερυθρές,38.16889,23.39308
,Οινόη,,Ερυθρές,38.16915,23.39310
Shell,Βίλια,,Ερυθρές,38.16938,23.34470
Α.Π,Καλλιθέα,,"Οβριά, Πάτρα",38.17024,21.72955
Jetoil,Ακράτα,,,38.17053,22.29941
,Αργοστόλι,,,38.17118,20.48613
Shell,Αργοστόλι,,,38.17241,20.49367
Revoil,Νέα Στύρα,,,38.17244,24.21451
EKO,Λακκόπετρα,,Κάτω Αχαΐα,38.17257,21.44782
EKO,Νέα Στύρα,,,38.17271,24.21473
Shell,Αργοστόλι,,,38.17280,20.48606
,Αργοστόλι,,,38.17395,20.48562
Shell,Σταθμός Αφιδνών,,"Άγιος Στέφανος, Μαραθώνας",38.17438,23.85404
EKO,Αργοστόλι,,,38.17492,20.49138
Revoil,Ραζάτα,,Αργοστόλι,38.18233,20.51428
BP,Ροΐτικα,,Πάτρα,38.18256,21.68795
Revoil,Διακοπτό,,Αίγιο,38.18385,22.20232
Revoil,Άνω Σούλι,Γραμματικού,Μαραθώνας,38.18388,23.97665
Shell,Σουλλάροι,,Ληξούρι,38.18634,20.41361
ΕΤΕΚΑ,Διακοπτό,,Αίγιο,38.18689,22.19574
ΕΛΙΝΟΙΛ,Σουλλάροι,,Ληξούρι,38.18714,20.42738
ΕΛ Petrol,Ραζάτα,,Αργοστόλι,38.18714,20.53741
Aegean,Σουλλάροι,,Ληξούρι,38.18767,20.42758
ΕΤΕΚΑ,Χατζηλιάκο,Ηλείας,Πάτρα,38.18912,21.72026
BP,Οβριά,Δημοκρατίας,Πάτρα,38.18986,21.72982
ΕΤΕΚΑ,Οβριά,Ηλείας,Πάτρα,38.19374,21.72510
Avin,Άγιος Στέφανος,Πατρών Κλάους,"Σαραβάλι, Πάτρα",38.19840,21.76676
BP,Παραλία,,Πάτρα,38.19877,21.71307
ΕΛΙΝΟΙΛ,Σκούρτα,,Μαγούλα,38.19961,23.55230
Aegean,Ληξούρι,,,38.20120,20.43884
EKO,Αφίδνες,,Μαραθώνας,38.20247,23.84089
Avin,Μεταμόρφωση Σωτήρος,,"Δεμένικα, Πάτρα",38.20362,21.73562
Aegean,Μεταμόρφωση Σωτήρος,,"Δεμένικα, Πάτρα",38.20406,21.73630
Aegean,Παραλία,,Πάτρα,38.20565,21.71095
,Γριζάτα,,Σάμη,38.20585,20.65901
Athens Oil,Πολυδένδρι,,Μαραθώνας,38.20652,23.86629
ΑΠ,ΒΙΟΠΑ Γλαύκου Πάτρας,πάροδος Γλαύκου,"Δεμένικα, Πάτρα",38.20744,21.74993
Avin,Ληξούρι,,,38.20749,20.43317
EKO,Μεταμόρφωση Σωτήρος,Ακρωτηρίου,"Δεμένικα, Πάτρα",38.20792,21.73806
Avin,Μακρυγιάννη,Γλαύκου,"Δεμένικα, Πάτρα",38.20917,21.74224
Shell,Μακρυγιάννη,,"Δεμένικα, Πάτρα",38.20966,21.73986
ΕΤΕΚΑ,Πύλη,,Μαγούλα,38.20977,23.51442
Avin,Καπανδρίτι,,Μαραθώνας,38.21050,23.87254
Revoil,Πόρτες,,"Δεμένικα, Πάτρα",38.21053,21.73585
EKO,Καπανδρίτι,,Μαραθώνας,38.21053,23.88229
BP,Νικολαίικα,,"Άγιος Αθανάσιος, Αίγιο",38.21093,22.13555
ΕΤΕΚΑ,Πόρτες,,"Δεμένικα, Πάτρα",38.21124,21.73140
ΑΠ,Ιτιές,Ακτή Δυμαίων,"Παραλία, Πάτρα",38.21141,21.71630
EKO,Ληξούρι,,,38.21156,20.41983
EKO,Κρύα Ιτεών,Γλαύκου,"Δεμένικα, Πάτρα",38.21187,21.72716
ΕΛΙΝΟΙΛ,Ληξούρι,,,38.21202,20.43602
EKO,Πόρτες,,"Δεμένικα, Πάτρα",38.21289,21.73097
BP,Πολυδένδρι,,Μαραθώνας,38.21306,23.85502
Shell,Ιτιές,Ακτή Δυμαίων,"Παραλία, Πάτρα",38.21312,21.71720
Shell,Μακρυγιάννη,Ακρωτηρίου,"Δεμένικα, Πάτρα",38.21318,21.73960
Avin,Ιτιές,Ακτή Δυμαίων,"Παραλία, Πάτρα",38.21331,21.71773
BP,Σκούρτα,,,38.21345,23.55144
ΕΛΙΝΟΙΛ,Καπανδρίτι,,Μαραθώνας,38.21389,23.87494
Ελιν,Πύλη,,,38.21406,23.49463
Avin,Ταραμπούρα,,"Δεμένικα, Πάτρα",38.21550,21.74067
BP,Πόρτες,Ευβοίας,"Δεμένικα, Πάτρα",38.21600,21.73536
Aegean,Ταραμπούρα,Ακρωτηρίου,"Δεμένικα, Πάτρα",38.21856,21.74103
Revoil,Νικολαίικα,,"Άγιος Αθανάσιος, Αίγιο",38.21914,22.12476
Shell,Κουκούλι,Μεγάλου Αλεξάνδρου,"Δεμένικα, Πάτρα",38.22005,21.74818
Shell,Σελινούντας,,"Άγιος Αθανάσιος, Αίγιο",38.22195,22.11620
Revoil,Ψαροφάι,Ευβοίας,"Δεμένικα, Πάτρα",38.22214,21.73809
Avin,Ζαρουχλέικα,Ανθείας,"Δεμένικα, Πάτρα",38.22246,21.73012
EKO,Κουκούλι,Πατρών Κλάους,"Δεμένικα, Πάτρα",38.22247,21.74986
BP,Ερυθρές,,,38.22319,23.32145
Revoil,Ερυθρές,,,38.22341,23.32126
Revoil,Κάτω Μαυρίκι,,"Κουλούρα, Αίγιο",38.22347,22.07093
Avin,Τέρψη,,"Παραλία, Πάτρα",38.22461,21.72248
ΑΡΓΩ,Πυργί,,,38.22569,25.99821
ΕΛΙΝΟΙΛ,Ψαροφάι,Ακρωτηρίου,"Δεμένικα, Πάτρα",38.22585,21.74246
ΕΛΙΝΟΙΛ,Τέρψη,Οδυσσέα Ελύτη,"Δεμένικα, Πάτρα",38.22597,21.72770
Aegean,Ψαροφάι,,"Δεμένικα, Πάτρα",38.22768,21.74173
Aegean,Δροσιά,,"Δεμένικα, Πάτρα",38.22906,21.74880
Avin,Δροσιά,,"Δεμένικα, Πάτρα",38.23072,21.74249
,Δροσιά,,"Δεμένικα, Πάτρα",38.23076,21.74240
Shell,Αγία Τριάδα,,"Δεμένικα, Πάτρα",38.23147,21.73613
Α.Π.,Δροσιά,,"Δεμένικα, Πάτρα",38.23160,21.74373
BP,Τέρψη,,"Δεμένικα, Πάτρα",38.23231,21.72504
Shell,Αγία Τριάδα,,"Δεμένικα, Πάτρα",38.23277,21.73285
EKO,Αγία Τριάδα,Ελευθερίου Βενιζέλου,"Δεμένικα, Πάτρα",38.23300,21.73517
ΑΡΓΩ,Καλαμωτή,,,38.23306,26.04353
ΑΠ,Τέρψη,Ακτή Δυμαίων,"Δεμένικα, Πάτρα",38.23343,21.72512
ΕΛΙΝΟΙΛ,Μικρό Γύρι,,"Δεμένικα, Πάτρα",38.23384,21.73252
ΕΛΙΝΟΙΛ,Άγιος Αθανάσιος,,Αίγιο,38.23417,22.09923
Revoil,Αγία Τριάδα,Βορείου Ηπείρου,"Δεμένικα, Πάτρα",38.23485,21.73563
Shell,Οικισμος Μεσσηνέζη,,"Κουλούρα, Αίγιο",38.23521,22.07863
Shell,Οικισμος Μεσσηνέζη,,"Κουλούρα, Αίγιο",38.23547,22.07986
BP,Σύνορα,,"Δεμένικα, Πάτρα",38.23614,21.74635
Avin,Γριζάτα,,Σάμη,38.23619,20.64250
EKO,Αγία Βαρβάρα,Κορίνθου,"Δεμένικα, Πάτρα",38.23640,21.72788
Shell,Άγιος Αθανάσιος,,Αίγιο,38.23672,22.09618
Shell,Γλαράκη,,"Δεμένικα, Πάτρα",38.23688,21.74555
Avin,Τέμενη,,"Συνοικισμός, Αίγιο",38.23717,22.12232
SILKOIL,Καπαρέλλι,,Ερυθρές,38.23795,23.22368
Shell,Καταυλισμός Μαλακάσας,,Νέα Παλάτια,38.23804,23.78690
ΑΠ,Ταμπάχανα,Λεωφ. Γούναρη,"Δεμένικα, Πάτρα",38.23834,21.74432
ΕΛΙΝΟΙΛ,Καπαρέλλι,,Ερυθρές,38.24027,23.23084
ΑΠ,Τριών Ναυάρχων,Αγιού Ανδρέου,"Δεμένικα, Πάτρα",38.24324,21.72811
Avin,Εργατικές Κατοικίες Αγίου Αθανασίου,,"Συνοικισμός, Αίγιο",38.24460,22.09215
Revoil,Καταυλισμός Σεισμοπλήκτων,Κοντόπουλου Γεώργιου,"Κουλούρα, Αίγιο",38.24490,22.08577
Revoil,Βουνό,,Χίος,38.24557,26.08201
EKO,Νένητα,,Χίος,38.24618,26.09588
Aegean,Αίγιο,,Συνοικισμός,38.24651,22.09097
Shell,Τσιβδή,,Πάτρα,38.24654,21.73108
EKO,Αίγιο,,Κουλούρα,38.24679,22.08428
BP,Αίγιο,,Κουλούρα,38.24696,22.08762
Aegean,Πάτρα,Γεροκωστοπούλου,,38.24715,21.73388
,Σάμη,,,38.24831,20.64618
EKO,Εργατικές Κατοικίες Αγίων Αποστόλων,,"Συνοικισμός, Αίγιο",38.24840,22.09197
ΕΤΕΚΑ,Σάμη,,,38.24890,20.64630
Shell,Εργατικές Κατοικίες Αγίων Αποστόλων,Νικολάου Πλαστήρα,"Συνοικισμός, Αίγιο",38.24894,22.09564
Aegean,Καραβόμυλος,,Σάμη,38.25042,20.63045
Aegean,Αίγιο,Κ. Θεοδώρου,Συνοικισμός,38.25156,22.08512
BP,Πυροσβεστείο,Κορίνθου,Πάτρα,38.25176,21.74309
Avin,Αρμóλια,,,38.25203,26.03028
Revoil,Κοινή,,Χίος,38.25209,26.06773
BP,Δομβραίνα,,,38.25216,22.98653
Revoil,Καλλιθέα,,"Μυρτιά, Αίγιο",38.25223,22.07519
ΕΛΙΝΟΙΛ,Άγιος Ανδρέας,Ζωοδόχου Πηγής,"Συνοικισμός, Αίγιο",38.25362,22.08754
Aegean,Αυλώνας,,Νέα Παλάτια,38.25442,23.69311
EKO,Καταυλισμός Μαλακάσας,,Νέα Παλάτια,38.25539,23.75086
Revoil,Αρμóλια,,,38.25574,26.03314
ΕΤΕΚΑ,Λεύκτρα,,Ερυθρές,38.25612,23.18170
EKO,Καταυλισμός Μαλακάσας,,Νέα Παλάτια,38.25689,23.74921
BP,Εργατικές Κατοικίες Αγυιάς,,"Μαγούλα, Πάτρα",38.25852,21.74834
EKO,Αυλώνας,,Νέα Παλάτια,38.25878,23.68802
Shell,Ζαβλάνι,,"Μαγούλα, Πάτρα",38.25998,21.75135
Shell,Εργατικές Κατοικίες Αγυιάς,,"Μαγούλα, Πάτρα",38.26014,21.74936
Revoil,Λιβάδι,,Ληξούρι,38.26084,20.42179
,Δομβραίνα,,Αλίαρτος,38.26102,23.01211
Shell,Γλυφάδα,,"Μαγούλα, Πάτρα",38.26123,21.74343
BP,Εργατικές Κατοικίες Αγυιάς,,"Μαγούλα, Πάτρα",38.26166,21.74926
EKO,Εργατικές Κατοικίες Αγυιάς,Αμερικής,"Μαγούλα, Πάτρα",38.26231,21.74914
EKO,Ροδοδάφνη,,"Μυρτιά, Αίγιο",38.26291,22.05518
Avin,Μέσα Αγυιά,Αμερικής,"Μαγούλα, Πάτρα",38.26311,21.74525
Aegean,Ανθούπολη,,"Μαγούλα, Πάτρα",38.26477,21.75299
BP,Ροδοδάφνη,,"Μυρτιά, Αίγιο",38.26590,22.05300
ΕΛΙΝΟΙΛ,Μελισσοχώρι,,Θήβα,38.26693,23.24021
Shell,Ροδοδάφνη,,"Μυρτιά, Αίγιο",38.26723,22.05105
Revoil,Καταρράκτης,,Χίος,38.26741,26.09803
,Αμπελόκηποι,,"Μαγούλα, Πάτρα",38.26898,21.75597
ΑΠ,Αμπελόκηποι,,"Μαγούλα, Πάτρα",38.26899,21.75596
Shell,Αγυιά,,"Μαγούλα, Πάτρα",38.26983,21.75166
Shell,Αμπελόκηποι,,"Μαγούλα, Πάτρα",38.27052,21.75660
Avin,Μαγούλα,,Πάτρα,38.27086,21.79614
BP,Άγιος Παντελεήμονας,,"Μαγούλα, Πάτρα",38.27244,21.75804
ΑΠ,Άγιος Παντελεήμονας,,"Μαγούλα, Πάτρα",38.27283,21.75918
,Μαγούλα,,Πάτρα,38.27323,21.79784
EKO,Άγιος Παντελεήμονας,Κορίνθου - Πατρών,"Μαγούλα, Πάτρα",38.27390,21.76020
Avin,Άγιος Παντελεήμονας,,"Μαγούλα, Πάτρα",38.27443,21.76014
Shell,Κάλαμος,,Νέα Παλάτια,38.27496,23.86085
ΑΠ,Άγιος Παντελεήμονας,Κορίνθου - Πατρών,"Μαγούλα, Πάτρα",38.27506,21.76159
Shell,Άγιος Παντελεήμονας,,"Μαγούλα, Πάτρα",38.27634,21.76295
Shell,Άγιος Παντελεήμονας,,"Μαγούλα, Πάτρα",38.27719,21.75325
BP,Άγιος Παντελεήμονας,,"Μαγούλα, Πάτρα",38.27748,21.76433
Aegean,Άγιος Παντελεήμονας,Παναγιώτη Κανελλόπουλου,"Μαγούλα, Πάτρα",38.27788,21.75248
BP,Άγιος Θωμάς,,Βαθύ,38.27925,23.58822
EKO,Προάστιο,,"Μαγούλα, Πάτρα",38.27974,21.76597
ΑΠ,Προάστιο,,"Μαγούλα, Πάτρα",38.28083,21.76962
EKO,Προάστιο,Πανεπιστημίου,"Μαγούλα, Πάτρα",38.28183,21.77121
Avin,Σελιανίτικα,,"Μυρτιά, Αίγιο",38.28385,22.02613
EKO,Κάλαμος,,Νέα Παλάτια,38.28611,23.87019
ΕΛΙΝΟΙΛ,Μυρμήγκι,,Χίος,38.28844,26.06775
ΕΛΙΝΟΙΛ,Οινόφυτα,,Νέα Παλάτια,38.29009,23.67412
Shell,Άνω Καστελόκαμπος,,"Ρίο, Πάτρα",38.29118,21.78119
Avin,Θολοποτάμι,,Χίος,38.29176,26.07427
,Άνω Καστελόκαμπος,,"Ρίο, Πάτρα",38.29250,21.78355
ΕΛΙΝΟΙΛ,Άγιοι Απόστολοι,,Νέα Παλάτια,38.29445,23.89950
Revoil,Καμάρες,,Αίγιο,38.29755,22.00161
Revoil,Λεοντάρι,,Αλίαρτος,38.29764,23.17602
Avin,Θεσπιές,,Αλίαρτος,38.29765,23.14424
,Καμάρες,,Αίγιο,38.29777,22.00147
ΕΤΕΚΑ,Θεσπιές,,Αλίαρτος,38.29814,23.14356
Revoil,Θήβα,Ελευσίνας - Θήβας,,38.30083,23.32097
Shell,Συκάμινο,,Νέα Παλάτια,38.30180,23.73224
,Βέσσα,,Χίος,38.30244,26.00630
,Βέσσα,,Χίος,38.30251,26.00632
EKO,Θεσπιές,,Αλίαρτος,38.30289,23.14834
BP,Συκάμινο,,Νέα Παλάτια,38.30521,23.72888
Revoil,Ωρωπός,,Νέα Παλάτια,38.30527,23.75590
Shell,Ακταίο,,Πάτρα,38.30567,21.80344
BP,Θήβα,,,38.30577,23.31460
BP,Θήβα,,,38.30630,23.31931
EKO,Ακταίο,Εγνατίας,Πάτρα,38.30634,21.78854
,Ρίο,,Πάτρα,38.30681,21.78403
,Κάλαμος,,Νέα Παλάτια,38.30747,23.85720
,Ρίο,,Πάτρα,38.30759,21.78346
Avin,Οινόφυτα,,Βαθύ,38.30765,23.64410
Revoil,Ρίο,Σώμερσετ,Πάτρα,38.30900,21.78178
BP,Οινόφυτα,,Βαθύ,38.30997,23.64327
Avin,Λαμπίρι,,Αίγιο,38.31017,21.99136
Revoil,Οινόφυτα,,Βαθύ,38.31165,23.63659
BP,Άγιος Βασίλειος,,Ναύπακτος,38.31219,21.81890
Revoil,Νεοχώρι,,Χίος,38.31232,26.12093
,Νεοχώρι,,Χίος,38.31234,26.12093
Revoil,Νεοχώρι,,Χίος,38.31265,26.11048
Revoil,Νεοχώρι,,Χίος,38.31270,26.12134
Shell,Μακριώτικα,,Σάμη,38.31314,20.56289
Avin,Μακριώτικα,,Σάμη,38.31379,20.56143
EKO,Οινόφυτα,,Βαθύ,38.31385,23.63602
EKO,Βαβίλοι,,Χίος,38.31522,26.10633
EKO,Καρφάς,,Χίος,38.31539,26.14362
ΕΛΙΝΟΙΛ,Νέα Παλάτια,,,38.31623,23.81358
EKO,Νέα Παλάτια,,,38.31689,23.80940
BP,Θυμιανά,,Χίος,38.31730,26.12537
Shell,Νέα Παλάτια,,,38.32098,23.80072
Revoil,Οινόφυτα,,Βαθύ,38.32102,23.65147
EKO,Βασιλεώνοικο,,Χίος,38.32164,26.10660
BP,Σκάλα Ωρωπού,,Νέα Παλάτια,38.32170,23.78376
EKO,Ψαθόπυργος,,"Αραχωβίτικα, Ναύπακτος",38.32430,21.87081
BP,Θυμιανά,,Χίος,38.32445,26.12906
ΕΛΙΝΟΙΛ,Δρέπανο,,"Αραχωβίτικα, Ναύπακτος",38.32455,21.85795
EKO,Ψαθόπυργος,,"Αραχωβίτικα, Ναύπακτος",38.32527,21.86707
Shell,Αραχωβίτικα,,Ναύπακτος,38.32529,21.84372
BP,Θήβα,,,38.32629,23.32649
Revoil,Πυρί,,Θήβα,38.32649,23.31553
SILKOIL,Πυρί,,Θήβα,38.32688,23.31496
BP,Πυρί,,Θήβα,38.32719,23.28530
Shell,Πυρί,,Θήβα,38.32741,23.29981
SILKOIL,Χαλκούτσι,,Νέα Παλάτια,38.32910,23.74129
,Θήβα,,,38.32927,23.33024
EKO,Πυρί,Αγίου Αθανασίου,Θήβα,38.32929,23.30508
Avin,Θήβα,,,38.32971,23.33003
CYCLON,Αντίρριο,,"Ρίο, Ναύπακτος",38.32988,21.76565
Shell,Βάγια,,Αλίαρτος,38.33108,23.18910
Shell,Οινόη,,Βαθύ,38.33114,23.60198
BP,Χαλκειó,,Χίος,38.33207,26.10010
Avin,Πυρί,,Θήβα,38.33329,23.31025
Shell,Καρφάς,,Χίος,38.33383,26.14548
BP,Θήβα,,,38.33456,23.33225
Revoil,Καρφάς,,Χίος,38.33456,26.14334
BP,Θήβα,,,38.33457,23.34283
BP,Χαλκούτσι,,Νέα Παλάτια,38.33503,23.72612
Aegean,Βασιλεώνοικο,,Χίος,38.33647,26.11701
Aegean,Σχηματάρι,,Βαθύ,38.33720,23.59811
Avin,Καρφάς,,Χίος,38.33730,26.14057
Avin,Βάγια,,Θήβα,38.33757,23.22798
Avin,Βασιλεώνοικο,,Χίος,38.33780,26.13354
EKO,Πυρί,,Θήβα,38.33811,23.32090
BP,Αντίρριο,,Ναύπακτος,38.33860,21.74809
ΕΤΕΚΑ,Αντίρριο,,Ναύπακτος,38.33874,21.74938
EKO,Καρφάς,,Χίος,38.33894,26.13817
Avin,Μακύνεια,,Ναύπακτος,38.33963,21.73617
Aegean,Οινόη,,Βαθύ,38.34023,23.60574
Aegean,Δήλεσι,,Βασιλικό,38.34044,23.67587
EKO,Βασιλεώνοικο,,Χίος,38.34123,26.12193
ΕΛΙΝΟΙΛ,Καρφάς,,Χίος,38.34151,26.14194
Avin,Βάγια,,Αλίαρτος,38.34170,23.20535
ΕΛΙΝΟΙΛ,Δήλεσι,,Βασιλικό,38.34236,23.67133
ΑΠ,Βάγια,,Αλίαρτος,38.34258,23.19823
ΕΛΙΝΟΙΛ,Πυρί,,Θήβα,38.34559,23.32269
ΑΡΓΩ,Ευαγγελίστρια,,Χίος,38.34666,26.13477
Shell,Πυρί,,Θήβα,38.34693,23.32228
BP,Μακύνεια,,Ναύπακτος,38.34821,21.71885
Revoil,Ευαγγελίστρια,,Χίος,38.34821,26.14289
ΑΠ,Σχηματάρι,,Βαθύ,38.34880,23.58250
Shell,Σχηματάρι,Αυλώνας - Σχηματάρι,Βαθύ,38.35105,23.58394
,Άρμα,,Βαθύ,38.35206,23.48508
ΕΛΙΝΟΙΛ,Σχηματάρι,,Βαθύ,38.35381,23.57231
,Κυριάκι,,Λιβαδειά,38.35464,22.78803
EKO,Ευαγγελίστρια,,Χίος,38.35552,26.14337
Shell,Πλατανίτης,,Ναύπακτος,38.35555,21.77506
Shell,Πλατανίτης,,Ναύπακτος,38.35564,21.77495
EKO,Ευαγγελίστρια,,Χίος,38.35591,26.13521
ΕΛΙΝΟΙΛ,Ευαγγελίστρια,,Χίος,38.35837,26.13532
BP,Πυρί,,Θήβα,38.35985,23.32255
BP,Πυρί,,Θήβα,38.36009,23.32192
Avin,Κυριάκι,,Λιβαδειά,38.36027,22.78460
Revoil,Ευαγγελίστρια,,Χίος,38.36030,26.13532
EKO,Πλατανίτης,,Ναύπακτος,38.36153,21.77683
EKO,Πλατανίτης,,Ναύπακτος,38.36165,21.77700
Α.Π.,Βαθύ,,,38.36302,20.72261
EKO,Ερατεινή,,,38.36409,22.22945
Aegean,Γαλατάς,,Μεσολόγγι,38.36446,21.56206
Shell,Ερατεινή,,,38.36483,22.22938
Shell,Κόσκινα,,Κάραβος,38.36496,24.16500
EKO,Τανάγρα,,Βαθύ,38.36658,23.53761
EKO,Ελεώνας,Θήβα - Χαλκίδα,Θήβα,38.36738,23.41520
EKO,Τανάγρα,,Βαθύ,38.36753,23.53715
Revoil,Ελεώνας,,Θήβα,38.36756,23.44963
Yach tank,Βαθύ,,,38.36896,20.71758
BP,Κριμπάς,,Αλίαρτος,38.36896,23.11835
BP,Κριμπάς,,Αλίαρτος,38.37022,23.11170
EKO,Βαθύ,,,38.37035,20.70739
ΕΛΙΝΟΙΛ,Κριμπάς,Αθηνών,Αλίαρτος,38.37068,23.10973
EKO,Χίος,,,38.37130,26.13343
BP,Χίος,,,38.37189,26.13509
EKO,Αλίαρτος,,,38.37330,23.09547
EKO,Αλίαρτος,,,38.37360,23.09200
Avin,Μεσολόγγι,,,38.37367,21.43854
Shell,Μεσολόγγι,Ναυπάκτου,,38.37436,21.44289
BP,Άνω Ευηνοχώρι,,Μεσολόγγι,38.37462,21.51290
Shell,Γαβρολίμνη,,,38.37587,21.62946
BP,Πέτρα,,Αλίαρτος,38.37589,23.05017
CYCLON,Γαβρολίμνη,,,38.37615,21.62843
BP,Χίος,,,38.37631,26.13529
Shell,Χίος,,,38.37633,26.13671
BP,Μεσολόγγι,Αγιου Αθανασίου,,38.37705,21.43311
ΑΡΓΩ,Χίος,,,38.37744,26.13707
Revoil,Φιλοθέη,,Μεσολόγγι,38.37748,21.44976
SILKOIL,Άνω Ευηνοχώρι,,Μεσολόγγι,38.37951,21.54435
EKO,Παλαιοπαναγιά,,Ναύπακτος,38.37963,21.79705
EKO,Αγιος Θωμάς,,Μεσολόγγι,38.37995,21.46434
Aegean,Πλώσταινα,,Μεσολόγγι,38.38108,21.42571
BP,Πλώσταινα,,Μεσολόγγι,38.38145,21.42538
Aegean,Παραλία Αυλίδας,,Βαθύ,38.38158,23.62962
EKO,Αντίκυρα,,,38.38310,22.64256
BP,Γαλαξίδι,,Ιτέα,38.38338,22.37605
Aegean,Βαριά,,Ναύπακτος,38.38414,21.80638
ΕΛΙΝΟΙΛ,Χίος,,,38.38434,26.13688
Revoil,Μούλκι,,Αλίαρτος,38.38523,23.11767
EKO,Βαριά,,Ναύπακτος,38.38610,21.80951
,Αγιος Γεώργιος,,Μεσολόγγι,38.38676,21.54369
Avin,Αγιος Γεώργιος,,Μεσολόγγι,38.38679,21.54520
Avin,Αγιος Γεώργιος,,Μεσολόγγι,38.38692,21.54378
,Αγιος Γεώργιος,,Μεσολόγγι,38.38696,21.54536
BP,Χίος,,,38.38730,26.13231
Revoil,Χίος,,,38.38757,26.13721
Revoil,Χίος,,,38.38878,26.13434
VALIN,Καλοχώρι-Παντείχι,,Βαθύ,38.38889,23.59280
BP,Λαγκαδούλα,,Ναύπακτος,38.38940,21.81816
Shell,Παραλία Διστόμου,,,38.38987,22.65450
EKO,Φιλοθέη,,Μεσολόγγι,38.39074,21.41612
Revoil,Μποτσαρέικα,Μεναίχμου,Ναύπακτος,38.39156,21.82432
Avin,Ερέτρια,,,38.39191,23.79142
Shell,Αμάρυνθος,,,38.39270,23.87693
EKO,Άγιος Ισίδωρος,,Ιτέα,38.39313,22.58638
ΕΛΙΝΟΙΛ,Κεφαλόβρυσο,,Ναύπακτος,38.39324,21.83802
Α.Π.,Άγιος Γεώργιος,,Λιβαδειά,38.39354,22.94317
Shell,Στενοπάζαρο,,Ναύπακτος,38.39372,21.83168
,Βέλος,,Κάραβος,38.39388,24.09726
BP,Φάρος,,Βαθύ,38.39412,23.62332
ΕΤΕΚΑ,Μαναγούλη,,Ναύπακτος,38.39557,21.88692
ΑΠ,Αφροδίτη,,Ναύπακτος,38.39600,21.84429
EKO,Μαλακώντα,,Ερέτρια,38.39624,23.76606
,Μαλακώντα,,Ερέτρια,38.39632,23.76613
Shell,Ερέτρια,,,38.39642,23.79638
Aegean,Φιλοθέη,,Μεσολόγγι,38.39656,21.40588
Revoil,Δένδρο,,Ναύπακτος,38.39703,21.84622
Revoil,Φάρος,,Βαθύ,38.39705,23.62124
BP,Βροντάδος,,,38.39739,26.13549
ΕΤΕΚΑ,Λέπουρα,Αλιβερίου - Λέπουρων,Κάραβος,38.39845,24.10339
SILKOIL,Κριεζά,,Κάραβος,38.39855,24.13220
ΑΠ,Δένδρο,,Ναύπακτος,38.39899,21.84922
ΕΤΕΚΑ,Δένδρο,,Ναύπακτος,38.39922,21.84969
BP,Αμάρυνθος,,,38.39928,23.86367
Avin,Δένδρο,,Ναύπακτος,38.39989,21.85139
EKO,Βροντάδος,,,38.40011,26.13561
Shell,Καλοχώρι-Παντείχι,Ριτσώνα - Βαθύ,Βαθύ,38.40139,23.58630
,Κάραβος,,,38.40166,24.05389
Revoil,Γαλαξίδι,,Ιτέα,38.40253,22.38105
ΕΛΙΝΟΙΛ,Μαλακώντα,Χαλκίδας - Αλιβερίου,Ερέτρια,38.40268,23.75320
ΕΤΕΚΑ,Μαγούλα,,Ερέτρια,38.40291,23.81027
EKO,Καρελέϊκα,,Ναύπακτος,38.40346,21.78549
BP,Ξηροπήγαδο,,Ναύπακτος,38.40492,21.86228
Revoil,Αλαλκομενές,,Λιβαδειά,38.40502,22.96247
ΕΛΙΝΟΙΛ,Βαθύ,,,38.40522,23.60299
Revoil,Ξηροπήγαδο,,Ναύπακτος,38.40620,21.86429
Aegean,Ξηροπήγαδο,,Ναύπακτος,38.40638,21.86487
BP,Αλιβέρι,,,38.40647,24.02896
ΕΛΙΝΟΙΛ,Αλιβέρι,,,38.40747,24.03002
EKO,Αλιβέρι,Ταμιναίων,,38.40748,24.04132
ΕΛΙΝΟΙΛ,Αλιβέρι,Ταμιναίων,,38.40757,24.04165
Shell,Αλιβέρι,,,38.40762,24.02975
ΕΤΕΚΑ,Κατοχή,,Αιτωλικό,38.40836,21.26232
BP,Στείρι,,,38.40849,22.70952
Aegean,Πανόραμα,,Βασιλικό,38.40898,23.72762
Avin,Στείρι,,,38.40942,22.70429
SILKOIL,Αλαλκομενές,,Λιβαδειά,38.40946,22.95937
Shell,Βροντάδος,,,38.40971,26.13453
Avin,Βασιλικιάδες,,Βαθύ,38.40988,20.56307
Revoil,Νεοχώρι,,Αιτωλικό,38.41032,21.28170
ΕΛΙΝΟΙΛ,Λυγιάς,,Ναύπακτος,38.41104,21.84733
ΕΤΕΚΑ,Κατοχή,,Αιτωλικό,38.41170,21.25253
,Κατοχή,,Αιτωλικό,38.41262,21.25342
EKO,Κατοχή,,Αιτωλικό,38.41363,21.25368
Avin,Νεοχώρι,,Αιτωλικό,38.41388,21.28888
Shell,Αλιβέρι,,,38.41564,24.03174
Revoil,Βασιλικό,,,38.41587,23.70000
BP,Καστράκι,,Ναύπακτος,38.41699,21.90576
EKO,Κονιδαράτα,,Βαθύ,38.42102,20.57112
EKO,Δεσφίνα,,Ιτέα,38.42170,22.52507
BP,Δεσφίνα,,Ιτέα,38.42289,22.52023
ΕΛΙΝΟΙΛ,Μουρίκι,,Θήβα,38.42334,23.35624
Revoil,Αιτωλικό,,,38.42339,21.36965
BP,Βασιλικό,,,38.42479,23.67387
SILKOIL,Μάστρο,,Αιτωλικό,38.42549,21.31547
Revoil,Βασιλικό,Αγίου Ιωάννου Ρώσου,,38.42604,23.66844
Α.Π.,Βασιλικό,Αγίου Ιωάννου Ρώσου,,38.42756,23.66485
Revoil,Κίρρα,Αγίου Ιωάννου,Ιτέα,38.42911,22.44326
BP,Δίστομο,,,38.42959,22.66134
BP,Αιτωλικό,,,38.43191,21.38483
ΕΛΙΝΟΙΛ,Δίστομο,,,38.43202,22.67028
CYCLON,Γυμνό,,Αμάρυνθος,38.43360,23.88487
Avin,Αιτωλικό,,,38.43424,21.36534
BP,Μύτικας,,Βασιλικό,38.43445,23.64956
ΑΠ,Αιτωλικό,Κωνσταντίνου Λάσκαρη,,38.43474,21.34368
Shell,Ιτέα,,,38.43527,22.42620
EKO,Ιτέα,,,38.43607,22.42748
Revoil,Ιτέα,,,38.43706,22.42907
SILKOIL,Δίστομο,,,38.43719,22.67532
BP,Ιτέα,,,38.43729,22.42392
Avin,Νέα Λάμψακος,,Βασιλικό,38.43849,23.63547
Shell,Νέα Λάμψακος,,Βασιλικό,38.43853,23.63839
Revoil,Γυμνό,,Αμάρυνθος,38.43866,23.88215
ΑΠ,Λιβαδειά,Καραγιαννόπουλου,,38.43984,22.88916
Revoil,Γυμνό,,Αμάρυνθος,38.44048,23.88563
Shell,Περαχώρι,,Λιβαδειά,38.44063,22.84645
Revoil,Λιβαδειά,Δημητρίου Παπασπύρου,,38.44065,22.88999
EKO,Λιβαδειά,Θεσσαλονίκης,,38.44070,22.87791
Revoil,Περαχώρι,,Λιβαδειά,38.44122,22.83305
Shell,Φύλλα,,Βασιλικό,38.44142,23.67331
Revoil,Φύλλα,,Βασιλικό,38.44144,23.67808
Avin,Λιβαδειά,Δελφών,,38.44153,22.86643
Revoil,Δίστομο,,,38.44226,22.67877
Revoil,Νέα Λάμψακος,Πυτιούσης,Χαλκίδα,38.44291,23.62497
,Λιβαδειά,,,38.44309,22.87854
BP,Αιτωλικό,,,38.44313,21.36431
BP,Λιβαδειά,,,38.44361,22.87901
BP,Περαχώρι,,Λιβαδειά,38.44403,22.85922
BP,Λαφύστιο,,Λιβαδειά,38.44500,22.91792
BP,Λαφύστιο,,Λιβαδειά,38.44731,22.92669
EKO,Νεοχώρι,,Αλιβέρι,38.44791,24.11362
Aegean,Άγιος Δημήτριος,,Ορχομενός,38.44831,23.00528
Stazione di servizio,Δίστομο,,,38.44853,22.67844
EKO,Δίστομο,,,38.44873,22.67858
Aegean,Περαχώρι,,Λιβαδειά,38.45024,22.87441
BP,Λεσίνι,,Αιτωλικό,38.45055,21.23548
Shell,Λιβαδειά,,,38.45116,22.88197
Valin,Δέλτα,,Χαλκίδα,38.45349,23.61321
BP,Δέλτα,,Χαλκίδα,38.45534,23.61189
ΕΛΙΝΟΙΛ,Λεσίνι,,Αιτωλικό,38.45556,21.23264
Shell,Νεοχώρι,,Αλιβέρι,38.45557,24.11489
Α.Π.,Φρίκες,,Βαθύ,38.45583,20.65772
BP,Λιβαδειά,,,38.45776,22.88949
Shell,Λιβαδειά,,,38.45865,22.89744
Revoil,Βούρκος,28ης Οκτωβρίου,Χαλκίδα,38.45964,23.59946
ΕΛΙΝΟΙΛ,Κεφαλόβρυσο,,Αιτωλικό,38.46026,21.36397
CYCLON,Βούρκος,28ης Οκτωβρίου,Χαλκίδα,38.46034,23.60114
BP,Κέντρο,Αγγελή Γοβιού,Χαλκίδα,38.46263,23.59051
Revoil,Κεφαλόβρυσο,,Αιτωλικό,38.46268,21.36286
Revoil,Κέντρο,,Χαλκίδα,38.46298,23.58738
Revoil,Τέννις,,Χαλκίδα,38.46391,23.63454
Aegean,Κεφαλόβρυσο,,Αιτωλικό,38.46443,21.36184
Avin,Δέλτα,Ληλαντίων,Χαλκίδα,38.46467,23.60911
BP,Τέννις,,Χαλκίδα,38.46519,23.61556
CYCLON,Κάνηθος,Κωνσταντίνου Καραμανλή,Χαλκίδα,38.46550,23.57786
EKO,Τέννις,Ορέστη Μακρή,Χαλκίδα,38.46568,23.61539
ΑΠ,Άγιος Σπυρίδωνας,,Ορχομενός,38.46579,22.95737
Revoil,Σκαριώτης,,,38.46849,25.94423
Revoil,Γουριά,,Αιτωλικό,38.46875,21.26086
Avin,Κουρέντι,,Χαλκίδα,38.46888,23.60384
Avin,Τέννις,Ορέστη Μακρή,Χαλκίδα,38.46888,23.61638
EKO,Τέννις,Σαλαμίνος,Χαλκίδα,38.46907,23.62101
Α.Π.,Οντάθι,,Δροσιά,38.47039,23.55759
Revoil,Γουριά,,Αιτωλικό,38.47094,21.26049
,Καρυά,,Ορχομενός,38.47110,22.99435
Revoil,Σκαριώτης,,,38.47147,25.94067
Shell,Τέννις,Αντωνίου Μαργαρίτη,Χαλκίδα,38.47159,23.63305
Revoil,Άγιος Σπυρίδωνας,,Ορχομενός,38.47170,22.94594
EKO,Ξηρόβρυση,,Χαλκίδα,38.47283,23.58365
ΕΤΕΚΑ,Δροσιά,,,38.47323,23.54814
Avin,Δροσιά,,,38.47405,23.55352
Shell,Τέννις,Γεωργίου Παπανδρέου,Χαλκίδα,38.47505,23.62490
ΕΛΙΝΟΙΛ,Δάφνη,,Αλιβέρι,38.47863,24.11811
ΕΛΙΝΟΙΛ,Άγιος Σπυρίδωνας,,Ορχομενός,38.47871,22.96189
Avin,Αράχοβα,,,38.47942,22.59555
BP,Δελφοί,,Ιτέα,38.47951,22.49164
,Λουκίσια,,Δροσιά,38.48032,23.44827
EKO,Τέννις,Γεωργίου Παπανδρέου,Χαλκίδα,38.48106,23.62853
BP,Δροσιά,,,38.48168,23.53910
Avin,Δροσιά,,,38.48222,23.54973
BP,Τέννις,,Νέα Αρτάκη,38.48258,23.62942
EKO,Πεντάλοφο,,Αιτωλικό,38.48267,21.25081
SILKOIL,Κάστρο,,Αλίαρτος,38.48404,23.14275
Avin,Τέννις,,Νέα Αρτάκη,38.48671,23.63209
ΕΛΙΝΟΙΛ,Σκριπού,,Ορχομενός,38.48703,22.97359
,,,Αστακός,38.48827,21.11192
ΕΛΙΝΟΙΛ,Κάστρο,,Αλίαρτος,38.48858,23.15747
Shell,Λουκίσια,,Δροσιά,38.48906,23.46789
ΕΤΕΚΑ,Στροβίκι,,Ορχομενός,38.48966,23.05915
Avin,Πετρομαγούλα,,Ορχομενός,38.48995,22.98499
Revoil,Ορχομενός,,,38.49211,22.97785
Shell,Κάστρο,,Αλίαρτος,38.49227,23.16433
Avin,Νέα Αρτάκη,,,38.49259,23.63299
Aegean,Συνοικισμός,,Ορχομενός,38.49497,22.99786
Shell,Συνοικισμός,,Ορχομενός,38.49534,23.00124
,Χαιρώνεια,,Λιβαδειά,38.49691,22.84334
EKO,Αυλωνάρι,,Αλιβέρι,38.49719,24.11168
Avin,Καψοράχη,,Θέρμο,38.49895,21.61411
Aegean,Πάμφιο,,Θέρμο,38.49986,21.64244
BP,Αυλωνάρι,,Αλιβέρι,38.50099,24.11046
SILKOIL,Συνοικισμός,,Ορχομενός,38.50330,22.99590
ΕΛΙΝΟΙΛ,Καλύβια Λιβαδιού,,Ιτέα,38.50575,22.55171
Avin,Νέα Αρτάκη,Εθνικής Αντιστάσεως,,38.50637,23.63575
EKO,Σταμνά,,Αιτωλικό,38.51107,21.28554
ΕΛΙΝΟΙΛ,Διόνυσος,,Ορχομενός,38.51354,22.95025
BP,Δαύλεια,,,38.51466,22.73692
EKO,Δαύλεια,,Λιβαδειά,38.51791,22.75424
BP,Βατώντας,Βουδούρη,Νέα Αρτάκη,38.51932,23.64889
Shell,Νέα Αρτάκη,Εθνικής Αντιστάσεως,,38.51978,23.63742
BP,Άμφισσα,,,38.52096,22.38740
Shell,Άμφισσα,,,38.52298,22.38439
Avin,Βατώντας,,Νέα Αρτάκη,38.52379,23.67153
CYCLON,Ματαράγκα,,Παναιτώλιο,38.52461,21.46797
Aegean,Άμφισσα,Σαλώνων,,38.52478,22.38178
Aegean,Νέα Αρτάκη,Εθνικής Αντιστάσεως,,38.52515,23.63706
Avin,Άμφισσα,Σαλώνων,,38.52526,22.38061
Shell,Λιδορίκι,,,38.52548,22.20243
,Αστακός,,,38.52568,21.09678
BP,Άμφισσα,Σαλώνων,,38.52614,22.37982
Revoil,Παύλος,,Ορχομενός,38.52666,23.08869
BP,Άγιος Ανδρέας,,Καινούργιο,38.52680,21.54865
Revoil,Γαβαλού,,Καινούργιο,38.52692,21.53700
ΕΤΕΚΑ,Πισσώνας,,Νέα Αρτάκη,38.52707,23.72000
BP,Γραμματικού,,Παναιτώλιο,38.52737,21.50226
Avin,Άμφισσα,,,38.52770,22.38325
Aegean,Γραμματικού,,Παναιτώλιο,38.52849,21.51308
,Παύλος,,Ορχομενός,38.52985,23.09267
ΑΠ,Παππαδάτες,,Παναιτώλιο,38.52995,21.44580
Revoil,Καρδάμυλα,,Βροντάδος,38.53269,26.09555
EKO,Αστακός,,,38.53505,21.09061
Revoil,Αστακός,,,38.53565,21.08811
Aegean,Στρογγυλοβούνι,,Αστακός,38.53719,21.19320
BP,Ζευγαράκι,,Παναιτώλιο,38.53746,21.40081
Revoil,Ζευγαράκι,,Παναιτώλιο,38.53749,21.40376
ΕΛΙΝΟΙΛ,Μάρμαρο,,Βροντάδος,38.53994,26.10088
SILKOIL,Μονόδρυ,,Κύμη,38.53995,24.07586
EKO,Ψαρά,,,38.54697,25.56805
Avin,Όριο,,Κύμη,38.55084,24.11149
BP,Όριο,,Κύμη,38.55530,24.11632
EKO,Βασιλικά,,,38.55789,22.79867
Aegean,Ζευγαράκι,,Παναιτώλιο,38.55825,21.41829
VALIN,Καστέλλα,Χαλκίδας - Λουτρών Αιδηψού,Ψαχνά,38.55895,23.63264
ΕΛΙΝΟΙΛ,Καραϊσκάκης,,Αστακός,38.56133,21.09677
ΕΛΙΝΟΙΛ,Λάρυμνα,,,38.56387,23.28090
Cyclon,Καθενοί,,Ψαχνά,38.56537,23.76274
BP,Λάρυμνα,,,38.56707,23.28228
SILKOIL,Θέρμο,,,38.56752,21.66558
BP,Θέρμο,,,38.56863,21.66115
VALIN,Καστέλλα,Χαλκίδας - Λουτρών Αιδηψού,Ψαχνά,38.57145,23.63150
BP,Μαρτίνο,,,38.57211,23.20625
Aegean,Καραϊσκάκης,,Αστακός,38.57271,21.09347
ΕΛΙΝΟΙΛ,Κάτω Στενή,,,38.57283,23.82197
BP,Θέρμο,,,38.57304,21.66592
Revoil,Ψαχνά,,,38.57463,23.64222
Aegean,Αγγελόκαστρο,,Αγρίνιο,38.57481,21.28922
BP,Καστέλλα,Χαλκίδα - Λουτρά Αιδηψού,Ψαχνά,38.57527,23.63200
Revoil,Οξύλιθος,,Κύμη,38.57695,24.12856
ΕΛΙΝΟΙΛ,Τριάδα,,Ψαχνά,38.57853,23.70608
Avin,Τριάδα,,Ψαχνά,38.57997,23.69770
ΕΛΙΝΟΙΛ,Αγγελόκαστρο,,Αγρίνιο,38.58033,21.28495
Shell,Παναιτώλιο,,,38.58333,21.42697
Revoil,Ταξιάρχες,,Κύμη,38.58477,24.06460
Revoil,Αγία Παρασκευή,,,38.58555,22.73881
Revoil,Παναιτώλιο,,,38.58586,21.45222
Aegean,Χρυσοβίτσα,,Αστακός,38.58637,21.14762
Aegean,Παναιτώλιο,,,38.58755,21.42662
BP,Οξύλιθος,,Κύμη,38.58760,24.11388
BP,Πολιτικά,,Ψαχνά,38.58796,23.56026
BP,Αγόριανη,,Άμφισσα,38.59359,22.49277
ΕΛΙΝΟΙΛ,Μάζι,,,38.59533,23.18878
Aegean,Εργατικές Κατοικίες,,"Άγιος Κωνσταντίνος, Παναιτώλιο",38.59740,21.41770
EKO,Καινούργιο,,,38.59771,21.46934
ΑΠ,Βίνιανη,,Άμφισσα,38.60187,22.37693
Aegean,Παντάνασσα,,Καινούργιο,38.60201,21.56238
Revoil,Καινούργιο,,,38.60308,21.47812
Avin,Καινούργιο,,,38.60308,21.47823
Aegean,Καινούργιο,,,38.60354,21.48106
ΕΛΙΝΟΙΛ,Κάτω Τραγάνα,,Καινούργιο,38.60623,21.49237
Avin,Εργατικές Κατοικίες,,"Άγιος Κωνσταντίνος, Αγρίνιο",38.60837,21.41393
ΕΛΙΝΟΙΛ,Κάτω Τιθορέα,,,38.60852,22.71352
Revoil,Νέα Αβόρανη,,Παναιτώλιο,38.60858,21.44897
Revoil,Καλύβια,,Αγρίνιο,38.61135,21.32650
BP,Εργατικές Κατοικίες,,"Άγιος Κωνσταντίνος, Αγρίνιο",38.61139,21.41309
ΕΤΕΚΑ,Καλύβια,,Αγρίνιο,38.61157,21.32494
ΕΛΙΝΟΙΛ,Κάτω Τιθορέα,,,38.61194,22.70651
CYCLON,Παραβόλα,,Καινούργιο,38.61364,21.52896
Avin,Εργατικές Κατοικίες,Πανεπιστημίου,"Άγιος Κωνσταντίνος, Αγρίνιο",38.61420,21.41764
EKO,Εργατικές Κατοικίες,,"Άγιος Κωνσταντίνος, Αγρίνιο",38.61462,21.43095
ΑΠ,Δοκίμι,,"Άγιος Κωνσταντίνος, Αγρίνιο",38.61468,21.36283
Revoil,Καλύβια,,Αγρίνιο,38.61477,21.29017
BP,Δοκίμι,,"Άγιος Κωνσταντίνος, Αγρίνιο",38.61608,21.38004
Shell,Αγρίνιο,,Άγιος Κωνσταντίνος,38.61626,21.41059
ΕΛΙΝΟΙΛ,Εργατικές Κατοικίες,,"Άγιος Κωνσταντίνος, Αγρίνιο",38.61673,21.42597
Revoil,Εργατικές Κατοικίες,,"Άγιος Κωνσταντίνος, Αγρίνιο",38.61678,21.42690
CYCLON,Μαχαιράς,,Αστακός,38.61775,21.14439
ΕΛΙΝΟΙΛ,Μαλεσίνα,,,38.61853,23.23099
CYCLON,Καλημεριάνοι,,Κύμη,38.61862,24.08423
Revoil,Μαλεσίνα,,,38.61888,23.23106
Shell,Δοκίμι,,"Άγιος Κωνσταντίνος, Αγρίνιο",38.61904,21.39021
Avin,Μαλεσίνα,,,38.61931,23.23146
Avin,Δοκίμι,,"Άγιος Κωνσταντίνος, Αγρίνιο",38.62014,21.39311
SILKOIL,Τραγάνα,,Αταλάντη,38.62020,23.12913
Shell,Καραπανέικα,Εθνικής Αντιστάσεως,"Άγιος Κωνσταντίνος, Αγρίνιο",38.62036,21.42118
Shell,Αγρίνιο,Ι. Παπαϊωάννου,Άγιος Κωνσταντίνος,38.62307,21.40697
ΕΛΙΝΟΙΛ,Καλλιθέα,,Θέρμο,38.62332,21.61941
Avin,Καμαρούλα,,"Άγιος Κωνσταντίνος, Αγρίνιο",38.62379,21.44033
Avin,Καραπανέικα,,"Άγιος Κωνσταντίνος, Αγρίνιο",38.62416,21.41585
Revoil,Ελάτεια,,,38.62474,22.77325
BP,Άγιος Κωνσταντίνος,,Αγρίνιο,38.62638,21.39558
EKO,Αγρίνιο,,Άγιος Κωνσταντίνος,38.62684,21.40962
EKO,Άγιος Κωνσταντίνος,,Αγρίνιο,38.62766,21.40038
BP,Άγιος Κωνσταντίνος,,Αγρίνιο,38.62889,21.39520
BP,Βασιλική,,,38.62986,20.60827
Revoil,Καραπανέικα,Κόκκαλη,"Άγιος Κωνσταντίνος, Αγρίνιο",38.63241,21.41349
EKO,Άγιος Κωνσταντίνος,,Αγρίνιο,38.63257,21.40660
ΕΛΙΝΟΙΛ,Κάτω Καλύβια,,,38.63267,22.62997
EKO,Μαραντοχώρι,,,38.63318,20.66367
Aegean,Λιλαία,,,38.63363,22.51135
ΑΠ,Βασιλική,,,38.63385,20.61696
Aegean,Άγιος Κωνσταντίνος,,Αγρίνιο,38.63476,21.40293
BP,Κύμη,,,38.63609,24.10313
Shell,Άγιος Κωνσταντίνος,,Αγρίνιο,38.63942,21.39190
SILKOIL,Αμφίκλεια,,,38.64350,22.59409
Shell,Αμφίκλεια,,,38.64490,22.59082
ΕΤΕΚΑ,Διαμανταίικα,,"Άγιος Κωνσταντίνος, Αγρίνιο",38.64666,21.38321
KAOIL,Μεγάλη Χώρα,,"Άγιος Κωνσταντίνος, Αγρίνιο",38.65046,21.37760
Avin,Σπαρτοχώρι,,Σπήλια,38.65608,20.76087
BP,Άνω Καλύβια,,,38.65744,22.57136
Avin,Αταλάντη,,,38.65760,23.00556
Shell,Σκάλα Αταλάντης,,Λιβανάτες,38.65823,23.07238
Avin,Όχθια,,Αγρίνιο,38.65853,21.29004
BP,Μεγάλη Χώρα,,"Άγιος Κωνσταντίνος, Αγρίνιο",38.65867,21.36943
,Νεάπολη,,"Άγιος Κωνσταντίνος, Αγρίνιο",38.66043,21.36789
Revoil,Αταλάντη,,,38.66054,23.01354
CYCLON,Κατωχώρι,,,38.66094,20.69437
Shell,Σκάλα Αταλάντης,,Λιβανάτες,38.66099,23.07216
ΕΛΙΝΟΙΛ,Αταλάντη,,,38.66279,22.98657
ΕΛΙΝΟΙΛ,Αταλάντη,,,38.66466,23.02814
Revoil,Αταλάντη,,,38.66549,23.00814
Avin,Αταλάντη,,,38.66556,23.02997
Shell,Στράτος,,Αγρίνιο,38.66622,21.31114
ΕΛΙΝΟΙΛ,Νεάπολη,,"Άγιος Κωνσταντίνος, Αγρίνιο",38.66674,21.36627
Shell,Νεάπολη,,"Άγιος Κωνσταντίνος, Αγρίνιο",38.66704,21.36368
,Στράτος,,Αγρίνιο,38.66812,21.32176
AEGEAN,Στράτος,,Αγρίνιο,38.66880,21.30076
Revoil,Νεάπολη,,Αγρίνιο,38.67040,21.36080
Avin,Νεάπολη,,Αγρίνιο,38.67043,21.34671
Aegean,Μύτικας,,,38.67432,20.94508
,Νεάπολη,,Αγρίνιο,38.67485,21.36021
Avin,Μύτικας,,,38.67586,20.94129
ΕΛΙΝΟΙΛ,Βλυχό,,,38.67737,20.69750
Aegean,Κυψέλη,,Αγρίνιο,38.68251,21.26676
BP,Γραβιά,,,38.68624,22.43470
Revoil,Κουβαράς,,,38.68938,21.22919
Revoil,Στενό,,,38.69400,20.70028
Revoil,Φυτείες,,,38.69440,21.18683
,Κουβαράς,,,38.69519,21.22130
ΕΛΙΝΟΙΛ,Κουβαράς,,,38.69607,21.21760
CYCLON,Κανδήλα,,,38.69857,20.94782
Aegean,Στενό,,,38.69930,20.70456
SILKOIL,Λεπενού,,Αγρίνιο,38.70068,21.29227
Aegean,Κανδήλα,,,38.70213,20.94718
EKO,Στενό,,Λευκάδα,38.70234,20.70632
Aegean,Κανδήλα,,,38.70503,20.94841
Shell,Λεπενού,,Αγρίνιο,38.70514,21.28966
EKO,Νυδρί,,Λευκάδα,38.70526,20.70394
Aegean,Αετός,,,38.70865,21.08249
Revoil,Λιβανάτες,,,38.70984,23.05210
Revoil,Λιβανάτες,,,38.71842,23.04933
ΑΠ,Περιγιάλι,,Λευκάδα,38.72113,20.72447
Aegean,Λιβανάτες,,,38.72308,23.05094
BP,Προκόπι,Χαλκίδας - Λουτρών Αιδηψού,,38.72329,23.50767
,Περιγιάλι,,Λευκάδα,38.72531,20.72969
EKO,Προκόπι,Χαλκίδα - Λουτρά Αιδηψού,,38.73443,23.49341
ΕΚΟ,Νέα Παύλιανη,,,38.73486,22.34694
Shell,Ρίβιο,,Αμφιλοχία,38.74747,21.20444
Shell,Άγιος Κωνσταντίνος,,Καμένα Βούρλα,38.75350,22.86841
SILKOIL,Άγιος Κωνσταντίνος,,Καμένα Βούρλα,38.75352,22.86420
EKO,Πήλι,,,38.75366,23.57247
Avin,Άγιος Κωνσταντίνος,,Καμένα Βούρλα,38.75469,22.85759
CYCLON,Λογγός,,Καμένα Βούρλα,38.76100,22.90909
Revoil,Ποταμούλα,,,38.76261,21.43593
Shell,Ελευθεροχώρι,,Ροδίτσα,38.76698,22.45077
Shell,Λίμνη,,,38.77080,23.29107
EKO,Καινούργιο,,Καμένα Βούρλα,38.78039,22.71027
Revoil,Λαζαράτα,,Λευκάδα,38.78042,20.66968
Aegean,Σπανοχώρι,,Λευκάδα,38.78043,20.67046
BP,Καμένα Βούρλα,,,38.78056,22.79195
Shell,Καινούργιο,,Καμένα Βούρλα,38.78060,22.71328
EKO,Κατούνα,,Αμφιλοχία,38.78235,21.11715
BP,Κατούνα,,Αμφιλοχία,38.78360,21.11312
CYCLON,Καινούργιο,,Καμένα Βούρλα,38.78417,22.75073
EKO,Λυγιά,,Λευκάδα,38.78493,20.72096
Aegean,Πάλαιρος,,Βόνιτσα,38.79118,20.88198
Shell,Λυγιά,,Λευκάδα,38.79298,20.71824
Avin,Μαντούδι,Χαλκίδα - Λουτρά Αιδηψού,,38.79429,23.47472
Aegean,Πάλαιρος,,Βόνιτσα,38.79553,20.88088
Aegean,Καριώτες,,Λευκάδα,38.80028,20.74261
Avin,Θερμοπύλες,,Ροδίτσα,38.80059,22.54547
ΑΠ,Άγιος Σεραφείμ,,Καμένα Βούρλα,38.80069,22.70585
Avin,Πάλαιρος,,Βόνιτσα,38.80189,20.87820
EKO,Ηράκλεια,,Ροδίτσα,38.80447,22.44701
EKO,Δάφνη,Στροφυλιά - Λίμνη,,38.80460,23.34153
BP,Μαντούδι,Χαλκίδα - Λουτρά Αιδηψού,,38.80466,23.46509
Aegean,Καριώτες,,Λευκάδα,38.80493,20.73636
BP,Μώλος,,Στυλίδα,38.80547,22.64295
Shell,Δάφνη,Στροφυλιά - Λίμνη,,38.80685,23.34663
CYCLON,Μώλος,,Στυλίδα,38.80772,22.64416
BP,Κήρινθος,Χαλκίδα - Λουτρά Αιδηψού,,38.80821,23.44415
EKO,Μώλος,,Στυλίδα,38.81084,22.63953
Shell,Καριώτες,,Λευκάδα,38.81527,20.71288
EKO,Στάνος,,Αμφιλοχία,38.81710,21.17726
Shell,Απόλπαινα,,Λευκάδα,38.81728,20.68979
ΕΛΙΝΟΙΛ,Απόλπαινα,,Λευκάδα,38.81771,20.69078
BP,Απόλπαινα,,Λευκάδα,38.81783,20.70254
Aegean,Απόλπαινα,,Λευκάδα,38.81957,20.70258
Avin,Λευκάδα,,,38.82084,20.71044
Revoil,Στροφυλιά,Χαλκίδα - Λουτρά Αιδηψού,,38.82106,23.41645
EKO,Λευκάδα,,,38.82350,20.70969
BP,Φρύνι,Αναπαύσεως,Λευκάδα,38.82539,20.69924
SILKOIL,Μοσχοχώρι,,Ροδίτσα,38.82729,22.44515
CYCLON,Ροβιές,,,38.82926,23.22311
,Λευκάδα,,,38.82933,20.71467
Shell,Άγιος Γεώργιος,,Καμένα Βούρλα,38.83932,22.89501
JETOIL,Άγιος Γεώργιος,,Καμένα Βούρλα,38.84108,22.88091
Shell,Λιναριά,,,38.84240,24.53606
,Χούνη,,,38.84353,21.54784
SILKOIL,Ανθήλη,,Ροδίτσα,38.84939,22.48009
Α.Π.,Φραντζής,,Σταυρός,38.84949,22.39947
BP,Αγία Άννα,,,38.85702,23.40100
Aegean,Αμφιλοχία,,,38.85747,21.16473
ΕΤΕΚΑ,Αμφιλοχία,,,38.85915,21.16502
ΕΛΙΝΟΙΛ,Κόμμα,,Ροδίτσα,38.86048,22.43970
Shell,Ανθήλη,,Ροδίτσα,38.86297,22.46185
Shell,Αμφιλοχία,,,38.86346,21.18366
Avin,Άγιος Νικόλαος,,Λευκάδα,38.86400,20.79188
Shell,Αμφιλοχία,,,38.86667,21.17457
BP,Αμφιλοχία,,,38.86712,21.17534
EKO,Άγιος Νικόλαος,,Λευκάδα,38.86834,20.80368
ΕΛΙΝΟΙΛ,Άγιος Νικόλαος,,Βόνιτσα,38.86970,20.80524
,Κομποτάδες,,Σταυρός,38.86974,22.36331
Shell,Ροδίτσα,,,38.87460,22.45599
EKO,Αιδηψός,,Λουτρά Αιδηψού,38.87504,23.04039
ΕΛΙΝΟΙΛ,Ασπούς,,,38.87590,24.56492
,Νέο Γιαννόπουλο,,,38.87777,21.34000
Aegean,Αιδηψός,,Λουτρά Αιδηψού,38.88090,23.04122
ΕΛΙΝΟΙΛ,Νέα Άμπλιανη,,Λαμία,38.88157,22.43713
BP,Παραλία Ραχών,Παράπλευρη Οδός Α.Θ.Ε.,Καμένα Βούρλα,38.88311,22.77492
EKO,Παραλία Ραχών,,Καμένα Βούρλα,38.88317,22.77450
EKO,Νέα Άμπλιανη,,Ροδίτσα,38.88480,22.45055
SILKOIL,Νέα Άμπλιανη,,Λαμία,38.88483,22.43497
ΕΛΙΝΟΙΛ,Ροδίτσα,,,38.88656,22.46579
BP,Παγκράτι,Φραντζή & Αινιάνος,Λαμία,38.88682,22.42048
ΑΠ,Νέα Μαλεσιάδα,,,38.88809,21.34620
CYCLON,Παγκράτι,Ναυπάκτου,Λαμία,38.88836,22.43064
BP,Αχινός,,Στυλίδα,38.88955,22.71705
Shell,Καλύβια,,Σταυρός,38.88964,22.39144
Aegean,Βόνιτσα,,,38.89028,20.85106
SILKOIL,Καλύβια,Καλυβίων,Λαμία,38.89126,22.40741
ΕΛΙΝΟΙΛ,Αχινός,,Στυλίδα,38.89187,22.72540
EKO,Αχλάδι,,,38.89256,23.37865
EKO,Σ. Σ. Λειανοκλαδίου,,Σταυρός,38.89267,22.37715
ΕΛΙΝΟΙΛ,Σ. Σ. Λειανοκλαδίου,,Σταυρός,38.89297,22.37468
BP,Σ. Σ. Λειανοκλαδίου,,Σταυρός,38.89309,22.37423
CYCLON,Νέα Άμπλιανη,Αθηνών,Λαμία,38.89335,22.43838
Avin,Νέα Άμπλιανη,,Λαμία,38.89343,22.44554
Avin,Νέα Άμπλιανη,,Λαμία,38.89348,22.43543
JETOIL,Λαμία,Κύπρου,,38.89397,22.43699
BP,Νέα Άμπλιανη,,Λαμία,38.89428,22.44564
Aegean,Ανθέων,Γεωργίου Πλατή,Λαμία,38.89431,22.42658
EKO,Νέα Μαγνησία,,Ροδίτσα,38.89433,22.45109
Shell,Λουτρά Υπάτης,,Σταυρός,38.89441,22.28019
Revoil,Δρυμός,,Βόνιτσα,38.89452,20.99844
BP,Νέα Άμπλιανη,,Λαμία,38.89461,22.44219
Avin,Βασιλικά,,Σπερχειάδα,38.89535,22.21634
SILKOIL,Αφανός,,Λαμία,38.89622,22.44191
CYCLON,Λαμία,Κωνσταντινουπόλεως,,38.89641,22.43508
Avin,Εργατικές Κατοικίες Αγίου Κοσμά,,Ροδίτσα,38.89676,22.46844
SILKOIL,Ανθέων,Γεωργίου Πλατή,Λαμία,38.89696,22.43060
CYCLON,Εργατικές Κατοικίες Αγίου Κοσμά,,Ροδίτσα,38.89723,22.46503
BP,Στυλίδα,,,38.89737,22.65636
Avin,Εργατικές Κατοικίες Αγίου Κοσμά,,Ροδίτσα,38.89751,22.46356
BP,Νέα Μαγνησία,Στυλίδος,Ροδίτσα,38.89849,22.45900
CYCLON,Αγία Παρασκευή,,Ροδίτσα,38.89952,22.48839
Shell,Αγία Παρασκευή,,Ροδίτσα,38.89953,22.49133
Elin,Σκύρος,,,38.89985,24.56408
EKO,Γοριανάδες,,Καρπενήσι,38.90006,21.77168
SILKOIL,Αφανός,Παπαποστόλου,Λαμία,38.90025,22.44476
ΕΛΙΝΟΙΛ,Αφανός,Παπαποστόλου,Λαμία,38.90036,22.44216
BP,Αφανός,,Λαμία,38.90046,22.44842
BP,Αγία Παρασκευή,,Ροδίτσα,38.90068,22.50037
EKO,Άγιοι Θεόδωροι,,Λαμία,38.90071,22.43873
EKO,Γοριανάδες,,Καρπενήσι,38.90200,21.77750
Revoil,Σπάρτο,,Αμφιλοχία,38.90205,21.10807
Revoil,Κάτω Καμπιά,,Σπερχειάδα,38.90267,22.03065
Avin,Αγία Παρασκευή,,Ροδίτσα,38.90273,22.51181
Avin,Καρπενήσι,,,38.90414,21.78806
Revoil,Αμούρι,,Σταυρός,38.90472,22.34785
EKO,Καρπενήσι,,,38.90475,21.80727
Shell,Καρπενήσι,,,38.90513,21.81916
BP,Αυλάκι,,"Εργατικές Κατοικίες, Στυλίδα",38.90543,22.55286
Shell,Αγία Μαρίνα,,"Εργατικές Κατοικίες, Στυλίδα",38.90559,22.59012
Revoil,Νέα Σφαίρα,Καραϊσκάκη,Λαμία,38.90643,22.43092
ΑΡΓΩ,Καρπενήσι,,,38.90747,21.81577
Shell,Καρπενήσι,,,38.90760,21.81899
Aegean,Βόνιτσα,,,38.90834,20.89320
Aegean,Άνοιξη,,Λαμία,38.90906,22.42897
Avin,Εργατικές Κατοικίες,,Στυλίδα,38.91079,22.60068
Revoil,Παλιάμπελα,,Βόνιτσα,38.91090,20.96102
BP,Καρπενήσι,,,38.91141,21.80452
BP,Στυλίδα,,Εργατικές Κατοικίες,38.91153,22.60816
KAOIL,Βόνιτσα,Λευκάδας,,38.91212,20.88895
ΕΛΙΝΟΙΛ,Άνοιξη,Παπασιοπούλου,Λαμία,38.91254,22.42758
BP,Καρπενήσι,,,38.91277,21.80278
ΕΛΙΝΟΙΛ,Στυλίδα,Ελευθερίου Βενιζέλου,Εργατικές Κατοικίες,38.91298,22.62248
Shell,Βόνιτσα,Βόνιτσα - Λευκάδα,,38.91345,20.88966
EKO,Γαλανέικα,,Λαμία,38.91437,22.42746
ΕΛΙΝΟΙΛ,Κρόκος,,,38.91493,24.56485
Revoil,Άγιος,,Λουτρά Αιδηψού,38.91531,23.04944
EKO,Καρπενήσι,,,38.91544,21.79087
SILKOIL,Βόνιτσα,Ελευθερίου Βενιζέλου,,38.91547,20.88973
ΑΠ,Σπερχειάδα,,,38.91632,22.12006
EKO,Σπερχειάδα,,,38.91723,22.12029
Shell,Γαλανέικα,Λαρίσης,Λαμία,38.91760,22.42711
SILKOIL,Γαλανέικα,,Λαμία,38.91810,22.42700
ΑΠ,Λειανοκλάδι,,Σταυρός,38.92023,22.30378
BP,Ζηλευτό,,Σταυρός,38.92246,22.28175
Revoil,Εργατικές Κατοικίες Γαλανέικων,,Λαμία,38.92367,22.43481
Avin,Ταξιάρχης,,Ιστιαία,38.92378,23.10691
BP,Ζηλευτό,,Σταυρός,38.92592,22.26912
Α.Π.,Ταράτσα,,Λαμία,38.92665,22.42081
EKO,Αγριλιά,,Σταυρός,38.92719,22.39578
EKO,Ταράτσα,,Λαμία,38.92808,22.41879
Shell,Αγιόκαμπος,,Λουτρά Αιδηψού,38.92974,23.05025
ΕΛΙΝΟΙΛ,Μακρακώμη,,,38.93146,22.11795
Shell,Πτελέα,,Μακρακώμη,38.93186,21.98244
EKO,Άγιος Γεώργιος,,Μακρακώμη,38.93205,21.97749
Aegean,Λουτρό-Κρίκελλος,,Αμφιλοχία,38.93289,21.17755
Shell,Πρέβεζα,Πρέβεζας - Βόνιτσας,,38.93306,20.77264
Revoil,Παππάδες,,,38.93340,23.36988
Revoil,Καμάρια,,Ιστιαία,38.93592,23.17080
CYCLON,Μακρακώμη,,,38.93630,22.10207
EKO,Καμάρια,,Ιστιαία,38.93749,23.16924
EKO,Ωρεοί,,Ιστιαία,38.94413,23.09787
CYCLON,Άγιος Γεώργιος,,Ιστιαία,38.94497,23.16201
EKO,Μακρακώμη,,,38.94559,22.11957
EKO,Λουτρό-Κρίκελλος,,Αμφιλοχία,38.94583,21.17668
Avin,Άγιος Γεώργιος,,Μακρακώμη,38.94588,21.95727
SILKOIL,Πελασγία,,,38.94590,22.84710
BP,Καστρί,,Μακρακώμη,38.94606,22.20431
BP,Μακρακώμη,,,38.94657,22.12211
ΕΛΙΝΟΙΛ,Πελασγία,,,38.94658,22.84443
EKO,Καστρί,,Μακρακώμη,38.94689,22.18516
Shell,Μακρακώμη,,,38.94699,22.12795
JETOIL,Μάκρη,,Μακρακώμη,38.94713,22.15114
Avin,Ωρεοί,,Ιστιαία,38.94767,23.08911
BP,Βαθύκοιλο,,,38.94781,22.88041
JETOIL,Μάκρη,,Μακρακώμη,38.94861,22.13740
cyclon,Ιστιαία,,,38.94874,23.15852
BP,Βαθύκοιλο,,,38.95010,22.87708
Silkoil,Ιστιαία,,,38.95189,23.12979
BP,Ιστιαία,Αβάντων,,38.95551,23.14422
Revoil,Ιστιαία,Αβάντων,,38.95598,23.14669
EKO,Ιστιαία,Αβάντων,,38.95607,23.14607
Shell,Ιστιαία,28ης Οκτωβρίου,,38.95686,23.14744
ΕΛΙΝΟΙΛ,Ιστιαία,Αθανάσιου Κορφιάτη,,38.95836,23.15573
KAOIL,Γλύφα,,Λουτρά Αιδηψού,38.95863,22.96777
Shell,Αγριλιά,,Σταυρός,38.95891,22.39022
Shell,Αγριλιά,,Σταυρός,38.95945,22.39070
Aegean,Νέα Σινασός,,Ιστιαία,38.96457,23.16159
Shell,Πρέβεζα,Ιωαννίνων,,38.96971,20.74882
BP,Νέο Χαλκιόπουλο,,,38.96976,21.32961
Avin,Πρέβεζα,Λασκαράτου,,38.97027,20.73281
EKO,Βασιλικά,,,38.97134,23.35735
EKO,Πλωμάρι,,,38.97261,26.38138
BP,Ψαθάκι,,Πρέβεζα,38.97483,20.74704
BP,Ψαθάκι,,Πρέβεζα,38.97682,20.74606
BP,Ψαθάκι,,Πρέβεζα,38.97782,20.74582
ΕΛΙΝΟΙΛ,Τρύγονας,,Πλωμάρι,38.97901,26.41072
Shell,Μύτικας,,Πρέβεζα,38.98110,20.71593
EKO,Τρύγονας,,Πλωμάρι,38.98218,26.40102
ΑΠ,Ψαθάκι,,Πρέβεζα,38.98262,20.74458
Avin,Ψαθάκι,,Πρέβεζα,38.98334,20.74426
Avin,Ψαθάκι,,Πρέβεζα,38.98388,20.74341
Avin,Μύτικας,,Πρέβεζα,38.98396,20.71456
ΕΤΕΚΑ,Ψαθάκι,,Πρέβεζα,38.98912,20.74134
Axon Hellas,Μύτικας,,Πρέβεζα,38.99192,20.71405
Α.Π,Μύτικας,,Πρέβεζα,38.99225,20.71415
ΑΠ,Μύτικας,,Πρέβεζα,38.99450,20.71377
ΕΛΙΝΟΙΛ,Άγιος Προκόπιος,,,38.99556,21.56542
EKO,Καλαμάκι,,Σταυρός,38.99591,22.37118
Aegean,Μύτικας,,Πρέβεζα,38.99723,20.73920
Shell,Ποταμιά,,,38.99939,21.31078
Silk Oil,Γούβες,,Ιστιαία,39.00002,23.24993
Silkoil,Γούβες,,Ιστιαία,39.00088,23.24733
Revoil,Ασμήνιο,,Ιστιαία,39.00111,23.17831
ΕΛΙΝΟΙΛ,Αρτεμίσιο,Χαλκίδας - Λουτρών Αιδηψού,Ιστιαία,39.01286,23.22858
ΕΤΕΚΑ,Αχίλλειο,,Σούρπη,39.01536,22.94751
EKO,Νέος Παλαμάς,,Δομοκός,39.03158,22.36457
ΕΛΙΝΟΙΛ,Παππάδος,,,39.03349,26.46101
(closed),Παππάδος,,,39.03368,26.45754
BP,Παππάδος,,,39.03396,26.45793
ΕΛΙΝΟΙΛ,Παππάδος,,,39.03433,26.45718
EKO,Βρίσα,,Πολιχνίτος,39.03760,26.19869
EKO,Πέραμα,,Παππάδος,39.04107,26.50602
ΕΛΙΝΟΙΛ,Πέραμα,,Παππάδος,39.04196,26.49664
ΑΠ,Ξυνιάδα,,Δομοκός,39.04275,22.31812
Aegean,Βρίσα,,Πολιχνίτος,39.04717,26.19847
Shell,Φλάμπουρα,,Πρέβεζα,39.05345,20.76617
ΕΛΙΝΟΙΛ,Πτελεός,,Σούρπη,39.05418,22.94733
Avin,Λουτρά,,Μυτιλήνη,39.05676,26.54176
ΕΛΙΝΟΙΛ,Παλαιόκηπος,,Παππάδος,39.05826,26.45325
Aegean,Δρυμώνας,,Σούρπη,39.06207,22.88819
JET,Συκιές,,Νεοχώρι,39.06253,21.05423
Aegean,Δρυμώνας,,Σούρπη,39.06397,22.88880
ΑΠ,Περιβόλι,,Δομοκός,39.06616,22.18253
ΕΛΙΝΟΙΛ,Νεοχώρι,Άρτα - Νεοχώρι,,39.07078,21.02218
Aegean,Κομπότι,,,39.07227,21.09435
,Κομπότι,,,39.07228,21.09441
BP,Νέα Θέση,,Λούρος,39.07384,20.68994
ΕΤΕΚΑ,Κομπότι,,,39.07564,21.09205
Shell,Νέα Μάκριση,,Δομοκός,39.07583,22.31713
Α.Π.,Θύαμος,,,39.08008,21.26342
BP,Πολιχνίτος,,,39.08028,26.18665
ΕΛΙΝΟΙΛ,Αγιάσος,,,39.08076,26.36898
ΕΛΙΝΟΙΛ,Πολιχνίτος,,,39.08187,26.18780
EKO,Παχυκάλαμος,,Νεοχώρι,39.08229,21.01818
Shell,Καλογερικό,,Νεοχώρι,39.08359,20.91790
Revoil,Περάνθη,Επαρχιακή οδός Άρτας - Κομμένου,Νεοχώρι,39.08394,21.04738
EKO,Πολιχνίτος,,,39.08489,26.19387
CYCLON,Πήδημα Κυράς,,Λούρος,39.08841,20.66872
EKO,Γρανίτσα,,,39.08884,21.50969
BP,Πολιχνίτος,,,39.08968,26.20304
BP,Αρχάγγελος,,Λούρος,39.08989,20.70307
Avin,Ανέζα,,Άρτα,39.09746,20.91420
BP,Σούρπη,,,39.09746,22.89913
Shell,Μακρύς Γιαλός,,Μυτιλήνη,39.09778,26.55536
Revoil,Νέα Σινώπη,,Λούρος,39.09782,20.72550
EKO,Ομβριακή,,Δομοκός,39.09942,22.30595
EKO,Μυτιλήνη,,,39.10057,26.55509
Revoil,Τρίκερι,,,39.10206,23.07685
ΑΠ,Ομβριακή,,Δομοκός,39.10208,22.27617
Avin,Σελλάδες,,Κομπότι,39.10280,21.06816
EKO,Λαγκάδα,,Μυτιλήνη,39.10515,26.54662
EKO,ΠΟΤΑΜΟΣ,,Μυτιλήνη,39.10522,26.54624
EKO,Λαγκάδα,,Μυτιλήνη,39.10537,26.55004
ΕΛΙΝΟΙΛ,Πυργί,Μυτιλήνης - Καλλονής,Μυτιλήνη,39.10567,26.51148
Aegean,Λαγκάδα,,Μυτιλήνη,39.10591,26.54886
EKO,Κάμπος,,Σκόπελος,39.10612,23.73239
Shell,Πυργί,Μυτιλήνης - Καλλονής,Μυτιλήνη,39.10930,26.50589
Avin,Αλυφαντά,,Μυτιλήνη,39.10940,26.53238
BP,Πυργί,,Μυτιλήνη,39.11055,26.50395
EKO,Άγιος Γεώργιος,,Αγιάσος,39.11076,26.44892
Revoil,Αγία Τριάδα,,Σούρπη,39.11237,22.87863
ΕΛΙΝΟΙΛ,Ανθότοπος,,Νεοχώρι,39.11258,20.99334
ΕΛΙΝΟΙΛ,Κάμπος,,Σκόπελος,39.11556,23.73172
ΕΛΙΝΟΙΛ,Κάμπος,,Σκόπελος,39.11676,23.73073
,Χρυσοπηγή,,Κομπότι,39.11728,21.19839
EKO,Νέα Σαμψούντα,,Λούρος,39.11888,20.75233
EKO,Δομοκός,,,39.11961,22.31118
Avin,Άγιος Γεώργιος,,Μυτιλήνη,39.12059,26.47303
EKO,Κεραμεία,,Αγιάσος,39.12111,26.45315
EKO,Λιμίνη,,Κομπότι,39.12115,21.04545
SILKOIL,Μαντασιά,,Δομοκός,39.12234,22.44445
BP,Αγία Τριάδα,,Σούρπη,39.12243,22.86342
Shell,Κεραμεία,,Αγιάσος,39.12245,26.44679
Avin,Ίππειο,,Αγιάσος,39.12468,26.40883
Avin,Νέος Ωρωπός,,Λούρος,39.12488,20.75316
BP,ΚΑΡΑ ΤΕΠΕ,,Μυτιλήνη,39.12510,26.54469
ΕΛΙΝΟΙΛ,Δομοκός,,,39.12542,22.31897
Avin,ΚΑΡΑ ΤΕΠΕ,,Μυτιλήνη,39.12683,26.54444
EKO,Μόρια,,Μυτιλήνη,39.12734,26.47418
EKO,Κεραμεία,,Αγιάσος,39.12799,26.43495
Avin,Κωστακιοί,,Άρτα,39.12972,20.94792
EKO,Μεσότοπος,,,39.13057,26.01054
BP,Κωστακιοί,,Άρτα,39.13557,20.95462
Avin,Κιρκιζάτες,,Άρτα,39.13900,20.93880
Revoil,Κωστακιοί,,Άρτα,39.14177,20.96282
EKO,Αχλαδιάς,,Σκιάθος,39.14272,23.42389
ΕΛΙΝΟΙΛ,Παναγιούδα,,Μυτιλήνη,39.14432,26.52891
Shell,Άγιοι Ανάργυροι,,Άρτα,39.14483,21.01930
BP,Παναγιούδα,,Μυτιλήνη,39.14483,26.52855
ΕΛΙΝΟΙΛ,Πατητήρι,,Σκόπελος,39.14647,23.86162
BP,Κλήμα,,Σκόπελος,39.14867,23.63093
EKO,Βότση,,Σκόπελος,39.15082,23.86751
Α.Π.,Άγιος Δημήτριος,,Άρτα,39.15111,21.00836
EKO,Άγρα,,Πολιχνίτος,39.15146,26.06995
,Νέος Ωρωπός,,Λούρος,39.15155,20.74308
Revoil,Ελεούσα,,Άρτα,39.15186,20.97188
Avin,Αφάλωνας,,Μυτιλήνη,39.15267,26.51644
Revoil,Ελεούσα,,Άρτα,39.15276,20.97137
ΕΛΙΝΟΙΛ,Βότση,,Σκόπελος,39.15304,23.87077
EKO,Άρτα,,,39.15392,20.97855
ΕΤΕΚΑ,Εκκάρα,,Δομοκός,39.15485,22.19887
BP,Άρτα,,,39.15552,20.97849
BP,Ελεούσα,,Άρτα,39.15639,20.95720
ETEKA,Άγιος Δημήτριος,,Άρτα,39.15642,21.00569
Avin,Πουρνάρι,,Δομοκός,39.15648,22.29387
Shell,Άρτα,,,39.15650,20.99822
Aegean,Άρτα,,,39.15664,21.00055
EKO,Άρτα,,,39.15721,20.99812
BP,Άρτα,,,39.15729,20.99614
Avin,Άγρα,,Πολιχνίτος,39.15763,26.06420
,Ερεσός,,,39.15846,25.93478
Avin,Άρτα,,,39.16028,20.98004
ΕΛΙΝΟΙΛ,Νέος Πλάτανος,,Αλμυρός,39.16082,22.79688
Avin,Λούρος,,,39.16141,20.75430
Shell,Άγιος Δημήτριος,,Άρτα,39.16208,21.01425
KAOIL,Χαλκιάδες,,Άρτα,39.16213,20.93622
KMoil,Άγιος Δημήτριος,,Άρτα,39.16242,21.01938
Aegean,Άγιος Δημήτριος,,Άρτα,39.16245,21.01947
KAOIL,Νέος Πλάτανος,,Αλμυρός,39.16254,22.79379
CYCLON,Χαλκιάδες,,Άρτα,39.16281,20.93417
Revoil,Νέα Κερασούντα,,Φιλιππιάδα,39.16282,20.86358
Avin,Νέα Κερασούντα,,Φιλιππιάδα,39.16298,20.84593
ΕΤΕΚΑ,Νέα Κερασούντα,,Φιλιππιάδα,39.16359,20.86552
ΕΛΙΝΟΙΛ,Σκιάθος,,,39.16384,23.47942
Shell,Πύργοι Θερμής,,Μυτιλήνη,39.16445,26.50897
BP,Ερεσός,,,39.16518,25.93448
ΕΛΙΝΟΙΛ,Σκιάθος,,,39.16651,23.48502
ΑΠ,Λούρος,,,39.16652,20.75760
ΕΛΙΝΟΙΛ,Παράκοιλα,,Καλλονή,39.16811,26.14266
EKO,Σκιάθος,,,39.16837,23.49115
ΕΛΙΝΟΙΛ,Σκιάθος,,,39.16852,23.48672
ΕΛΙΝΟΙΛ,Σκιάθος,,,39.16947,23.48756
ΕΛΙΝΟΙΛ,Σκιάθος,,,39.16976,23.48762
Shell,Σκιάθος,,,39.16992,23.49188
Aegean,Γραμμενίτσα,,Άρτα,39.17060,20.96868
BP,Νέος Πλάτανος,,Αλμυρός,39.17142,22.77769
,Γλώσσα,,Σκόπελος,39.17343,23.61955
Shell,Γλώσσα,,Σκόπελος,39.17594,23.62447
,Στεφάνη,,Λούρος,39.17637,20.79036
Shell,Γραμμενίτσα,,Άρτα,39.17663,20.97226
Shell,Λαύκος,,,39.17813,23.24721
EKO,Πύργοι Θερμής,,Μυτιλήνη,39.17948,26.49956
BP,Αλμυρός,,,39.17964,22.76626
EKO,Αλμυρός,,,39.18212,22.77130
ΕΛΙΝΟΙΛ,Παραλία Βράχου,,Καναλλάκι,39.18224,20.55177
Shell,Αλμυρός,Αχιλλέως,,39.18224,22.76599
KAOIL,Αλμυρός,,,39.18230,22.76293
Revoil,Αλμυρός,Αχιλλέως,,39.18254,22.75112
,Ευξεινούπολη,,,39.18399,22.73947
Shell,Αλμυρός,Βόλου,,39.18432,22.75867
Shell,Λεοντάρι,,,39.18526,22.13252
ΑΠ,Αλμυρός,,,39.18534,22.76329
JETOIL,Αλμυρός,,,39.18770,22.76803
BP,Προμύρι,,,39.18770,23.28634
JETOIL,Ανάβρα,,,39.18886,22.09292
Avin,Αλμυρός,,,39.19120,22.75769
Shell,Ζυγός,,Κομπότι,39.19335,21.10544
Aegean,Κρόκιο,,Αλμυρός,39.19350,22.75794
ΕΛΙΝΟΙΛ,,,Αγία Παρασκευή,39.19441,26.28758
BP,Κούντουρος,Gaios,,39.19471,20.18384
BP,Κούντουρος,,,39.19475,20.18384
Shell,Φιλιππιάδα,Μπιζανίου,,39.19496,20.88534
Avin,Φιλιππιάδα,Μπιζανίου,,39.19497,20.88583
ΕΤΕΚΑ,Φιλιππιάδα,,,39.19645,20.88480
Revoil,Τύργια,,Λούρος,39.19820,20.78768
ΑΠ,Φιλιππιάδα,Μπιζανίου,,39.19848,20.88480
ΕΛΙΝΟΙΛ,Κρόκιο,,Ευξεινούπολη,39.20141,22.75327
KAOIL,Σοφιάδα,,Δομοκός,39.20621,22.25137
BP,Φιλιππιάδα,,,39.20658,20.88651
Shell,Μαγαζιά,,,39.20687,20.15537
Shell,Φιλιππιάδα,,,39.20938,20.87883
Avin,Τύργια,,Λούρος,39.21024,20.78368
ΕΤΕΚΑ,Κέδρος,,Σοφάδες,39.21093,22.04490
EKO,Κέδρος,,Σοφάδες,39.21156,22.04323
Aegean,Χανόπουλο,Χανόπουλο,Φιλιππιάδα,39.21340,20.93228
Aegean,Καμπή,,Φιλιππιάδα,39.21417,20.89498
Revoil,Παναγιά,,Κομπότι,39.21547,21.12003
Shell,Σίγρι,,,39.21876,25.86427
EKO,Κέδρος,,Σοφάδες,39.21905,22.03865
Shell,Καμπή,,Φιλιππιάδα,39.22089,20.90989
Shell,Καμπή,,Φιλιππιάδα,39.22097,20.90855
ΕΤΕΚΑ,Καμπή,1st km Kampi-Ammotopos,Φιλιππιάδα,39.22322,20.90863
Aegean,Βαλανιδόραχη,,Καναλλάκι,39.22410,20.52407
Shell,Αρίσβη,,Αγία Παρασκευή,39.22487,26.24637
BP,Αργαλαστή,,,39.22639,23.21969
Aegean,Τύργια,,Λούρος,39.22714,20.78682
Revoil,Καναλλάκι,,,39.22935,20.61189
BP,Αρίσβη,,Καλλονή,39.23027,26.21760
EKO,Αρίσβη,,Καλλονή,39.23045,26.22226
,Αρίσβη,,Καλλονή,39.23047,26.22850
ΕΛΙΝΟΙΛ,Επάνω Σέση,,,39.23075,21.15562
Avin,Καναλλάκι,,,39.23172,20.60366
ΕΛΙΝΟΙΛ,Νέο Μοναστήρι,,Φάρσαλα,39.23181,22.27914
Shell,Αργαλαστή,,,39.23438,23.22280
Avin,Καλλονή,,,39.23523,26.20829
,Καναλλάκι,,,39.23525,20.59901
,Βατούσσα,,Καλλονή,39.23700,26.04813
Cyclon,Βατούσσα,,Καλλονή,39.23703,26.04812
Shell,Μεσοπόταμο,,Καναλλάκι,39.23735,20.52815
Aegean,Καναλλάκι,,,39.23739,20.59619
ΕΛΙΝΟΙΛ,Άντισσα,,,39.23769,25.97693
BP,Νέο Μοναστήρι,,Φάρσαλα,39.23945,22.27072
ΑΠ,Θεσπρωτικό,,Φιλιππιάδα,39.24018,20.79178
Avin,Καναλλάκι,,,39.24232,20.58558
BP,Αγία Παρασκευή,,,39.24485,26.26899
Α.Π.,Ριζοβούνι,,Φιλιππιάδα,39.25080,20.81253
Avin,Θεσπρωτικό,,Φιλιππιάδα,39.25546,20.78774
EKO,Σκαλοχώρι,,Καλλονή,39.25612,26.08207
Shell,Σταυροχώρι,,Καναλλάκι,39.25988,20.56863
EKO,Μικροθήβες,,Νέα Αγχίαλος,39.26117,22.74903
Revoil,Μικροθήβες,,Νέα Αγχίαλος,39.26183,22.75131
Shell,Ριζοβούνι,,Φιλιππιάδα,39.26365,20.79983
ΕΛΙΝΟΙΛ,Ναρθάκιο,,Φάρσαλα,39.26516,22.47053
ΕΛΙΝΟΙΛ,Καππαδοκικό,,Σοφάδες,39.26520,22.14242
Revoil,Δημητριάδα,,Νέα Αγχίαλος,39.26848,22.78648
,Συκή,,,39.27226,23.22705
KAOIL,Ελευθεροχώρι,,Ευξεινούπολη,39.27243,22.62576
ΕΛΙΝΟΙΛ,Νέα Αγχίαλος,,,39.27371,22.81500
BP,Νέα Αγχίαλος,,,39.27417,22.81526
BP,Νέα Αγχίαλος,,,39.27542,22.80290
BP,Πάργα,,,39.28475,20.41132
AVIN,Αγία Κυριακή,,Πάργα,39.28522,20.46702
ΕΤΕΚΑ,Χρυσή Ακτή Παναγίας,,Νέα Αγχίαλος,39.28846,22.85639
Avin,Μανταμάδος,,,39.29057,26.36274
Shell,Ανώγειο,,Σοφάδες,39.29170,22.08144
ΕΛΙΝΟΙΛ,Φάρσαλα,,,39.29269,22.36138
Shell,Ανώγειο,,Σοφάδες,39.29349,22.07914
EKO,Καλλίθηρο,,Καρδίτσα,39.29360,21.90437
JETOIL,Φάρσαλα,,,39.29384,22.36630
JETOIL,Φάρσαλα,,,39.29457,22.36783
ΕΛΙΝΟΙΛ,Παλαιόμυλος,,,39.29542,22.58253
Shell,Μάραθος,,Νέα Αγχίαλος,39.29555,22.88400
ΕΛΙΝΟΙΛ,Φάρσαλα,Λαρίσης,,39.29772,22.38460
JETOIL,Φάρσαλα,Βόλου,,39.30094,22.39172
Aegean,Κερασώνας,,Φιλιππιάδα,39.30262,20.87307
,Φάρσαλα,,,39.30329,22.39805
EKO,Φάρσαλα,,,39.30341,22.39800
Revoil,Αγία Παρασκευή,,Σοφάδες,39.30450,22.04602
JETOIL,Κερασώνας,,Φιλιππιάδα,39.30478,20.87430
EKO,Καλά Νερά,,Αγριά,39.30615,23.12718
,Καλά Νερά,,Αγριά,39.30712,23.12478
EKO,Μανταμάδος,,,39.30792,26.33559
ΕΛΙΝΟΙΛ,Καλά Νερά,,Αγριά,39.30810,23.12071
ΑΠ,Καλύβια,,Μουζάκι,39.30873,21.71164
ΑΠ,Περίβλεπτο,,Βελεστίνο,39.30900,22.68928
EKO,Στύψη,,Αγία Παρασκευή,39.30935,26.21744
,Αμπελεία,,Φάρσαλα,39.31124,22.50085
ΕΛΙΝΟΙΛ,Κάτω Γατζέα,,Αγριά,39.31251,23.10450
,Αμπελεία,,Φάρσαλα,39.31417,22.47279
,Πετρί,,Καλλονή,39.31467,26.18427
,Πετρί,,Καλλονή,39.31468,26.18422
BP,Σταυρός,,Σοφάδες,39.31525,22.23560
Revoil,Μαλάκι,,Αγριά,39.31533,23.06787
BP,Υψηλομέτωπο,,Αγία Παρασκευή,39.31595,26.23802
ΕΛΙΝΟΙΛ,Υψηλομέτωπο,,Αγία Παρασκευή,39.31632,26.23808
Shell,Ρούσσο,,Καρδίτσα,39.31698,21.91027
Aegean,Βασιλής,,Φάρσαλα,39.31829,22.38422
EKO,Άναξος Σκουτάρου,,Καλλονή,39.31910,26.16156
EKO,Νέες Παγασές,Φαρσάλων - Βόλου,Διμήνι,39.32028,22.91999
BP,Άνω Λεχώνια,,Αγριά,39.32071,23.05646
JETOIL,Άνω Λεχώνια,,Αγριά,39.32249,23.05481
BP,Σοφάδες,,,39.32362,22.10406
Shell,Πέτρα,,Καλλονή,39.32405,26.18284
Jetoil,Κρυονέρι,,Μουζάκι,39.32532,21.70213
EKO,Νέες Παγασές,Αθηνών,Διμήνι,39.32546,22.92271
,Αγιοπηγή,,Καρδίτσα,39.32656,21.91293
Shell,Γλυκή,,Καναλλάκι,39.32689,20.60731
BP,Νέες Παγασές,Αθηνών,Βόλος,39.32821,22.92394
,Αερινό,,Βελεστίνο,39.32924,22.75604
Revoil,Σοφάδες,,,39.33101,22.10146
KAOIL,Νέες Παγασές,Αθηνών,Βόλος,39.33113,22.92593
BP,Πέτρα,,Καλλονή,39.33132,26.18086
Shell,Κάτω Λεχώνια,,Αγριά,39.33197,23.03414
EKO,Σοφάδες,,,39.33230,22.10072
ΑΠ,Αερινό,,Βελεστίνο,39.33297,22.75627
EKO,Κάπη,,Μανταμάδος,39.33340,26.31697
,Σοφάδες,,,39.33352,22.08827
Revoil,Αγιοπηγή,,"Άγιοι Απόστολοι, Καρδίτσα",39.33359,21.91234
KAOIL,Βαμβακού,,Φάρσαλα,39.33395,22.41955
,Σοφάδες,,,39.33398,22.08897
EKO,Σοφάδες,,,39.33405,22.09568
Avin,Παλαιοκάτουνο,49o χλμ Εθνικής Οδού Άρτας - Τρικάλων,,39.33408,21.17034
Α.Π.,Αγριά,,,39.33564,23.01837
BP,Μητρόπολη,,Καρδίτσα,39.33599,21.83747
EKO,Μητρόπολη,,Καρδίτσα,39.33605,21.83770
Shell,Μητρόπολη,,Καρδίτσα,39.33643,21.83718
BP,Σιτόχωρο,,Φάρσαλα,39.33732,22.44218
Avin,Αγριά,Δημοκρατίας,,39.33791,23.01474
KAOIL,Αγριά,,,39.33823,23.01454
Revoil,Γεωργικό,,"Άγιοι Απόστολοι, Καρδίτσα",39.33938,21.87572
EKO,Σοφάδες,Κιερίου,,39.33948,22.09510
Revoil,Αγιά,,Πάργα,39.34072,20.34734
Shell,Σοφάδες,,,39.34072,22.09353
Avin,Γεωργικό,,"Άγιοι Απόστολοι, Καρδίτσα",39.34135,21.88418
EKO,Παναγία,,,39.34407,20.88414
BP,Αστέρια Αγριάς,,Αγριά,39.34434,22.99934
ΕΤΕΚΑ,Μασχολούρι,,Σοφάδες,39.34457,22.07766
ΑΠ,Μασχολούρι,,Σοφάδες,39.34487,22.08292
ΕΛΙΝΟΙΛ,Μικρό Ευύδριο,,Φάρσαλα,39.34595,22.33986
Revoil,Μικρό Ευύδριο,,Φάρσαλα,39.34626,22.33739
Avin,Χόικα,,Καναλλάκι,39.34811,20.57453
ΕΛΙΝΟΙΛ,Μασχολούρι,,Σοφάδες,39.34841,22.06927
ΕΛΙΝΟΙΛ,Άγιος Κωνσταντίνος,Πολυμέρη,Βόλος,39.35255,22.96307
ΕΛΙΝΟΙΛ,Άγιος Κωνσταντίνος,Πολυμέρη,Βόλος,39.35386,22.96121
BP,Άγιος Κωνσταντίνος,Πολυμέρη,Βόλος,39.35419,22.96066
ΕΤΕΚΑ,Νέα Δημητριάδα,Αγίου Δημητρίου,Βόλος,39.35709,22.96567
BP,Γαρδίκι,,Παραμυθιά,39.35711,20.56524
Shell,Άγιος Νικόλαος,,Βόλος,39.35783,22.95357
Shell,Άγιος Νικόλαος,Ιάσονος,Βόλος,39.35793,22.95042
EKO,Μόλυβος,,Καλλονή,39.35809,26.18174
Shell,Καρδίτσα,,Άγιοι Απόστολοι,39.35814,21.92195
BP,Άγιος Νικόλαος,Ιάσονος,Βόλος,39.35816,22.95007
EKO,Νεάπολη,Αθηνών,Βόλος,39.35859,22.92795
Avin,Νέα Δημητριάδα,,Βόλος,39.35862,22.96469
EKO,Νεάπολη,,Βόλος,39.35890,22.92813
ΕΛΙΝΟΙΛ,Νεάπολη,Αθηνών,Βόλος,39.35936,22.92893
BP,Σταυρός,,Καρδίτσα,39.36009,21.96952
BP,Νεάπολη,Αθηνών,Βόλος,39.36165,22.93049
BP,Καρδίτσα,,Άγιοι Απόστολοι,39.36178,21.92007
KAOIL,Παλιά,Γρηγορίου Λαμπράκη,Βόλος,39.36185,22.93449
KAOIL,Παλιά,,Βόλος,39.36217,22.93470
Avin,Καρδίτσα,Υψηλάντου,Άγιοι Απόστολοι,39.36278,21.93160
BP,Καρδίτσα,,Άγιοι Απόστολοι,39.36290,21.93058
,Καρδίτσα,,Άγιοι Απόστολοι,39.36351,21.93016
EKO,Καρδίτσα,,Άγιοι Απόστολοι,39.36358,21.92714
Shell,Νεάπολη,Λαρίσης,Βόλος,39.36364,22.93028
,Καρδίτσα,,Άγιοι Απόστολοι,39.36365,21.93012
ΕΛΙΝΟΙΛ,Νέο Δέλτα,Διμηνίου,Διμήνι,39.36383,22.90884
ΕΛΙΝΟΙΛ,Νεάπολη,Φιλικής Εταιρείας,Βόλος,39.36421,22.92483
Shell,Καρδίτσα,,Άγιοι Απόστολοι,39.36471,21.94071
,Καρδίτσα,,Άγιοι Απόστολοι,39.36482,21.94709
Shell,Άγιοι Ανάργυροι,Λαρίσης,Νέα Ιωνία,39.36517,22.92577
ΕΛΙΝΟΙΛ,Ξορύχτι,,Ζαγορά,39.36517,23.18730
JETOIL,Καραγάτς,Κασσαβέτη,Βόλος,39.36557,22.96147
Shell,Καρδίτσα,,Άγιοι Απόστολοι,39.36602,21.92946
Shell,Σταυρός,,Καρδίτσα,39.36697,21.96228
Avin,Σταυρός,,Καρδίτσα,39.36751,21.96307
BP,Άγιοι Ανάργυροι,Λαρίσης,Νέα Ιωνία,39.36781,22.92154
Shell,Άγιοι Ανάργυροι,Κωλέττη,Νέα Ιωνία,39.36794,22.93222
EKO,Άγιοι Ανάργυροι,Μάρκου Μπότσαρη,Νέα Ιωνία,39.36857,22.92588
ΕΛΙΝΟΙΛ,Άγιοι Ανάργυροι,Λαρίσης,Νέα Ιωνία,39.36888,22.91959
ΕΤΕΚΑ,Σταυρός,,Καρδίτσα,39.36901,21.97509
ΕΤΕΚΑ,Νέο Δέλτα,Λαρίσης,Νέα Ιωνία,39.36920,22.91811
Shell,Νέο Δέλτα,Λαρίσης,Νέα Ιωνία,39.36936,22.91870
Avin,Άγιος Βασίλειος,Κ. Καρτάλη,Βόλος,39.36938,22.95502
ΕΛΙΝΟΙΛ,Άγιοι Ανάργυροι,Μάρκου Μπότσαρη,Νέα Ιωνία,39.36956,22.92691
Aegean,Νέο Δέλτα,Λαρίσης,Νέα Ιωνία,39.36984,22.91749
EKO,Πρόδρομος,,Καρδίτσα,39.36986,21.98091
ΕΛΙΝΟΙΛ,Οξυγόνο,Ειρήνης,Νέα Ιωνία,39.37024,22.93579
Revoil,Άγιος Βασίλειος,,Βόλος,39.37028,22.95631
BP,Οξυγόνο,,Νέα Ιωνία,39.37038,22.93961
EKO,Άγιος Βασίλειος,Ελευθερίου Βενιζέλου (Ιωλκού),Βόλος,39.37047,22.95422
BP,Άγιος Βασίλειος,Ελευθερίου Βενιζέλου (Ιωλκού),Βόλος,39.37048,22.95452
Avin,Νέο Δέλτα,Λαρίσης,Νέα Ιωνία,39.37066,22.91548
Avin,Άγιοι Απόστολοι,,Καρδίτσα,39.37079,21.89700
,Νέο Δέλτα,,Νέα Ιωνία,39.37088,22.91364
EKO,Νέο Δέλτα,Λαρίσης,Νέα Ιωνία,39.37090,22.91388
KAOIL,Νέα Ιωνία,Ειρήνης,,39.37104,22.93529
ΕΤΕΚΑ,Νέο Δέλτα,Λαρίσης,Νέα Ιωνία,39.37109,22.91444
CYCLON,Πρόδρομος,,Καρδίτσα,39.37123,21.98659
BP,Καρδίτσα,,Άγιοι Απόστολοι,39.37146,21.91681
Avin,Άγιος Γεώργιος Φερών,,Βελεστίνο,39.37164,22.77771
ΕΛΙΝΟΙΛ,Άγιος Θεόδωρος,,Καρδίτσα,39.37165,21.99223
EKO,Νέο Δέλτα,,Νέα Ιωνία,39.37175,22.91285
Avin,Πέρδικα,,Πάργα,39.37234,20.30499
Shell,Οξυγόνο,Αναπαύσεως,Νέα Ιωνία,39.37261,22.93947
BP,Άλλη Μεριά,,Βόλος,39.37292,22.98657
,Πρόδρομος,,Καρδίτσα,39.37312,21.97515
Shell,Αθαμάνιο,,,39.37333,21.21914
BP,Καρδίτσα,,Άγιοι Απόστολοι,39.37362,21.91528
BP,Καρδίτσα,Περιφερειακή Οδός,Άγιοι Απόστολοι,39.37363,21.93994
ΕΤΕΚΑ,Νέα Ιωνία,,,39.37384,22.93917
Avin,Άγιοι Απόστολοι,,Καρδίτσα,39.37428,21.91435
EKO,Νέα Ιωνία,,,39.37524,22.92653
Shell,Νέα Ιωνία,,,39.37568,22.92971
KAOIL,Άγιος Γεώργιος Φερών,,Βελεστίνο,39.37587,22.77024
JETOIL,Νέο Δέλτα,,Διμήνι,39.37588,22.89605
BP,Άγιος Θεόδωρος,Εθνική Οδός Καρδίτσας - Λάρισας,Ματαράγκα,39.37746,22.02263
Shell,Αγία Παρασκευή,,Βόλος,39.37746,22.96256
BP,Παλαιοκκλήσι,,"Άγιοι Απόστολοι, Καρδιτσομαγούλα",39.37835,21.87579
Avin,Αγία Παρασκευή,Ιωλκού,Νέα Ιωνία,39.37952,22.96465
Avin,Διμήνι,,,39.37967,22.86790
,Υπέρεια,,Φάρσαλα,39.38170,22.26903
JETOIL,Άγιοι Απόστολοι,,Καρδιτσομαγούλα,39.38247,21.90934
Avin,Σέσκλο,,Διμήνι,39.38261,22.82455
ΕΤΕΚΑ,Σέσκλο,,Διμήνι,39.38350,22.83879
EKO,Κατωχώρι,,Βόλος,39.38410,22.99420
Revoil,Καρδιτσομαγούλα,,Άγιοι Απόστολοι,39.38444,21.91443
ΕΛΙΝΟΙΛ,Άγιος Γεώργιος Φερών,,Βελεστίνο,39.38449,22.80277
KAOIL,Βελεστίνο,,,39.38553,22.74758
BP,Κρήνη,,Φάρσαλα,39.38664,22.35021
BP,Καρδιτσομαγούλα,,Άγιοι Απόστολοι,39.38695,21.90648
ΑΠ,Βελεστίνο,,,39.38722,22.75387
Revoil,Ματαράγκα,,,39.38724,22.07417
ΕΛΙΝΟΙΛ,Υπέρεια,,Φάρσαλα,39.38769,22.26544
BP,Καρδιτσομαγούλα,,Άγιοι Απόστολοι,39.38935,21.92299
BP,Πορταριά,,Βόλος,39.38974,22.99775
Avin,Καρτέρι,,Πάργα,39.39116,20.38089
Aegean,Καρβουνάρι,,Παραμυθιά,39.39419,20.48371
ΑΠ,Αρτεσιανό,,"Άγιοι Απόστολοι, Καρδιτσομαγούλα",39.39675,21.89874
ΕΛΙΝΟΙΛ,Γοργοβίτες,,Ματαράγκα,39.39739,22.01627
ΕΛΙΝΟΙΛ,Χαλκιάδες,,Φάρσαλα,39.39826,22.42809
Kaoil,Μούρεσι,,Ζαγορά,39.39895,23.16103
EKO,Χλόη,,Βελεστίνο,39.40199,22.73132
ΑVIN,Σύβοτα,,Ηγουμενίτσα,39.40460,20.24933
,Αρτεσιανό,,"Άγιοι Απόστολοι, Καρδιτσομαγούλα",39.40489,21.89323
Shell,Κόμπελος,,Καρδιτσομαγούλα,39.40570,21.81855
Shell,Καρδιτσομαγούλα,,Άγιοι Απόστολοι,39.40725,21.92873
Revoil,Χλόη,,Βελεστίνο,39.40747,22.75143
JETOIL,Μελίκια,,,39.41249,20.08123
JETOIL,Λευκίμμη,,,39.41274,20.05789
ΕΛΙΝΟΙΛ,Μαζαρακιά,,Παραμυθιά,39.41580,20.38153
Revoil,Ανήλιο,,Ζαγορά,39.41613,23.13404
BP,Περιβόλι,,,39.41858,20.02192
Shell,Περιβόλι,,,39.41958,20.02686
BP,Νέα Μουσιωτίτσα,,,39.41978,20.84497
ΕΛΙΝΟΙΛ,Καππά,,Μουζάκι,39.42014,21.76565
,Ριζόμυλος,,Βελεστίνο,39.42087,22.74383
Shell,Προδρόμι,,Παραμυθιά,39.42262,20.53558
Revoil,Μαυρομμάτι,,Μουζάκι,39.42443,21.69844
KAOIL,Ριζόμυλος,,Στεφανοβίκειο,39.42507,22.74331
EKO,Μαραθιάς,,,39.42527,20.00219
BP,Γεώργιος Καραϊσκάκης,,Μουζάκι,39.42678,21.67062
ΕΛΙΝΟΙΛ,Μαυρομμάτι,,Μουζάκι,39.42773,21.68354
ΑΠ,Φύλλο,,Παλαμάς,39.43052,22.18550
Shell,Μουζάκι,,,39.43053,21.66689
Aegean,Μουζάκι,,,39.43156,21.66455
,Μάρκος,,Ματαράγκα,39.43157,22.03662
,Ερμήτσι,,Παλαμάς,39.43348,22.11306
,Ερμήτσι,,Παλαμάς,39.43365,22.11303
,Φασκομηλιά,,Ηγουμενίτσα,39.43414,20.30023
AXON,Φασκομηλιά,,Ηγουμενίτσα,39.43466,20.29782
ΕΛΙΝΟΙΛ,Μουζάκι,,,39.43534,21.66477
,Στουρναραίικα,,Πύλη,39.43556,21.47606
EKO,Αγία Παρασκευή,,Ζαγορά,39.43661,23.09824
BP,Αγία Παρασκευή,,Ζαγορά,39.43832,23.10171
BP,Ριζοβούνι,,Καρδιτσομαγούλα,39.43861,21.86680
BP,Πλαταριά,,Ηγουμενίτσα,39.44303,20.28524
ΕΛΙΝΟΙΛ,Άγιος Γεώργιος,,,39.44346,19.94172
ΕΛΙΝΟΙΛ,Κοτρώνι,,Πύλη,39.44348,21.56289
ΕΛΙΝΟΙΛ,Ζαγορά,,,39.44648,23.10201
BP,Παγκράτες,,Παραμυθιά,39.44697,20.51510
Aegean,Κοτρώνι,,Πύλη,39.44782,21.56415
Shell,Βασιλάτικα,,,39.45017,19.98491
JETOIL,Καλυβάκια,,Παλαμάς,39.45160,22.06320
Avin,Βασιλικός,,Ηγουμενίτσα,39.45197,20.35867
Shell,Ιτέα,,Παλαμάς,39.45271,22.16545
Revoil,Ιτέα,,Παλαμάς,39.45340,22.16753
Shell,Πλαταριά,,"Λαδοχώρι, Ηγουμενίτσα",39.45441,20.27827
Avin,Ιτέα,,Παλαμάς,39.45461,22.17075
CYCLON,Ιτέα,,Παλαμάς,39.45468,22.16990
BP,Μαγούλα,,Μεγάλα Καλύβια,39.45564,21.80342
Aegean,Μονολίθι,,,39.45586,21.03442
EKO,Παραμυθιά,,,39.45598,20.51351
,Καλυβάκια,,Παλαμάς,39.45747,22.07043
Revoil,Στεφανοβίκειο,,,39.45755,22.73690
Shell,Ζάππειο,,Νίκαια,39.45869,22.43747
AXON,Πλαταριά,,"Λαδοχώρι, Ηγουμενίτσα",39.45940,20.26506
BP,Παλαμάς,,,39.45949,22.07373
ΑΠ,Γόμφοι,,Μουζάκι,39.46083,21.69664
ELIN,Παλαιομονάστηρο,,Πύλη,39.46183,21.63881
Revoil,Στεφανοβίκειο,,,39.46215,22.73611
KAOIL,Στεφανοβίκειο,,,39.46331,22.73500
"Α.Π,",Γόμφοι,,Μουζάκι,39.46382,21.69826
BP,Παλαμάς,,,39.46483,22.07514
Shell,Στεφανοβίκειο,,,39.46513,22.73321
EKO,Καλογριανά,,Μεγάλα Καλύβια,39.46690,21.85147
EKO,Λαδοχώρι,,Ηγουμενίτσα,39.46716,20.25074
ΕΤΕΚΑ,Παλαμάς,Μεγάλου Αλεξάνδρου,,39.47038,22.07279
Revoil,Παλαμάς,,,39.47080,22.08725
Shell,Παλαμάς,,,39.47082,22.09191
JETOIL,Παλαμάς,,,39.47107,22.08677
EKO,Παλαμάς,,,39.47170,22.08925
ΕΤΕΚΑ,Αγία Τριάδα,,Καρδιτσομαγούλα,39.47293,21.90049
BP,Βραγκανιώτικα,,,39.47477,19.91194
Α.Π.,Αγία Τριάδα,,Καρδιτσομαγούλα,39.47607,21.90047
ΕΛΙΝΟΙΛ,Βραγκανιώτικα,,,39.47741,19.91400
Avin,Κεφαλόβρυσο,,Παραμυθιά,39.47849,20.48456
Revoil,Άγιος Ματθαίος,,,39.48154,19.89186
ΑΡΓΩ,Γραικοχώρι,,Ηγουμενίτσα,39.48401,20.28839
,Αρμένιο,,Στεφανοβίκειο,39.48531,22.71259
ΑΠ,Προάστιο,,Μεγάλα Καλύβια,39.48569,21.90438
BP,Λαδοχώρι,,Ηγουμενίτσα,39.48707,20.26231
JETOIL,Κεφαλόβρυσο,,Παραμυθιά,39.48743,20.46948
BP,Λαδοχώρι,,Ηγουμενίτσα,39.48773,20.26227
Shell,Γραικοχώρι,,Ηγουμενίτσα,39.48823,20.27946
BP,Γραικοχώρι,,Ηγουμενίτσα,39.48854,20.27780
ΑΠ,Νέο Περιβόλι,,Στεφανοβίκειο,39.48976,22.59783
BP,Κοσκινάς,,Παλαμάς,39.49039,22.01087
Avin,Προάστιο,,Μεγάλα Καλύβια,39.49206,21.90117
Revoil,Κανάλια,,Στεφανοβίκειο,39.49264,22.88701
ΕΛΙΝΟΙΛ,Βούναινα,,Παλαμάς,39.49371,22.23112
JETOIL,Κρυσταλλοπηγή,,Παραμυθιά,39.49439,20.45257
Avin,Κρυσταλλοπηγή,,Παραμυθιά,39.49451,20.45102
Shell,Άγιος Ματθαίος,,Κέρκυρα,39.49865,19.87463
Aegean,Νεοχώρι,,Παραμυθιά,39.50119,20.44409
CYCLON,Φήκη,,Πύλη,39.50970,21.64112
BP,Βραχάκια,,"Νέα Σελεύκεια, Ηγουμενίτσα",39.51035,20.25937
,Δροσερό,,"Φλαμούλι, Μεγάλα Καλύβια",39.51077,21.73943
Avin,Πηγή,,Τρίκαλα,39.51526,21.70773
BP,Πεδινό,,Οιχαλία,39.51629,21.94922
ΕΤΕΚΑ,Νέα Σελεύκεια,,Ηγουμενίτσα,39.51792,20.25865
ΑΡΓΒ,Νεράιδα,,Παραμυθιά,39.51902,20.42601
BP,Νέα Σελεύκεια,,Ηγουμενίτσα,39.52262,20.26208
Revoil,Βλοχός,,Παλαμάς,39.52316,22.09311
ΑΠ,Δροσερό,,"Φλαμούλι, Τρίκαλα",39.52317,21.72269
CYCLON,Δροσερό,,"Φλαμούλι, Τρίκαλα",39.52374,21.72283
,Πράμαντα,,,39.52402,21.08810
CYCLON,Νεράιδα,,Παραμυθιά,39.52554,20.43567
,Άγιος Γεώργιος,,Ηγουμενίτσα,39.52967,20.32897
JETOIL,Νέα Σελεύκεια,,Ηγουμενίτσα,39.53005,20.26635
EKO,Μαραθέα,,Οιχαλία,39.53057,21.99561
Revoil,Ριζαρειό,,Μεγάλα Καλύβια,39.53060,21.79695
ΕΛΙΝΟΙΛ,Μαυροβούνι,,,39.53071,22.26924
Shell,Φλαμούλι,,Τρίκαλα,39.53360,21.74939
,Ριζαρειό,,Τρίκαλα,39.53576,21.79009
ΑΠ,Φλαμούλι,Πύλης,Τρίκαλα,39.53595,21.75285
Avin,Ριζαρειό,,Τρίκαλα,39.53637,21.78850
JETOIL,Καρυές,,Τρίκαλα,39.53795,21.78599
,Μαυρούδι,,"Νέα Σελεύκεια, Ηγουμενίτσα",39.53909,20.27645
Revoil,Ριζαρειό,,Τρίκαλα,39.53924,21.79729
EKO,Νέα Σελεύκεια,,Ηγουμενίτσα,39.53969,20.24221
BP,Φλαμούλι,Πύλης,Τρίκαλα,39.54000,21.75598
,Μαυρούδι,,"Νέα Σελεύκεια, Ηγουμενίτσα",39.54219,20.28292
ΕΛΙΝΟΙΛ,Ριζαρειό,,Τρίκαλα,39.54245,21.79072
EKO,Καρυές,,Τρίκαλα,39.54323,21.77731
Avin,Τρίκαλα,Πύλης,Φλαμούλι,39.54354,21.75979
BP,Τρίκαλα,Καρδίτσης,Καρυές,39.54469,21.77592
Shell,Τρίκαλα,,Καρυές,39.54497,21.77561
Avin,Επισκοπικό,Ιόνια Οδός,Κατσικάς,39.54506,20.85233
Avin,Τρίκαλα,,Καρυές,39.54585,21.77461
Avin,Επισκοπικό,Ιόνια Οδός,Κατσικάς,39.54624,20.85167
BP,Νίκαια,,,39.54768,22.46919
ελίν,Τρίκαλα,Συγγρού,Καρυές,39.54855,21.76519
EKO,Μαυρούδι,,"Νέα Σελεύκεια, Ηγουμενίτσα",39.54879,20.29825
Aegean,Νέα Λεύκη,,Νίκαια,39.54903,22.49664
Aegean,Νέα Λεύκη,,Νίκαια,39.54990,22.49711
BP,Μεγαλοχώρι,,"Ριζαρειό, Τρίκαλα",39.55156,21.85167
Shell,Τρίκαλα,,Ριζαρειό,39.55433,21.78064
Avin,Τρίκαλα,,Λογγάκι,39.55477,21.75501
BP,Τρίκαλα,,Ριζαρειό,39.55481,21.78744
ΑΠ,Ριζαρειό,,Τρίκαλα,39.55562,21.79730
JETOIL,Ρόγκια,,"Σωτήρα, Τρίκαλα",39.55572,21.71368
,Ράγι,,"Νέα Σελεύκεια, Ηγουμενίτσα",39.55688,20.24331
ΕΛΙΝΟΙΛ,Ριζαρειό,,Τρίκαλα,39.55701,21.81178
Shell,Τρίκαλα,Ηπείρου,Λογγάκι,39.55719,21.76006
ΕΛΙΝΟΙΛ,Σιναράδες,,Κέρκυρα,39.55954,19.85096
Shell,Τρίκαλα,Καλαμπάκας,Λογγάκι,39.55964,21.75674
BP,Νίκαια,,,39.56006,22.46558
EKO,Τρίκαλα,Τρίκαλα - Κεφαλόβρυσο,Σωτήρα,39.56141,21.74879
Avin,Τρίκαλα,,Λογγάκι,39.56265,21.78105
,Ταξιάρχες,,Οιχαλία,39.56365,21.88859
BP,Τρίκαλα,,Λογγάκι,39.56423,21.77214
EKO,Παϊπέτη,,"Χρυσηίδα, Κέρκυρα",39.56577,19.87989
JETOIL,Κουραμάδες,,"Χρυσηίδα, Κέρκυρα",39.56719,19.85764
ΑΠ,Γεωργανάδες,,Οιχαλία,39.56746,21.98142
ΕΛΙΝΟΙΛ,Καλαμάκι,,Στεφανοβίκειο,39.56830,22.74320
Revoil,Χάλκη,,Νίκαια,39.56849,22.53558
BP,Σωτήρα,,Τρίκαλα,39.56854,21.74974
Shell,Απόστολοι,,"Σωτήρα, Τρίκαλα",39.56892,21.74775
,Καλαμάκι,,Στεφανοβίκειο,39.56983,22.74902
Revoil,Καλαμάκι,,Στεφανοβίκειο,39.57010,22.74896
Revoil,Σωτήρα,,Τρίκαλα,39.57122,21.74794
BP,Νέο Μπιζάνι,,Κατσικάς,39.57225,20.86377
BP,Νέο Μπιζάνι,,Κατσικάς,39.57241,20.86461
ΑΠ,Γεωργανάδες,,Οιχαλία,39.57290,21.99862
Shell,Κοιλάδα,,Λάρισα,39.57323,22.30544
ΕΛΙΝΟΙΛ,Λογγάκι,,Τρίκαλα,39.57466,21.76158
Revoil,Λογγάκι,,Τρίκαλα,39.57545,21.78322
,Μεσορράχη,,Λάρισα,39.57789,22.35516
BP,Σωτήρα,,Τρίκαλα,39.57798,21.74391
ΕΤΕΚΑ,Νίκαια,,,39.57965,22.45269
ΑΠ,Απόστολοι,,"Σωτήρα, Τρίκαλα",39.58052,21.74153
ΕΤΕΚΑ,Μεσορράχη,,Λάρισα,39.58291,22.36729
ΕΛΙΝΟΙΛ,Κλοκοτός,,Φαρκαδόνα,39.58356,22.03314
,Μεσορράχη,,Λάρισα,39.58366,22.36878
Shell,Πέραμα,,Κέρκυρα,39.58533,19.90790
Παπαβασιλείου Κων/νια,Κεφαλόβρυσο,,Τρίκαλα,39.58751,21.69034
Revoil,Φαρκαδόνα,,,39.58778,22.07725
CYCLON,Φαρκαδόνα,,,39.58782,22.06235
Revoil,Μεγάλο Κεφαλόβρυσο,,"Σωτήρα, Τρίκαλα",39.58835,21.73226
JETOIL,Χρυσηίδα,,Κέρκυρα,39.58840,19.90122
,Νίκαια,,,39.58896,22.44504
EKO,Χρυσηίδα,,Κέρκυρα,39.59029,19.90254
Avin,Βρυώνη,,"Χρυσηίδα, Κέρκυρα",39.59100,19.89296
BP,Ζάρκος,,Φαρκαδόνα,39.59147,22.12683
Shell,Νεοκαισάρεια,8ο χλμ Ιωαννίνων-Αθηνών,Κατσικάς,39.59252,20.86150
,Κουτσελιό,,Κατσικάς,39.59406,20.90949
Aegean,Βρυώνη,,"Χρυσηίδα, Κέρκυρα",39.59514,19.89275
Aegean,Κουτσελιό,,Κατσικάς,39.59586,20.91368
Aegean,Πεδινή,,"Κάτω Νεοχωρόπουλο, Κατσικάς",39.59861,20.84794
Shell,Κουτσελιό,,Κατσικάς,39.59892,20.90547
Avin,Ηπειρώτικα,,Λάρισα,39.59991,22.43605
ΕΛΙΝΟΙΛ,Οιχαλία,,,39.60055,21.98267
Shell,Μπάφρα,,Κατσικάς,39.60075,20.89587
Avin,Φιλιάτες,,,39.60081,20.31504
BP,Φιλιάτες,,,39.60163,20.32649
ΑΠ,Μπάφρα,,Κατσικάς,39.60217,20.87550
ΕΛΙΝΟΙΛ,Μπάφρα,,"Κάτω Νεοχωρόπουλο, Κατσικάς",39.60312,20.86217
,Μπάφρα,,"Κάτω Νεοχωρόπουλο, Κατσικάς",39.60327,20.86242
Avin,Φιλιάτες,,,39.60336,20.31464
EKO,Ηπειρώτικα,,Λάρισα,39.60362,22.43588
,Παλαιόπυργος,,"Λογγάκι, Τρίκαλα",39.60465,21.81287
Jetoil,Κουτσελιό,,Κατσικάς,39.60575,20.90679
BP,Κανάλια,,"Αλεπού, Κέρκυρα",39.60654,19.89433
EKO,Τρίκλινο,,"Αλεπού, Κέρκυρα",39.60683,19.86619
Revoil,Παλαιόπυργος,,"Λογγάκι, Τρίκαλα",39.60704,21.81538
ΕΛΙΝΟΙΛ,Μπάφρα,,"Κάτω Νεοχωρόπουλο, Κατσικάς",39.60735,20.86060
Revoil,Πλατύκαμπος,,Νίκαια,39.60772,22.54714
BP,Τρίκλινο,,"Αλεπού, Κέρκυρα",39.60791,19.87330
Revoil,Πλατανιά,,Κατσικάς,39.60912,20.92505
Shell,Μεζούρλο,,Λάρισα,39.60944,22.39651
Shell,Μπάφρα,,"Κάτω Νεοχωρόπουλο, Κατσικάς",39.61005,20.86158
JETOIL,Καλλιθέα,,"Αλεπού, Κέρκυρα",39.61007,19.90027
,Μπάφρα,,"Κάτω Νεοχωρόπουλο, Κατσικάς",39.61014,20.86187
Avin,Τρία Γεφύρια,,"Αλεπού, Κέρκυρα",39.61064,19.90439
Shell,Αγία Ελένη,,"Αλεπού, Κέρκυρα",39.61096,19.88110
BP,Τρία Γεφύρια,,"Αλεπού, Κέρκυρα",39.61096,19.90373
ΑΠ,Ηπειρώτικα,,Λάρισα,39.61243,22.43403
ΑΠ,Πεδινή,,"Κάτω Νεοχωρόπουλο, Κατσικάς",39.61466,20.85687
Shell,Νεράιδα,Φαρσάλων,Λάρισα,39.61488,22.43025
ΕΛΙΝΟΙΛ,Αλεπού,,Κέρκυρα,39.61518,19.89380
Shell,Μάνδρα,,Γιάννουλη,39.61572,22.26159
Shell,Αεροδρόμιο,,"Μαντούκι, Κέρκυρα",39.61632,19.91353
Auto Gas,Νεράιδα,,Λάρισα,39.61659,22.43486
JETOIL,Άγιος Ιωάννης,,"Αλεπού, Κέρκυρα",39.61705,19.84104
ΕΛΙΝΟΙΛ,Μεζούρλο,,Λάρισα,39.61707,22.38750
EKO,Κοκκίνι,,Κέρκυρα,39.61716,19.81968
EKO,Κατσικάς,,Κάτω Νεοχωρόπουλο,39.61738,20.86163
BP,Ηπειρώτικα,,Λάρισα,39.61746,22.40373
EKO,Γυάλινος Πύργος,,"Μαντούκι, Κέρκυρα",39.61781,19.91480
ΕΛΙΝΟΙΛ,Βασιλική,,"Σωτήρα, Τρίκαλα",39.61789,21.71516
Avin,Κατσικάς,,Κάτω Νεοχωρόπουλο,39.61847,20.86414
Shell,Ράξα,,"Σωτήρα, Τρίκαλα",39.61933,21.74155
Fiskion,Νεοχωρόπουλο,,"Κάτω Νεοχωρόπουλο, Ανατολή",39.62026,20.84985
JETOIL,Κοκκίνι,,Κέρκυρα,39.62054,19.82782
JETOIL,Μάνδρα,,Γιάννουλη,39.62154,22.28088
Shell,Μεζούρλο,,Λάρισα,39.62161,22.39186
Shell,Κατσικάς,,Κάτω Νεοχωρόπουλο,39.62193,20.89016
Avin,Σαγιάδα,,Φιλιάτες,39.62203,20.19572
Shell,Νεοχωρόπουλο,,"Κάτω Νεοχωρόπουλο, Ανατολή",39.62206,20.85477
Avin,Νεράιδα,,Λάρισα,39.62269,22.42597
Shell,Ηπειρώτικα,,Λάρισα,39.62318,22.40863
BP,Σολάρι,,Κέρκυρα,39.62343,19.89914
EKO,Ηπειρώτικα,,Λάρισα,39.62389,22.40921
KAOIL,Γαλήνη,,Νίκαια,39.62429,22.50957
Avin,Πλατύκαμπος,,Νίκαια,39.62447,22.53607
ΕΛΙΝΟΙΛ,Τερψιθέα,,Λάρισα,39.62450,22.35294
Shell,Ανατολή,,Κάτω Νεοχωρόπουλο,39.62539,20.86329
BP,Νεράιδα,,Λάρισα,39.62573,22.41033
EKO,Νεράιδα,Φαρσάλων,Λάρισα,39.62601,22.42295
BP,Νεράιδα,,Λάρισα,39.62620,22.43223
EKO,Γαλήνη,,Νίκαια,39.62631,22.51037
Revoil,Κατσικάς,,Κάτω Νεοχωρόπουλο,39.62638,20.88386
Shell,Μελισσοχώρι,,Λάρισα,39.62644,22.47372
Shell,Φιλιππούπολη,,Λάρισα,39.62650,22.39738
BP,Τένεδος,,"Μαντούκι, Κέρκυρα",39.62698,19.91469
EKO,Νεράιδα,Κωνσταντίνου Καραμανλή,Λάρισα,39.62724,22.43259
BP,Νεοχωρόπουλο,,"Κάτω Νεοχωρόπουλο, Ανατολή",39.62746,20.84874
ΕΤΕΚΑ,Νεράιδα,,Λάρισα,39.62768,22.43217
,Δροσοχώρι,,Κατσικάς,39.62785,20.95376
ΕΛΙΝΟΙΛ,Νεράιδα,,Λάρισα,39.62790,22.43286
,Νεοχωρόπουλο,,"Κάτω Νεοχωρόπουλο, Ανατολή",39.62817,20.84788
Avin,Μελισσοχώρι,,Λάρισα,39.62827,22.46370
,Κουραμαδίτικα,,Κέρκυρα,39.62853,19.80585
Revoil,Γριζάνο,,Φαρκαδόνα,39.62853,22.04883
BP,Εμπορικό,,"Σολάρι, Κέρκυρα",39.62992,19.89400
ΕΛΙΝΟΙΛ,Νεράιδα,,Λάρισα,39.63028,22.41443
JETOIL,Λάρισα,Βόλου,,39.63035,22.45194
ΕΤΕΚΑ,Λάρισα,,,39.63046,22.45297
Avin,Εκάτη,,"Σολάρι, Κέρκυρα",39.63068,19.88491
Avin,Ανατολή,Ιωαννίνων,Κάτω Νεοχωρόπουλο,39.63106,20.86358
BP,Τερψιθέα,,Λάρισα,39.63138,22.36236
EKO,Κατσικάς,,Κάτω Νεοχωρόπουλο,39.63168,20.87664
Aegean,Βασιλική,,Κατσικάς,39.63168,20.94036
JETOIL,Νεράιδα,,Λάρισα,39.63181,22.41219
KAOIL,Λάρισα,Βόλου,,39.63235,22.44033
Shell,Λάρισα,Ηρώων Πολυτεχνείου,,39.63249,22.42642
,Λάρισα,,,39.63274,22.43854
Avin,Φιλιππούπολη,,Λάρισα,39.63279,22.40172
EKO,Λάρισα,Βόλου,,39.63279,22.43927
JETOIL,Άγιος Θωμάς,Ιωαννίνων,Λάρισα,39.63282,22.39284
EKO,Άγιος Θωμάς,Ιωαννίνων,Λάρισα,39.63283,22.39061
ΕΛΙΝΟΙΛ,Άγιος Αθανάσιος,,Λάρισα,39.63285,22.40555
Shell,Άγιος Αθανάσιος,Ηρώων Πολυτεχνείου,Λάρισα,39.63294,22.40847
Shell,Λάρισα,,,39.63355,22.43357
Avin,Λάρισα,Βόλου,,39.63376,22.43241
Shell,Αλυκές Ποταμού,,"Σολάρι, Κέρκυρα",39.63410,19.87902
EKO,Λάρισα,Βόλου,,39.63430,22.43025
Aegean,Ανατολή,3ης Σεπτεμβρίου,Κάτω Νεοχωρόπουλο,39.63438,20.87334
Avin,Κάτω Νεοχωρόπουλο,,Ανατολή,39.63447,20.83659
Aegean,Κάτω Νεοχωρόπουλο,,Ανατολή,39.63486,20.84918
,Βασιλική,,Καλαμπάκα,39.63507,21.69990
,Λάρισα,,,39.63550,22.42753
Shell,Άγιος Αθανάσιος,Κρανώνος,Λάρισα,39.63588,22.40277
EKO,Λάρισα,,,39.63850,22.43592
ΕΛΙΝΟΙΛ,Ανατολή,Ιωαννίνων,Σεισμόπληκτα,39.63992,20.86343
Avin,Λάρισα,,,39.64103,22.42786
,Άγιος Αχίλλειος,,Λάρισα,39.64141,22.41787
Shell,Λάρισα,Αγιάς,,39.64158,22.43076
Shell,Βρυσούλα,,"Σεισμόπληκτα, Ανατολή",39.64261,20.86270
EKO,Άγιος Αχίλλειος,,Λάρισα,39.64277,22.42028
BP,Σεισμόπληκτα,,Ανατολή,39.64298,20.85116
,Σεισμόπληκτα,,Ανατολή,39.64299,20.85096
EKO,Βρυσούλα,,"Σεισμόπληκτα, Ανατολή",39.64325,20.85161
,Βρυσούλα,,"Σεισμόπληκτα, Ανατολή",39.64335,20.85154
,Κοντόκαλι,,"Σολάρι, Κέρκυρα",39.64506,19.85701
BP,Βρυσούλα,,"Σεισμόπληκτα, Ανατολή",39.64596,20.86190
Shell,Παπασταύρου,Σωκράτους,Λάρισα,39.64680,22.42993
ΕΛΙΝΟΙΛ,Παπασταύρου,,Λάρισα,39.64705,22.43027
Aegean,Κάτω Μάρμαρα,,"Σεισμόπληκτα, Ιωάννινα",39.64851,20.82886
KAOIL,Βοτανικός,,"Σεισμόπληκτα, Ανατολή",39.64943,20.86063
BP,Σεισμόπληκτα,,Ιωάννινα,39.64978,20.84703
Shell,Σεισμόπληκτα,,Ιωάννινα,39.65084,20.84662
,Γουβιά,,Κέρκυρα,39.65180,19.84768
Avin,Βοτανικός,Νικοπόλεως,"Σεισμόπληκτα, Ιωάννινα",39.65258,20.85897
KAOIL,Παπασταύρου,Σωκράτους,Λάρισα,39.65265,22.43439
,Παπασταύρου,,Λάρισα,39.65397,22.43786
Avin,Παπασταύρου,Σωκράτους,Λάρισα,39.65400,22.43558
JETOIL,Γουβιά,,Κέρκυρα,39.65498,19.84077
ΕΛΙΝΟΙΛ,Τσιφλικόπουλο,,Ιωάννινα,39.65636,20.84499
Eniv,Μελισσοχώρι,,Λάρισα,39.65643,22.51765
EKO,Τσιφλικόπουλο,,Ιωάννινα,39.65800,20.84486
ΑΠ,Παπασταύρου,Σωκράτους,Λάρισα,39.65817,22.43841
BP,Τζάβρος,,Κέρκυρα,39.65839,19.83846
BP,Καλούτσιανη,,"Τσιφλικόπουλο, Ιωάννινα",39.66020,20.85838
Aegean,Παπασταύρου,,Λάρισα,39.66034,22.44043
Shell,Παπασταύρου,,Λάρισα,39.66391,22.44357
EKO,Γιάννουλη,,,39.66455,22.39646
Shell,Λογγάδες,,Κατσικάς,39.66490,20.93348
Avin,Τζάβρος,,Κέρκυρα,39.66491,19.84417
Shell,Σταυράκι,,"Καρδαμίτσια, Ιωάννινα",39.66637,20.81411
Aegean,Τζάβρος,,Κέρκυρα,39.66667,19.83230
ΕΛΙΝΟΙΛ,Καρδαμίτσια,,Ιωάννινα,39.67074,20.80863
Shell,Γιάννουλη,,,39.67178,22.38094
,Θεόπετρα,,Καλαμπάκα,39.67179,21.66936
BP,Βουτσαράς,,,39.67215,20.59108
,Θεόπετρα,,Καλαμπάκα,39.67234,21.67194
Avin,Δασσιά,,Κέρκυρα,39.67284,19.81612
Aegean,Γαρδελάδες,,,39.67378,19.74685
ΕΛΙΝΟΙΛ,Δασσιά,,Κέρκυρα,39.67527,19.83924
,Δασσιά,,Κέρκυρα,39.67529,19.83924
Shell,Γιάννουλη,,,39.67559,22.37450
BP,Κολχίδα,,"Δροσιά, Ιωάννινα",39.67599,20.84137
Shell,Κολχίδα,,"Εξοχή, Ιωάννινα",39.67685,20.84091
Shell,Κολχίδα,8ης Μεραρχίας,"Εξοχή, Ιωάννινα",39.67711,20.84185
Aegean,Σκριπερό,,Κέρκυρα,39.67747,19.77819
BP,Αμπελόκηποι,8ης Μεραρχίας,"Εξοχή, Ιωάννινα",39.67749,20.84103
Α.Π.,Πλατανούλια,,Τύρναβος,39.67959,22.30922
Avin,Αμπελόκηποι,8ης Μεραρχίας,"Εξοχή, Πέραμα",39.67993,20.83859
Avin,Εξοχή,,Πέραμα,39.68033,20.82884
ΕΛΙΝΟΙΛ,Ομορφοχώρι,,Γιάννουλη,39.68139,22.47221
ΕΛΙΝΟΙΛ,Ομορφοχώρι,,Γιάννουλη,39.68208,22.47119
Revoil,Ομορφοχώρι,,Γιάννουλη,39.68241,22.46486
BP,Νέα Ζωή,,"Εξοχή, Πέραμα",39.68251,20.82183
Shell,Νέα Ζωή,,"Καρδαμίτσια, Πέραμα",39.68302,20.82090
KAOIL,Δήμητρα,,Συκούριο,39.68330,22.61460
,Ομορφοχώρι,,Γιάννουλη,39.68350,22.46910
Revoil,Δήμητρα,,Συκούριο,39.68356,22.63234
BP,Γαρδελάδες,,,39.68371,19.74101
JETOIL,Δένδρα,,Γιάννουλη,39.68442,22.36233
Revoil,Δασοχώρι,,Γιάννουλη,39.68874,22.40085
BP,Γερακάρι,,Αγιά,39.68940,22.69253
BP,Αμπελάκια,,"Καρδαμίτσια, Ελεούσα",39.68957,20.80842
ETEKA,Αρόη,,Καλαμπάκα,39.68960,21.64608
JETOIL,Άνω Κορακιάνα,,Κέρκυρα,39.69180,19.79714
Revoil,Αρόη,,Καλαμπάκα,39.69244,21.64415
Aegean,Βουνοπλαγιά,,"Καρδαμίτσια, Ελεούσα",39.69463,20.79379
EKO,Πέραμα,,Εξοχή,39.69504,20.85782
Shell,Κουλούρι,,Φαλάνη,39.69535,22.45652
Avin,Ομορφοχώρι,,Φαλάνη,39.69625,22.48210
Shell,Μπαλτούμα,,Κατσικάς,39.69665,20.99797
Shell,Σκριπερό,,Κέρκυρα,39.69795,19.78348
EKO,Αγιόκαμπος,,Αγιά,39.69808,22.87613
,Διάβα,,Καλαμπάκα,39.69864,21.59482
EKO,Ζωοδόχος,,"Καρδαμίτσια, Ελεούσα",39.69920,20.76916
Avin,Ζωοδόχος,,"Καρδαμίτσια, Ελεούσα",39.69971,20.77010
ΑΡΓΩ,Διάβα,,Καλαμπάκα,39.69976,21.59655
ΕΛΙΝΟΙΛ,Αετόλοφος,,Αγιά,39.70055,22.72151
Shell,Αρόη,,Καλαμπάκα,39.70088,21.63506
EKO,Αετόλοφος,,Αγιά,39.70106,22.72374
EKO,Άγιος Ιωάννης,,"Εξοχή, Ελεούσα",39.70141,20.81213
Avin,Καλαμπάκα,,,39.70297,21.62646
BP,Άγιος Ιωάννης,,"Εξοχή, Ελεούσα",39.70449,20.80793
ΕΛΙΝΟΙΛ,Σκριπερό,,,39.70452,19.75864
EKO,Καλαμπάκα,,,39.70469,21.61885
Shell,Καλαμπάκα,Τρικάλων,,39.70493,21.62771
SILKOIL,Φαλάνη,,,39.70526,22.40009
BP,Ελεούσα,,Εξοχή,39.70729,20.79976
Revoil,Κάτω Άγιος Μάρκος,,Κέρκυρα,39.70827,19.84429
EKO,Αγιά,,,39.70875,22.77433
EKO,Αγιά,,,39.70947,22.77216
Shell,Ελεούσα,,Εξοχή,39.71075,20.79829
Revoil,Νερόμυλοι,,Αγιά,39.71112,22.74598
Shell,Καστελλάνοι,,,39.71265,19.74594
Revoil,Δαμάσι,,Τύρναβος,39.71348,22.18799
,Καστράκι,,Καλαμπάκα,39.71442,21.61485
EKO,Ελεούσα,,Εξοχή,39.71444,20.79291
Revoil,Ελεούσα,,Εξοχή,39.71477,20.79336
Shell,Αγιά,,,39.71536,22.75310
Revoil,Καστράκι,,Καλαμπάκα,39.71592,21.61824
ΕΛΙΝΟΙΛ,Αγιά,,,39.71593,22.75826
Shell,Φαλάνη,,,39.71711,22.39628
Revoil,Καλοχώρι,,Συκούριο,39.71882,22.54555
Profin,Ελεούσα,,,39.72396,20.78135
Shell,Κατάβολος,,Κέρκυρα,39.72871,19.91097
Avin,Μηλιωτάδες,,Πέραμα,39.73296,20.96578
Shell,Τύρναβος,,,39.73316,22.27821
ΑΠ,Τύρναβος,,,39.73640,22.30625
Shell,Τύρναβος,,,39.73682,22.29369
ΕΛΙΝΟΙΛ,Άγιος Δημήτριος,,Καλαμπάκα,39.73863,21.55416
JETOIL,Άγιος Δημήτριος,,Καλαμπάκα,39.73873,21.54526
BP,Αμπελώνας,,,39.73910,22.36260
ΕΛΙΝΟΙΛ,Βελίκα,,Αγιά,39.73994,22.86388
Avin,Κρανούλα,,Ελεούσα,39.74280,20.77925
,Γυρτώνη,,Φαλάνη,39.74371,22.47381
ΕΛΙΝΟΙΛ,Αμπελώνας,,,39.74458,22.36162
Avin,Τύρναβος,,,39.74566,22.29205
CYCLON,Βλαχογιάννι,,,39.74571,22.08677
ΑΠ,Αμπελώνας,,,39.74713,22.36618
BP,Αρίλλας Μαγουλάδων,,,39.74948,19.65708
ΑΠ,Κριτήρι,,Τύρναβος,39.75035,22.28640
Revoil,Μεσοχώρι,,,39.75037,22.10237
BP,Άγιοι Δούλοι,,,39.75070,19.74372
BP,Κριτήρι,,Τύρναβος,39.75152,22.29273
Aegean,Χρυσοβίτσα,,Μέτσοβο,39.75206,21.07664
KAOIL,Μελιβοία,,Αγιά,39.75252,22.79795
Avin,Γυρτώνη,,Φαλάνη,39.75313,22.47854
ΕΛΙΝΟΙΛ,Όσσα,,Συκούριο,39.75444,22.57278
Revoil,Βρυότοπος,,Αμπελώνας,39.75494,22.37187
ΕΛΙΝΟΙΛ,Κριτήρι,,Τύρναβος,39.76153,22.29537
Shell,Ανήλιο,,Μέτσοβο,39.76480,21.20061
ΕΛΙΝΟΙΛ,Αυλιώτες,,,39.76947,19.66000
ΕΛΙΝΟΙΛ,Μέτσοβο,,,39.77218,21.18138
Avin,Πουρνάρι,,Συκούριο,39.77312,22.57616
Avin,Ασφάκα,,Ελεούσα,39.77641,20.75142
Shell,Ασφάκα,,Ελεούσα,39.77838,20.74971
EKO,Μπαγιάτσα Αυλιωτών,,,39.77861,19.68056
EKO,Πλάτωνας,,,39.77883,19.76918
Shell,Κασσιόπη,,,39.77933,19.92487
JETOIL,Σφακερά,,,39.78290,19.77998
ΕΛΙΝΟΙΛ,Γουσάδες,,,39.78308,19.70813
Avin,Κριτήρι,,Τύρναβος,39.78310,22.28981
ΕΛΙΝΟΙΛ,Αστρακερή,,,39.78603,19.76487
BP,Ρόδα,,,39.78630,19.79473
Shell,Σιδάρι,,,39.78965,19.70920
Coral GAS,Αχαράβη,,,39.79735,19.82689
Shell,Αχαράβη,,,39.79768,19.82728
,Ξηρόκαμπος,,Καλαμπάκα,39.79857,21.51791
Shell,Μακρυχώρι,,Γόννοι,39.79897,22.49818
Aegean,Μακρυχώρι,,Γόννοι,39.79934,22.49750
,Δελέρια,,Αμπελώνας,39.80201,22.34293
EKO,Περίθεια,,,39.80422,19.87194
ΕΛΙΝΟΙΛ,Κορυδαλλός,,Μέτσοβο,39.80929,21.34292
Shell,Ασπράγγελοι,,Ελεούσα,39.81143,20.71516
EKO,Μακρυχώρι,,Γόννοι,39.81435,22.50724
EKO,Μακρυχώρι,,Γόννοι,39.81504,22.50859
KAOIL,Γάβρος,,Καλαμπάκα,39.82087,21.57497
,Ασπροκκλησιά,,Καλαμπάκα,39.82647,21.65481
Revoil,Συκιά,,Ελασσόνα,39.83060,22.05215
EKO,Ασπράγγελοι,,,39.83756,20.71218
,Καρίτσα,,Αγιά,39.84500,22.76005
Shell,Νεγράδες,,,39.84654,20.67941
Revoil,Γαλανόβρυση,,Ελασσόνα,39.84941,22.17755
,Γόννοι,,,39.85543,22.47859
ΕΛΙΝΟΙΛ,Πλατύ,,Μύρινα,39.86493,25.07403
BP,Πλατύ,,Μύρινα,39.86874,25.07294
BP,Παρακάλαμος,,,39.86924,20.57714
BP,Στόμιο,,,39.86988,22.72417
EKO,Κοντιάς,,Μύρινα,39.87069,25.15785
Avin,Στόμιο,,,39.87290,22.71761
KAOIL,Ελασσόνα,,,39.87859,22.18123
BP,Μύρινα,,,39.88038,25.06555
ΕΛΙΝΟΙΛ,Μύρινα,,,39.88366,25.06974
ΕΛΙΝΟΙΛ,Μούδρος,,Ανεμόεσσα,39.88543,25.27745
EKO,Τσαρίτσανη,,,39.88545,22.21839
ΕΛΙΝΟΙΛ,Ελασσόνα,,,39.88693,22.18511
EKO,Ελασσόνα,,,39.88831,22.18655
Shell,Καλπάκι,,,39.88978,20.61676
BP,Μύρινα,,,39.88984,25.07914
Avin,Καλπάκι,,,39.88998,20.61857
ΑΠ,Ελασσόνα,,,39.89078,22.18722
BP,Πεδινό,,Μούδρος,39.89131,25.19145
KAOIL,Ελασσόνα,,,39.89256,22.17874
BP,Ελασσόνα,,,39.89360,22.20082
EKO,Ελασσόνα,,,39.89364,22.18063
Shell,Ομόλιο,,Πλαταμώνας,39.89437,22.65000
Revoil,Κρανιά,,,39.89896,21.28293
,Περαταριά,,Πλαταμώνας,39.89951,22.61396
EKO,Κορνός,,Μύρινα,39.90147,25.10395
,Κεράσοβο,,,39.90678,20.47327
,Κεράσοβο,,,39.90680,20.47328
EKO,Κορνός,,Μύρινα,39.90917,25.11185
ΑΡΓΩ,Παρασκευή,,Δεσκάτη,39.90956,21.76744
EKO,Άγιος Δημήτριος,,Μύρινα,39.90991,25.14803
Jet Oil,Ελασσόνα,,,39.91001,22.18693
Gas Station,Λιβαδοχώρι,,"Ανεμόεσσα, Μούδρος",39.91186,25.19896
Shell,Λιβαδοχώρι,,"Ανεμόεσσα, Μούδρος",39.91187,25.19844
Avin,Παλαιόπυργος,,Πλαταμώνας,39.91915,22.68445
Avin,Καρπάσι,,"Ανεμόεσσα, Μούδρος",39.92050,25.22705
Shell,Δεσκάτη,,,39.92056,21.81329
KAOIL,Δρυμός,,Ελασσόνα,39.92076,22.16563
EKO,Δεσκάτη,,,39.92116,21.81488
EKO,Κοντοπούλι,,Μούδρος,39.92917,25.33738
ΕΛΙΝΟΙΛ,Καρπάσι,,"Ανεμόεσσα, Μούδρος",39.93307,25.24437
Aegean,Δεσκάτη,,,39.93310,21.85742
,Παλιούρι,,,39.94215,23.66828
Aegean,Ατσική,,"Ανεμόεσσα, Μούδρος",39.94515,25.22252
Aegean,Ατσική,,"Ανεμόεσσα, Μούδρος",39.94517,25.22246
Shell,Καρπερό,,,39.94641,21.61479
Revoil,Δήμητρα,,Δεσκάτη,39.94687,21.65958
EKO,Νέοι Πόροι,,Πλαταμώνας,39.94877,22.64938
Aegean,Νέα Σκιώνη,,Κασσάνδρεια,39.95890,23.50912
CYCLON,Τορώνη,,Συκιά,39.97238,23.91637
,Παλιούρι,,,39.97633,23.66015
ΕΛΙΝΟΙΛ,Παναγία,,,39.97975,25.40371
ΕΛΙΝΟΙΛ,Παναγία,,,39.97992,25.40409
,Καλύβια,,Κόνιτσα,39.98079,20.66581
BP,Πλαταμώνας,,,39.98150,22.62302
KAOIL,Καλάνδρα,,Κασσάνδρεια,39.98192,23.39881
Shell,Πλαταμώνας,,,39.98208,22.62030
,Άγιοι Θεόδωροι,,Γρεβενά,39.98360,21.50433
Shell,Καλύβια,,Κόνιτσα,39.98440,20.66751
Revoil,Άγιοι Θεόδωροι,,Γρεβενά,39.98579,21.50238
KAOIL,Ολυμπιάδα,,Ελασσόνα,39.98644,22.24997
ΕΛΙΝΟΙΛ,Ολυμπιάδα,,Ελασσόνα,39.98675,22.24973
Aegean,Πευκοχώρι,,,39.98812,23.61524
,Ελάτη,,Δεσκάτη,39.98869,21.82621
Shell,Πευκοχώρι,,,39.98896,23.61174
EKO,Σκάλα Φούρκας,,Κασσάνδρεια,39.98899,23.39503
Shell,Σκάλα Φούρκας,,Κασσάνδρεια,39.99361,23.39226
KAOIL,Χανιώτης,,Κασσάνδρεια,39.99775,23.57349
ΕΤΕΚΑ,Νέος Παντελεήμονας,,Πλαταμώνας,40.00334,22.59666
,Καλλιθέα,,Κόνιτσα,40.00683,20.68191
,Καλλιθέα,,Κόνιτσα,40.01472,20.69101
EKO,Νέος Παντελεήμονας,,Λεπτοκαρυά,40.01776,22.57795
KAOIL,Πολύχρονο,,Κασσάνδρεια,40.01881,23.51998
Aegean,Σκοτίνα,,Λεπτοκαρυά,40.02169,22.57442
Shell,Δοξαράς,,Γρεβενά,40.02544,21.39522
Avin,Σκοτίνα,,Λεπτοκαρυά,40.02627,22.57310
Avin,Σκοτίνα,,Λεπτοκαρυά,40.02823,22.57330
,Μηλέα,,Κρανιά,40.02836,22.07981
Shell,Συκιά,Περιμετρική Οδός Σιθωνίας,,40.03179,23.97258
Revoil,Συκιά,,,40.03369,23.96565
KAOIL,Κρυοπηγή,,Κασσάνδρεια,40.03528,23.47362
Shell,Κόνιτσα,,,40.04486,20.74516
Shell,Κόνιτσα,,,40.04529,20.74017
EKO,Κασσάνδρεια,,,40.04531,23.38885
JETOIL,Κασσάνδρεια,,,40.04556,23.38701
BP,Κόνιτσα,,,40.05048,20.73753
Avin,Κασσάνδρεια,,,40.05393,23.42020
Avin,Λεπτοκαρυά,,,40.05413,22.56462
MEDOIL,Λεπτοκαρυά,,,40.05737,22.55849
ΑΠ,Δολίχη,,Λιβάδι,40.05810,22.18403
ΑΠ,Δοξαράς,,Γρεβενά,40.05826,21.40177
ΕΛΙΝΟΙΛ,Κασσάνδρεια,,,40.05863,23.43004
ΑΠ,Τρανόβαλτο,,Αιανή,40.05962,21.86938
ΕΛΙΝΟΙΛ,Δολίχη,,Λιβάδι,40.06340,22.17048
Aegean,Γρεβενά,,,40.06557,21.44084
EKO,Καλλιθέα,,Κασσάνδρεια,40.06566,23.44023
EKO,Δοξαράς,,Γρεβενά,40.06594,21.41301
ΑΡΓΩ,Γρεβενά,,,40.06766,21.43239
ΑΠ,Δοξαράς,,Γρεβενά,40.06943,21.41537
Shell,Γρεβενά,Περιφερειακή Οδός Γρεβενών,,40.06970,21.41891
ΑΡΓΩ,Ποντινή,,,40.07168,21.67626
ΕΛΙΝΟΙΛ,Γρεβενά,,,40.07449,21.41891
EKO,Νέος Μαρμαράς,,,40.07577,23.79130
Revoil,Μεταξάς,,Σέρβια,40.07714,21.96703
Revoil,Γρεβενά,,,40.07813,21.42220
Avin,Γρεβενά,,,40.08340,21.42870
Shell,Γρεβενά,,,40.08370,21.42907
BP,Γρεβενά,Κωνσταντίνου Ταλιαδούρη,,40.08416,21.43006
ΕΚΟ,Γρεβενά,,,40.08444,21.43227
ΕΛΙΝΟΙΛ,Γρεβενά,Γεωργίου Μπούσιου,,40.08685,21.42052
ΕΛΙΝΟΙΛ,Γρεβενά,,,40.08854,21.44167
EKO,Νέος Μαρμαράς,,,40.09029,23.79786
EKO,Νέος Μαρμαράς,,,40.09039,23.79805
Avin,Νέος Μαρμαράς,,,40.09057,23.79903
,,,Κασσάνδρεια,40.09788,23.31121
KAOIL,Άφυτος,,Κασσάνδρεια,40.09814,23.43242
KAOIL,Πλάκα Λιτοχώρου,,Λιτόχωρο,40.09848,22.55319
Shell,Άφυτος,,Κασσάνδρεια,40.09905,23.43262
ΕΛΙΝΟΙΛ,Σάρτη,,Συκιά,40.10088,23.97726
Aegean,Λιτόχωρο,,,40.10223,22.53021
BP,Νέος Μαρμαράς,,,40.10286,23.77957
ΕΛΙΝΟΙΛ,Λιτόχωρο,,,40.10613,22.50832
Shell,Λιτόχωρο,,,40.10631,22.51047
,Άφυτος,,Κασσάνδρεια,40.10956,23.42591
ΑΠ,Σύνδενδρο,,Γρεβενά,40.12030,21.35062
ΕΤΕΚΑ,Λιβάδι,,,40.12107,22.15593
,Μυρσίνα,,Γρεβενά,40.12246,21.46658
JETOIL,Πλάκα Λιτοχώρου,,Λιτόχωρο,40.13150,22.54096
ΕΛΙΝΟΙΛ,Νέος Μαρμαράς,,,40.13320,23.76156
ΕΛΙΝΟΙΛ,Νέα Φώκαια,,Κασσάνδρεια,40.13736,23.37442
EKO,Πλατανάκια,,Λιτόχωρο,40.14374,22.52304
ΑΡΓΩ,Βατόλακκος,,Γρεβενά,40.14753,21.47716
,Άγιος Δημήτριος,,Λιβάδι,40.15386,22.22794
ΑΡΓΩ,Αμυγδαλιές,,Γρεβενά,40.15553,21.37665
KAOIL,Αιανή,,,40.16763,21.82206
Aegean,Αυλές,,Σέρβια,40.17054,21.96844
BP,Αυλές,,Σέρβια,40.17272,21.97153
Revoil,Αιανή,,,40.17818,21.81343
EKO,Νέα Ποτίδαια,,Νέα Μουδανιά,40.17869,23.33991
BP,Μηλιά,,Σιάτιστα,40.18172,21.48811
Aegean,Σέρβια,,,40.18197,21.99195
Revoil,Σέρβια,,,40.18417,21.99650
BP,Καρίτσα,,,40.18466,22.48207
Shell,Σέρβια,,,40.18997,21.99418
SILKOIL,Βροντού,,,40.19177,22.43529
Revoil,Κρανίδια,,Σέρβια,40.19430,21.95772
ΕΛΙΝΟΙΛ,Νέα Ποτίδαια,,Νέα Μουδανιά,40.19559,23.33054
ΑΠ,Πλατανόρρευμα,,Σέρβια,40.19573,22.01865
Avin,Σέρβια,,,40.19782,21.99021
JETOIL,Νέα Ποτίδαια,,Νέα Μουδανιά,40.19886,23.32913
Aegean,Κάτω Κώμη,,Αιανή,40.19908,21.84447
Jetoil,Νικήτη,,,40.21021,23.68971
BP,Νικήτη,,,40.21605,23.67868
ΕΤΕΚΑ,Φωτεινά,,Βροντού,40.22133,22.31510
Shell,Νικήτη,,,40.22151,23.67100
ΑΠ,Κονταριώτισσα,,Καρίτσα,40.22378,22.47564
,Νικήτη,,,40.22384,23.66679
ΑΠ,Κονταριώτισσα,,Καρίτσα,40.22387,22.47369
Α.Π.,Κονταριώτισσα,,Καρίτσα,40.22460,22.47593
EKO,Νικήτη,,,40.22565,23.66476
ΑΠ,Πόρτες,,"Ελαιώνες, Νέα Μουδανιά",40.22802,23.31131
BP,Νέα Έφεσος,,Καρίτσα,40.22804,22.50343
Aegean,Νέα Έφεσος,,Κατερίνη,40.23059,22.51106
ΕΤΕΚΑ,Νέα Έφεσος,,Περίσταση,40.23093,22.53783
EKO,Όρμος Παναγίας,,Νικήτη,40.23216,23.71292
Shell,Νέα Μουδανιά,,Ελαιώνες,40.23223,23.30849
,Νέα Μουδανιά,,Ελαιώνες,40.23231,23.30866
Shell,Όρμος Παναγίας,,Νικήτη,40.23277,23.71763
KAOIL,Λευκοπηγή,,Κρόκος,40.23428,21.74877
Shell,Νέα Μουδανιά,,Ελαιώνες,40.23691,23.30360
Shell,Νέα Μουδανιά,,Ελαιώνες,40.23696,23.30377
,Νέα Μουδανιά,,Ελαιώνες,40.24242,23.29776
SILKOIL,Ράχη,,Βροντού,40.24313,22.35837
,Σιάτιστα,,,40.24381,21.56147
,Νέα Μουδανιά,,Ελαιώνες,40.24430,23.29449
BP,Νέα Μουδανιά,,Ελαιώνες,40.24458,23.28596
SILKOIL,Λόφος,,Βροντού,40.24499,22.38255
KAOIL,Νέα Μουδανιά,,Ελαιώνες,40.24508,23.30444
Aegean,Νέα Μουδανιά,,Ελαιώνες,40.24547,23.29036
Avin,Ελαιώνες,,Νέα Μουδανιά,40.24641,23.28438
KAOLIL,Νέα Μουδανιά,,Ελαιώνες,40.24666,23.30738
Shell,Σιάτιστα,,,40.24836,21.55885
ΑΠ,Ελαιώνες,,Νέα Μουδανιά,40.24910,23.28019
Avin,Άγιος Μάμας,,"Ελαιώνες, Νέα Μουδανιά",40.25102,23.31569
,Παραλία Διονυσίου,,"Ελαιώνες, Νέα Μουδανιά",40.25105,23.25401
,Παραλία Διονυσίου,,"Ελαιώνες, Νέα Μουδανιά",40.25106,23.25402
,Παραλία Διονυσίου,,"Ελαιώνες, Νέα Μουδανιά",40.25107,23.25398
ΕΛΙΝΟΙΛ,Παραλία Διονυσίου,,"Ελαιώνες, Νέα Μουδανιά",40.25111,23.25332
Revoil,Κάτω Μηλιά,,Βροντού,40.25166,22.34942
BP,Βατοπέδι,,Ορμύλια,40.25297,23.54953
JETOIL,Χηράδικα,,Κατερίνη,40.25306,22.51258
ΑΠ,Χηράδικα,,Κατερίνη,40.25355,22.52076
CYCLON,Βελβεντός,,,40.25439,22.07564
Revoil,Βελβεντός,,,40.25519,22.06336
Aegean,Άγιος Μάμας,,"Ελαιώνες, Νέα Μουδανιά",40.25560,23.32420
JETOIL,Καρυδίτσα,,Κρόκος,40.25597,21.79838
CYCLON,Βαθύλακκος,,Κρόκος,40.25606,21.91574
ΑΠ,Χηράδικα,,Κατερίνη,40.25646,22.52579
Shell,Βελβεντός,,,40.25650,22.05688
Revoil,Χηράδικα,,Κατερίνη,40.25660,22.52397
EKO,Βαθύλακκος,,Κρόκος,40.25834,21.91216
Shell,Τσοτύλι,,,40.25882,21.32313
ΕΛΙΝΟΙΛ,Νέα Φλογητά,,"Ελαιώνες, Νέα Τρίγλια",40.25925,23.22607
ΑΠ,Διονυσίου,,"Ελαιώνες, Νέα Μουδανιά",40.26041,23.27420
ΕΤΕΚΑ,Νέα Φλογητά,,"Ελαιώνες, Νέα Τρίγλια",40.26049,23.22600
Shell,Βατάν,Τάκη Τερζοπούλου,Κατερίνη,40.26068,22.50835
SHELL,Ψακούδια,Νέων Μουδανιών - Σιθωνίας,Ορμύλια,40.26126,23.52164
Avin,Νέα Φλογητά,,Νέα Τρίγλια,40.26163,23.22125
EKO,Ψακούδια,,Ορμύλια,40.26206,23.51290
ΕΤΕΚΑ,Νεοκαισάρεια,,Κατερίνη,40.26255,22.44291
Revoil,Άγιος Μάμας,,Νέα Μουδανιά,40.26291,23.33669
Jetoil,Νέα Πλάγια,,Νέα Τρίγλια,40.26372,23.20321
ΕΛΙΝΟΙΛ,Βατάν,Αγίου Δημητρίου,Κατερίνη,40.26394,22.50405
Shell,Σιάτιστα,,,40.26471,21.54456
,Μικρόκαστρο,,Σιάτιστα,40.26579,21.50931
Χάρκας,Παραλία Γερακινή,,Ορμύλια,40.26636,23.46466
Revoil,Τσοτύλι,,,40.26684,21.32730
ΕΛΙΝΟΙΛ,Κρόκος,,,40.26700,21.81310
Shell,Άγιος Μάμας,,Νέα Μουδανιά,40.26726,23.33769
Avin,Μυλαύλακος,Αλεξάνδρου Παπάγου,Κατερίνη,40.26784,22.49763
ΕΛΙΝΟΙΛ,Χηράδικα,28ης Οκτωβρίου,Κατερίνη,40.26795,22.52082
ΑΠ,Χηράδικα,28ης Οκτωβρίου,Κατερίνη,40.26820,22.51937
,Κατερίνη,,,40.26859,22.51037
,Σβορώνος,Αγίου Αντωνίου,Κατερίνη,40.26935,22.46699
EKO,Καλλιθέα,,,40.26939,22.58456
Avin,Σιδηροδρομικός Σταθμός,Λεωνίδα Ιασωνίδη,Περίσταση,40.26993,22.52764
Aegean,Σιδηροδρομικός Σταθμός,,Περίσταση,40.26996,22.53514
ΑΠ,Κρόκος,,,40.27009,21.81159
ΕΛΙΝΟΙΛ,Καλλιθέα,,,40.27036,22.57509
Α.Π.,Καλλιθέα,,,40.27048,22.57437
ΑΡΓΩ,Καλλιθέα,,,40.27062,22.56867
BP,Ανδρομάχη,,Κατερίνη,40.27082,22.47733
KAOIL,Διονυσίου,,"Ελαιώνες, Νέα Μουδανιά",40.27086,23.26998
Avin,Λευκόβρυση,,Κρόκος,40.27161,21.78131
Revoil,Τσοτύλι,,,40.27163,21.32690
Aegean,Καταφυγιώτικα,Δημοτικού Σταδίου,Κατερίνη,40.27238,22.48897
BP,Καταφυγιώτικα,7ης Μεραρχίας,Κατερίνη,40.27249,22.49194
Shell,Περίσταση,Κατερίνη - Παραλία,,40.27286,22.55041
EKO,Περίσταση,Μακεδονίας,,40.27288,22.53803
ΕΛΙΝΟΙΛ,Νέα Πλάγια,,Νέα Τρίγλια,40.27294,23.20875
BP,Περίσταση,Μακεδονίας,,40.27305,22.53903
,Περίσταση,,,40.27324,22.54721
,Περίσταση,,,40.27340,22.54995
EKO,Ευαγγελικά,Αρτεσκού,Κατερίνη,40.27389,22.49950
ΑΠ,Ευαγγελικά,Σβορώνου,Κατερίνη,40.27424,22.50252
BP,Καπνικός Σταθμός,Μαρίνου Αντύπα,Κατερίνη,40.27614,22.51443
Revoil,Μικρόκαστρο,,Σιάτιστα,40.27658,21.50845
ΕΤΕΚΑ,Καπνικός Σταθμός,Θεσσαλονίκης,Κατερίνη,40.27731,22.51494
BP,Ευαγγελικά,Ανδρέα Μιαούλη,Κατερίνη,40.27760,22.50552
ΕΛΙΝΟΙΛ,Ευαγγελικά,Σωκράτους,Κατερίνη,40.27917,22.50418
Aegean,Πορταριά,,"Ελαιώνες, Νέα Μουδανιά",40.27946,23.29183
EKO,Ευαγγελικά,Φαρμάκη,Κατερίνη,40.27978,22.50105
BP,Καπνικός Σταθμός,Θεσσαλονίκης,Κατερίνη,40.28007,22.51678
Shell,Νέα Ζωή,,Κατερίνη,40.28111,22.48832
Avin,Καπνικός Σταθμός,Θεσσαλονίκης,Κατερίνη,40.28177,22.51841
Aegean,Ορμύλια,,,40.28261,23.54285
BP,Καλύβες Πολυγύρου,,Σήμαντρα,40.28270,23.39555
ΑΠ,Ευαγγελικά,Νικολάου Πλαστήρα,Κατερίνη,40.28312,22.50525
,Σπινάρης,,Κρόκος,40.28389,21.82438
BP,Καπνικός Σταθμός,Νικολάου Πλαστήρα,Κατερίνη,40.28415,22.51479
Shell,Καπνικός Σταθμός,Νικολάου Πλαστήρα,Κατερίνη,40.28416,22.51531
Revoil,Ρητίνη,,,40.28581,22.27759
ΕΛΙΝΟΙΛ,Πετρανά,,Κρόκος,40.28733,21.87138
EKO,Εργατικές κατοικίες,,Κοζάνη,40.28753,21.77877
KAOIL,Γερακινή,,Ορμύλια,40.28781,23.43067
BP,Σωζόπολη,,Νέα Τρίγλια,40.28816,23.14285
EKO,Όλυνθος,,Σήμαντρα,40.28817,23.34331
SILKOIL,Ευαγγελικά,,Κατερίνη,40.28871,22.50351
EKO,Καπνικός Σταθμός,,Περίσταση,40.29052,22.52459
ελίν,Ορμύλια,,,40.29097,23.54512
EKO,Βατερό,,Κοζάνη,40.29131,21.73806
JETOIL,Βατερό,,Κοζάνη,40.29212,21.73257
Revoil,Καλονέρι,,Γαλατινή,40.29318,21.50132
BP,Ξηρολίμνη,,Γαλατινή,40.29348,21.66008
ΕΛΙΝΟΙΛ,Γήπεδο,Ανδρέα Παπανδρέου,Κοζάνη,40.29407,21.78386
Shell,Γήπεδο,,Κοζάνη,40.29467,21.78430
Avin,Νέα Χράνη,,Περίσταση,40.29523,22.53173
Shell,Ξηρολίμνη,,Γαλατινή,40.29636,21.66328
BP,Νέα Τρίγλια,,,40.29912,23.22130
ΑΠ,Πανόραμα,11ης Οκτωβρίου,Κοζάνη,40.29936,21.79867
Aegean,Κρεβατάκια,Ελασσόνα - Κοζάνη,Κοζάνη,40.29966,21.80419
JETOIL,ΚΤΕΛ,,Κοζάνη,40.29967,21.79952
Revoil,Καλαμιά,,Κοζάνη,40.30020,21.71129
ΕΛΙΝΟΙΛ,Παλαιό Κεραμίδι,,Κατερίνη,40.30050,22.46925
Shell,Αλιάκμονας,,Νεάπολη,40.30165,21.42242
Aegean,Αλώνια,,Κοζάνη,40.30195,21.79520
BP,Κρεβατάκια,,Κοζάνη,40.30213,21.80196
Avin,Νέα Τρίγλια,,,40.30298,23.21543
Shell,Κρεβατάκια,,Κοζάνη,40.30303,21.80459
EKO,Κρεβατάκια,,Κοζάνη,40.30324,21.80431
Avin,Κρεβατάκια,,Κοζάνη,40.30380,21.80497
Avin,Νέα Τρίγλια,,,40.30481,23.21348
Avin,Κρεβατάκια,,Κοζάνη,40.30715,21.81096
ΕΛΙΝΟΙΛ,Νεάπολη,,,40.30833,21.39948
Aegean,Αγία Παρασκευή,Μοναστηρίου,Κοζάνη,40.30873,21.78546
Aegean,Νέα Τρίγλια,,,40.31244,23.19923
Revoil,Νεάπολη,,,40.31360,21.36725
ΕΤΕΚΑ,Νέα Χράνη,,Κορινός,40.31395,22.55150
Revoil,Νεάπολη,,,40.31446,21.39197
KAOIL,Κορινός,,,40.31525,22.58315
ΕΤΕΚΑ,Κορινός,,,40.31534,22.58474
BP,Κορινός,,,40.31675,22.57719
KAOIL,Κηπούπολη,,Νέα Καλλικράτεια,40.31724,23.08638
Revoil,Κορινός,,,40.31739,22.57634
BP,Νέα Καλλικράτεια,,,40.31859,23.06411
Avin,Νέα Καλλικράτεια,,,40.32156,23.06659
Revoil,Μεταγκίτσι,,Ορμύλια,40.32243,23.65950
SILKOIL,Σήμαντρα,,,40.32741,23.30926
CYCLON,Μεταγκίτσι,,Ορμύλια,40.32875,23.66055
BP,Νέα Σίλατα,,Νέα Καλλικράτεια,40.32897,23.13246
Shell,Κορινός,,,40.32928,22.58184
JETOIL,Κοίλα,,Κοζάνη,40.32954,21.78887
EKO,Άγιος Παύλος,,Νέα Καλλικράτεια,40.33054,23.06079
Shell,Κορινός,,,40.33090,22.58081
Avin,Κοίλα,,Κοζάνη,40.33141,21.78955
ΕΛΙΝΟΙΛ,Εράτυρα,,Γαλατινή,40.33276,21.50710
Aegean,Ελαιοχώρια,,Νέα Τρίγλια,40.33392,23.17635
,Νέα Σίλατα,,Νέα Τρίγλια,40.33499,23.15091
EKO,Νέα Χαραυγή,,Κοζάνη,40.33579,21.82595
ΑΠ,Εράτυρα,,Γαλατινή,40.33740,21.50773
Shell,Νέα Καρδιά,,Κοζάνη,40.33856,21.79291
ΕΛΙΝΟΙΛ,Σήμαντρα,,,40.33945,23.30879
CYCLON,Εράτυρα,,Γαλατινή,40.34227,21.50842
Shell,Άγιος Παύλος,,Νέα Καλλικράτεια,40.34289,23.06008
EKO,Δρέπανο,,Κοζάνη,40.34954,21.82923
Aegean,Ριζώματα,,,40.34960,22.20876
Aegean,Δρέπανο,,Κοζάνη,40.35268,21.83695
BP,Βοσκοχώρι,,Βελβεντός,40.36882,22.03327
ΑΠ,Πολύγυρος,,Λούκι,40.37039,23.44061
ΑΠ,Κίτρος,,Κορινός,40.37059,22.58891
ΑΡΓΩ,Άγιος Χαράλαμπος,,Βελβεντός,40.37125,21.99048
Shell,Πολύγυρος,,Λούκι,40.37227,23.45159
Revoil,Κίτρος,,Κορινός,40.37309,22.57204
BP,Βράσταμα,,Πολύγυρος,40.37388,23.54304
ΕΤΕΚΑ,Τρίλοφος,,Κολινδρός,40.37478,22.45798
Aegean,Νέα Ρόδα,,Ιερισσός,40.37886,23.92358
BP,Νέα Ρόδα,,Ιερισσός,40.37917,23.92189
ΕΛΙΝΟΙΛ,Νέα Ρόδα,,Ιερισσός,40.37964,23.92143
Shell,Πολύγυρος,,Λούκι,40.38155,23.44091
Revoil,Αλώνια,,Κορινός,40.38198,22.55715
BP,Λάκκωμα,,Νέα Καλλικράτεια,40.38217,23.04003
KAOIL,Τετράλοφος,,,40.38494,21.96426
Shell,Λάκκωμα,,Νέα Καλλικράτεια,40.38565,23.03750
BP,Μαυροδένδρι,,Κοζάνη,40.38930,21.79013
EKO,Λούκι,,Πολύγυρος,40.39018,23.43753
BP,Μαυροδένδρι,,Κοζάνη,40.39182,21.78926
ΕΛΙΝΟΙΛ,Γομάτι,,Ιερισσός,40.39303,23.78041
ΑΡΓΩ,Γομάτι,,Ιερισσός,40.39459,23.79614
JETOIL,Λάκκωμα,,Καρδία,40.39517,23.03799
Revoil,Ιερισσός,,,40.39812,23.87400
BP,Ιερισσός,,,40.40267,23.86444
EKO,Ποντοκώμη,,Κοζάνη,40.40550,21.77652
SILKOIL,Επανομή,,,40.41038,22.94725
ΕΛΙΝΟΙΛ,Ιερισσός,,,40.41166,23.85863
Avin,Μεσημέρι,,Καρδία,40.41292,23.02139
ΕΛΙΝΟΙΛ,Μεσημέρι,,Καρδία,40.41416,23.01193
ΑΠ,Μακρύγιαλος,,Αιγίνιο,40.41441,22.59542
ΤΡΙΑΙΝΑ,Μακρύγιαλος,,Αιγίνιο,40.41451,22.60137
Avin,Μεγάλη Παναγία,,,40.41825,23.69052
BP,Επανομή,25ης Μαρτίου,,40.42422,22.92607
Aegean,Κάτω Σχολάρι,,Καρδία,40.42624,23.02075
Shell,Ταξιάρχης,,Πολύγυρος,40.42758,23.52028
Aegean,Αγία Άννα,,Μεσοποταμία,40.42878,21.09063
ΕΛΙΝΟΙΛ,Ακρινή,,,40.43035,21.90058
Α.Π.,Κάτω Σχολάρι,,Καρδία,40.43093,23.01763
,Επανομή,,,40.43167,22.92769
KAOIL,Επανομή,Βασιλέως Κωνσταντίνου,,40.43272,22.92783
Revoil,Αγία Άννα,,Μεσοποταμία,40.43284,21.09447
Jetoil,Κάτω Σχολάρι,,Καρδία,40.43328,23.01627
ΕΛΙΝΟΙΛ,Ακρινή,,,40.43330,21.90359
ΑΠ,Επανομή,Θεσσαλονίκης - Επανομής,,40.43621,22.93040
,Μεγάλη Παναγία,,,40.43635,23.67547
BP,Παλαιό Ελευθεροχώρι,,Αιγίνιο,40.43778,22.57711
Avin,Επανομή,Θεσσαλονίκης - Επανομής,,40.43843,22.93219
Α.Π.,Άγιος Αντώνιος,,Αγία Παρασκευή,40.43990,23.09102
Α.Π.,Παλαιόκαστρο,,Πολύγυρος,40.44101,23.43113
ΑΠ,Επανομή,Θεσσαλονίκης - Επανομής,,40.44180,22.93544
EKO,Κάτω Σχολάρι,,Καρδία,40.44527,23.01046
Revoil,Μηλίτσα,,Άργος Ορεστικό,40.44897,21.33321
BP,Καρδία,,,40.45120,23.00842
,Βλάστη,,Πτολεμαΐδα,40.45416,21.53107
KAOIL,Πλαγιάρι,Θεσσαλονίκης - Επανομής,,40.45815,22.94194
Shell,Άργος Ορεστικό,,,40.45880,21.26350
ΑΠ,Νέα Αγαθούπολη,,Αιγίνιο,40.45913,22.58154
BP,Άργος Ορεστικό,,,40.45952,21.26436
EKO,Άργος Ορεστικό,,,40.46006,21.26518
EKO,Άργος Ορεστικό,,,40.46248,21.26948
KAOIL,Άγιος Πρόδρομος,,Γαλάτιστα,40.46303,23.37414
SILKOIL,Ασβεστόπετρα,,Πτολεμαΐδα,40.46390,21.67353
Revoil,Άγιος Πρόδρομος,,Γαλάτιστα,40.46472,23.38046
JETOIL,Γαλάτιστα,,,40.46525,23.28370
Α.Π.,Νέα Μηχανιώνα,,,40.46611,22.86054
EKO,Αμπελόκηποι,,Άργος Ορεστικό,40.46634,21.30161
Aegean,Γαλάτιστα,,,40.46646,23.23333
Shell,Νέα Μηχανιώνα,,,40.46662,22.85665
ΕΛΙΝΟΙΛ,Νέα Μηχανιώνα,,,40.46713,22.85660
Shell,Γαλάτιστα,,,40.46786,23.27322
Shell,Πλαγιάρι,Μιαούλη,,40.46988,22.95637
Aegean,Καρδία,Νικ. Πλαστήρα,,40.47149,22.99338
ΑΠ,Τρίλοφος,,,40.47247,22.97267
Shell,Νέα Κερασιά,1ο χλμ ΕΟ Νέας Μηχανιώνας-Θεσσαλονίκης,Νέα Μηχανιώνα,40.47265,22.86314
EKO,Καμαριώτισσα,,,40.47345,25.48622
ΕΤΕΚΑ,Σουρωτή,,Αγία Παρασκευή,40.47608,23.08337
Revoil,Πορειά,,Μανιάκοι,40.47886,21.20749
Avin,Κιουρκτσόγλου,,Βασιλικά,40.48010,23.15619
EKO,Τριπόταμος,,Βέροια,40.48026,22.17853
SILKOIL,Κολινδρός,,,40.48041,22.48849
EKO,Κολινδρός,,,40.48074,22.49318
,Άρδασσα,,Πτολεμαΐδα,40.48078,21.63808
Shell,Δισπηλιό,,Άργος Ορεστικό,40.48096,21.28862
BP,Δισπηλιό,,Άργος Ορεστικό,40.48137,21.28838
Shell,Κολινδρός,,,40.48188,22.49701
CYCLON,Αγία Παρασκευή,,,40.48208,23.06068
EKO,Νέα Κερασιά,,Νέα Μηχανιώνα,40.48229,22.86794
,Κρεπενή,,Καστοριά,40.48476,21.32115
Avin,Τσάκονη,,Μεσοποταμία,40.48479,21.17358
ΑΠ,Παλαιοχώρι,,Αρναία,40.48481,23.62957
EKO,Χιλιόδενδρο,,Μανιάκοι,40.48560,21.20050
ΕΛΙΝΟΙΛ,Βασιλικά,,,40.48653,23.12395
BP,Αρναία,,,40.48821,23.60194
KAOIL,Αναρράχη,,Πτολεμαΐδα,40.48831,21.58127
EKO,Αιγίνιο,,,40.48833,22.55597
ΕΛΙΝΟΙΛ,Άρδασσα,,Πτολεμαΐδα,40.48835,21.65514
CYCLON,Παλαιοχώρι,,Αρναία,40.48854,23.64355
Aegean,Ταγαράδες,,Αγία Παρασκευή,40.49096,23.02281
Revoil,Αγία Τριάδα,,Νέα Μηχανιώνα,40.49237,22.85808
ΕΛΙΝΟΙΛ,Βασιλικά,,,40.49267,23.11631
Shell,Ταγαράδες,,Νέο Ρύσιο,40.49295,23.01707
KAOIL,Νέο Ρύσιο,,,40.49327,22.96227
KAOIL,Αναρράχη,,Πτολεμαΐδα,40.49338,21.56371
Avin,Ταγαράδες,,Νέο Ρύσιο,40.49460,23.00948
Revoil,Βεργίνα,,Μελίκη,40.49462,22.31270
ΕΛΙΝΟΙΛ,Παλαιοχώρι,,Αρναία,40.49491,23.65303
Shell,Δισπηλιό,,Μανιάκοι,40.49564,21.26975
Aegean,Νέο Ρύσιο,,,40.49681,22.99368
ΕΤΕΚΑ,Νέο Ρύσιο,,,40.49688,22.99034
EKO,Νέο Ρύσιο,,,40.49710,22.99226
Aegean,Αγία Βαρβάρα,,Βέροια,40.49762,22.24439
KAOIL,Γεροπλάτανος,,Γαλάτιστα,40.49785,23.42493
EKO,Κρεπενή,,Καστοριά,40.49835,21.34436
EKO,Μεσοποταμία,,,40.49876,21.17161
Α.Π.,Προάστιο,,Πτολεμαΐδα,40.49911,21.70474
EKO,Λακκιά,,Βασιλικά,40.49972,23.10139
JETOIL,Νέοι Επιβάτες,,,40.49975,22.90371
BP,Περαία,,,40.50008,22.95272
SILKOIL,Αιγίνιο,,,40.50030,22.54487
ΕΛΙΝΟΙΛ,Αιγίνιο,,,40.50065,22.54390
,Γεροπλάτανος,,Πολύγυρος,40.50066,23.43458
Aegean,Περαία,,,40.50069,22.95163
CYCLON,Νέα Λεύκη,,Μανιάκοι,40.50087,21.22821
Shell,Περαία,Θεσσαλονίκης,,40.50092,22.92603
EKO,Περαία,,,40.50104,22.94202
Shell,Νέο Ρύσιο,Θεσσαλονίκη - Περαία,,40.50123,22.96856
EKO,Μανιάκοι,,,40.50132,21.23418
EKO,Περαία,,,40.50132,22.92894
ΕΛΙΝΟΙΛ,Περαία,,,40.50145,22.93574
BP,Νέοι Επιβάτες,,,40.50192,22.91153
ΕΛΙΝΟΙΛ,Κολοκυνθού,,Μανιάκοι,40.50214,21.22095
,Κολοκυνθού,,Μεσοποταμία,40.50227,21.19220
Revoil,Νέο Ρύσιο,Θεσσαλονίκη - Περαία,,40.50257,22.96952
BP,Παλαιοχώρα,,Αρναία,40.50292,23.45029
CYCLON,Παλαιοχώρα,,Αρναία,40.50307,23.45257
EKO,Νέο Ρύσιο,Θεσσαλονίκη - Περαία,,40.50330,22.97143
V,Πτολεμαΐδα,,,40.50364,21.66900
Avin,Πτολεμαΐδα,,,40.50429,21.69294
Shell,Λακκιά,,Αγία Παρασκευή,40.50490,23.09166
ΑΡΓΩ,Νεόκαστρο,,Μελίκη,40.50497,22.41402
KAOIL,Καρυοχώρι,,Πτολεμαΐδα,40.50559,21.77573
Aegean,Αιγίνιο,,,40.50607,22.53829
BP,Αγία Βαρβάρα,,Βέροια,40.50722,22.22585
Revoil,Περαία,,,40.50830,22.92535
Shell,Πτολεμαΐδα,,,40.50902,21.68460
ΑΠ,Αιγίνιο,,,40.50924,22.53639
EKO,Πτολεμαΐδα,,,40.50944,21.68329
Shell,Βέροια,Πιερίων,,40.50951,22.21773
,Νέα Λεύκη,,Μανιάκοι,40.50993,21.22938
Avin,Βέροια,,,40.51075,22.21673
ΕΤΕΚΑ,Στρατώνι,,Ιερισσός,40.51111,23.81655
Avin,Βέροια,Πιερίων,,40.51114,22.21456
BP,Πτολεμαΐδα,,,40.51116,21.68132
Avin,Φαρμακέικα,,Νέο Ρύσιο,40.51148,22.98987
JETOIL,Μαυροχώρι,,Καστοριά,40.51152,21.32015
ΕΛΙΝΟΙΛ,Πτολεμαΐδα,,,40.51162,21.66628
SILKOIL,Δουμπιά,,Γαλάτιστα,40.51218,23.35354
Revoil,Μελίκη,,,40.51494,22.39172
EKO,Πτολεμαΐδα,,,40.51514,21.66307
ΑΡΓΩ,Αιγίνιο,,,40.51529,22.53423
WIN,Βέροια,Πιερίων,,40.51535,22.20646
WIN,Βέροια,Πιερίων,,40.51550,22.20658
Avin,Πτολεμαΐδα,,,40.51675,21.69349
ΕΤΕΚΑ,Νέα Ραιδεστός,,Αγία Παρασκευή,40.51695,23.06638
Shell,ΛΥΒ,Γράμμου,Καστοριά,40.51701,21.25347
Aegean,Βέροια,Πιερίων,,40.51909,22.20573
ΕΛΙΝΟΙΛ,Πτολεμαΐδα,,,40.51973,21.65526
BP,ΛΥΒ,Γράμμου,Καστοριά,40.52039,21.25576
Aegean,Μελίκη,,,40.52059,22.39109
Shell,Πτολεμαΐδα,,,40.52070,21.69877
EKO,Πτολεμαΐδα,,,40.52173,21.70198
,Νεοχώρι,,Μεγάλη Παναγία,40.52180,23.69615
BP,Νέα Ραιδεστός,,Θέρμη,40.52190,23.05487
Avin,Πολυκάρπη,,Καστοριά,40.52223,21.32072
Revoil,Φούφας,,Πτολεμαΐδα,40.52262,21.55564
Avin,Κορησός,,Καστοριά,40.52278,21.38125
ΑΠ,Μελίκη,,,40.52386,22.40308
BP,Μελίκη,,,40.52426,22.40312
Α.Π.,Άγια Ζώνη,,Θέρμη,40.52464,23.00211
,Βέροια,,,40.52470,22.21580
Aegean,Βέροια,,,40.52488,22.21541
Aegean,Άγια Ζώνη,,Θέρμη,40.52633,23.00732
Shell,Άγια Ζώνη,,Θέρμη,40.52692,23.00705
EKO,Βέροια,,,40.52751,22.21352
Revoil,Μέση,,Μακροχώρι,40.52809,22.26702
Shell,Βέροια,,,40.52816,22.20928
KAOIL,Στάγειρα,,Μεγάλη Παναγία,40.52913,23.75712
Avin,Πτολεμαΐδα,,,40.53036,21.68586
Aegean,Άγια Ζώνη,,Θέρμη,40.53071,22.99531
BP,Άγια Ζώνη,,Θέρμη,40.53101,22.99447
Revoil,Μέση,,Μακροχώρι,40.53160,22.26649
ΕΛΙΝΟΙΛ,Φούφας,,Πτολεμαΐδα,40.53180,21.56939
ΕΛΙΝΟΙΛ,Νέα Ραιδεστός,,Θέρμη,40.53186,23.04013
BP,Άγια Ζώνη,,Θέρμη,40.53233,23.01300
Aegean,Βέροια,Θεσσαλονίκης,,40.53283,22.20597
ΑΠ,Βέροια,Σταδίου,,40.53341,22.20096
Revoil,Βέροια,Θεσσαλονίκης,,40.53358,22.20775
JETOIL,Βέροια,,,40.53411,22.20912
Avin,Βέροια,,,40.53454,22.20999
KAOIL,Δροσερό,,Πτολεμαΐδα,40.53724,21.60589
BP,Βέροια,,,40.53793,22.20198
Shell,Χλόη,,,40.53815,21.25832
Avin,Βέροια,,,40.53865,22.20190
BP,Θέρμη,,,40.53932,23.03149
Avin,Παλιές Εργατικές Κατοικίες,Χλόης,Χλόη,40.53940,21.26074
EKO,Θέρμη,,,40.53985,23.01383
Shell,Θέρμη,,,40.54012,23.02128
Aegean,Θέρμη,,,40.54070,23.02642
EKO,Άγια Ζώνη,Λεωφόρος Γεωργικής Σχολής,Θέρμη,40.54094,22.98834
,Δροσερό,,Πτολεμαΐδα,40.54245,21.61007
Revoil,Κουλούρα,,Μακροχώρι,40.54294,22.31687
ΕΛΙΝΟΙΛ,Θέρμη,,,40.54488,23.02768
EKO,Θέρμη,Βασιλικής Ταβάκη,,40.54518,23.01917
KAOIL,Τριάδι,,Θέρμη,40.54650,23.04134
ΕΛΙΝΟΙΛ,Θέρμη,,,40.54714,23.00302
Shell,Πατρίδα,,Βέροια,40.54811,22.19710
Αρχαγγέλου,Διαβατός,,Μακροχώρι,40.54921,22.26563
ΕΛΙΝΟΙΛ,Περδίκκας,,Πτολεμαΐδα,40.54934,21.69243
Aegean,Θέρμη,Ειρήνης Ιασωνίδη Λ.,,40.54994,23.02268
BP,Μακροχώρι,,,40.54999,22.24468
Shell,Μίκρα,Λεωφόρος Γεωργικής Σχολής,"Καλαμαριά, Θέρμη",40.55040,22.98185
Avin,Θέρμη,Ταβάκη,,40.55076,23.01866
Shell,Θέρμη,Ταβάκη,,40.55208,23.01852
BP,Μίκρα,,"Καλαμαριά, Θέρμη",40.55213,22.99089
Aegean,Μίκρα,Γεωργικής Σχολής,"Καλαμαριά, Θέρμη",40.55450,22.97993
,Γαλάτεια,,Πτολεμαΐδα,40.55470,21.60419
Avin,Πλάτανος,,Αιγίνιο,40.55480,22.54369
Avin,Πλάτανος,,Αιγίνιο,40.55541,22.54085
ΕΛΙΝΟΙΛ,Κυψέλη,,Αιγίνιο,40.55637,22.48768
EKO,Μίκρα,,"Καλαμαριά, Θέρμη",40.55675,22.99143
EKO,Λιόγερμα,Θεσσαλονίκης - Θέρμης,Θέρμη,40.55684,23.01188
Shell,Κυψέλη,,Αιγίνιο,40.55854,22.49461
Avin,Λιόγερμα,Πανοράματος,Θέρμη,40.55854,23.02076
KAOIL,Λιόγερμα,Θεσσαλονίκης-Θέρμης,Θέρμη,40.55927,23.00864
EKO,Κλειδί,,Αιγίνιο,40.56006,22.58681
ΑΡΓΩ,Μακροχώρι,,,40.56097,22.26175
Avin,Λιόγερμα,Πανοράματος,Θέρμη,40.56244,23.02417
Avin,Φοίνικας,,"Καλαμαριά, Θέρμη",40.56295,22.99356
ΕΛΙΝΟΙΛ,Κλειδί,,Αιγίνιο,40.56390,22.58669
Α.Π.,Φοίνικας,Χάλκης,"Καλαμαριά, Θέρμη",40.56420,22.98831
BP,Μίκρα,Γεωργικής Σχολής,"Καλαμαριά, Θέρμη",40.56555,22.97497
EKO,Λιόγερμα,Πανοράματος,Θέρμη,40.56611,23.02490
Shell,Φοίνικας,Μαρίνου Αντύπα,"Καλαμαριά, Θέρμη",40.56856,22.97948
CYCLON,Κεφαλάρι,,Χλόη,40.56870,21.28072
Avin,Φοίνικας,,"Καλαμαριά, Θέρμη",40.56883,22.97798
Revoil,Φοίνικας,Εθνικής Αντιστάσεως,"Καλαμαριά, Θέρμη",40.57018,22.97293
,Ζαγκλιβέρι,,,40.57067,23.29028
Aegean,Κεφαλοχώρι,,Μελίκη,40.57090,22.36960
Shell,Νέα Κρήνη,Βρυούλων,"Καλαμαριά, Θέρμη",40.57213,22.96061
ΕΛΙΝΟΙΛ,Νέα Αρετσού,Νικολάου Πλαστήρα,"Καλαμαριά, Θέρμη",40.57275,22.95255
,Ξεχασμένη,,Μακροχώρι,40.57283,22.33845
BP,Φοίνικας,Εθνικής Αντιστάσεως,"Καλαμαριά, Θέρμη",40.57322,22.97183
Shell,Φοίνικας,,"Πυλαία, Θέρμη",40.57364,22.98928
BP,Φοίνικας,,"Καλαμαριά, Θέρμη",40.57404,22.98042
JETOIL,Φοίνικας,,"Καλαμαριά, Θέρμη",40.57423,22.98220
KAOIL,Ζαγκλιβέρι,,,40.57472,23.28440
Shell,Συνοικισμός Άγιος Στυλιανός,Εθνικής Αντιστάσεως,"Καλαμαριά, Θέρμη",40.57484,22.97020
Shell,Φοίνικας,Ποσειδώνος,"Καλαμαριά, Θέρμη",40.57560,22.97412
BP,Συνοικισμός Άγιος Στυλιανός,Εθνικής Αντιστάσεως,"Καλαμαριά, Θέρμη",40.57586,22.96964
Α.Π.,Φοίνικας,,"Καλαμαριά, Πανόραμα",40.57636,22.98196
,Φοίνικας,,"Καλαμαριά, Πανόραμα",40.57642,22.98205
ΑΠ,Φοίνικας,Στέλιου Καζαντζίδη,"Πυλαία, Πανόραμα",40.57663,22.98799
BP,Φοίνικας,,"Καλαμαριά, Πανόραμα",40.57820,22.98070
EKO,Συνοικισμός Άγιος Στυλιανός,,"Καλαμαριά, Πανόραμα",40.57850,22.96838
Avin,Συνοικισμός Άγιος Στυλιανός,,"Καλαμαριά, Πανόραμα",40.58043,22.97131
,Συνοικισμός Άγιος Στυλιανός,,"Καλαμαριά, Πανόραμα",40.58044,22.97081
ΑΠ,Ποτός,,Λιμενάρια,40.58146,24.64869
ΕΛΙΝΟΙΛ,Σταυρός,,Μακροχώρι,40.58174,22.28573
Shell,Τοιχιό,,Χλόη,40.58255,21.29639
BP,Συνοικισμός Άγιος Στυλιανός,Στέλιου Καζαντζίδη,"Πυλαία, Πανόραμα",40.58258,22.98262
Shell,Πανόραμα,Πανοράματος,Πυλαία,40.58482,23.03515
,Λέχοβο,,,40.58521,21.49220
EKO,Συνοικισμός Άγιος Στυλιανός,,"Πυλαία, Πανόραμα",40.58525,22.97756
Shell,Κηφισιά,Εθνικής Αντιστάσεως,"Καλαμαριά, Πανόραμα",40.58611,22.96288
Α.Π.,Κηφισιά,,"Πυλαία, Πανόραμα",40.58639,22.97983
Shell,Κέντρο,Πόντου,"Καλαμαριά, Θεσσαλονίκη",40.58674,22.95310
Aegean,Λουτρός,,Αλεξάνδρεια,40.58730,22.40176
EKO,Νέα Τούζλα-Καραμπουρνάκι,Θεμιστοκλή Σοφούλη,"Ντεπώ, Θεσσαλονίκη",40.58916,22.94470
ΑΡΓΩ,Κομνηνά,,Πτολεμαΐδα,40.59022,21.77490
KAOIL,Καβάσιλα,,Μακροχώρι,40.59058,22.33439
Revoil,Πανόραμα,Κομνηνών,Πυλαία,40.59118,23.03618
ΕΤΕΚΑ,Βυζάντιο,,"Ντεπώ, Θεσσαλονίκη",40.59127,22.95707
,Καβάσιλα,,Μακροχώρι,40.59138,22.33812
Shell,Κηφισιά,Μιχαήλ Ψελλού,"Ντεπώ, Θεσσαλονίκη",40.59144,22.96059
Α.Π.,Ολυμπιάδα,,Σταυρός,40.59197,23.78260
ΑΠ,Νησέλλι,,Αλεξάνδρεια,40.59233,22.46452
KAOIL,Πυλαία,,Πανόραμα,40.59286,22.98721
BP,Ντεπώ,,Θεσσαλονίκη,40.59308,22.95023
ΑΡΓΩ,Καβάσιλα,,Μακροχώρι,40.59311,22.34044
ΕΤΕΚΑ,Ντεπώ,Δελφών,Θεσσαλονίκη,40.59536,22.95707
Avin,Ντεπώ,Καθηγητού Νικολάου Παπαδάκη,Θεσσαλονίκη,40.59623,22.95998
Avin,Ντεπώ,Θεμιστοκλή Σοφούλη,Θεσσαλονίκη,40.59636,22.95463
EKO,Πυλαία,Πρασακάκη,Πανόραμα,40.59685,22.99202
CYCLON,Χαριλάου,Αλεξάνδρου Παπαναστασίου,Πανόραμα,40.59702,22.97165
EKO,Αγία Μαρίνα,,Μακροχώρι,40.59718,22.21327
EKO,Ντεπώ,Γεωργίου Παπανδρέου,Θεσσαλονίκη,40.59755,22.95233
Revoil,Χαριλάου,Αλκαμένους,Πανόραμα,40.59762,22.97215
JETOIL,Χαριλάου,Αλεξάνδρου Παπαναστασίου,Πανόραμα,40.59855,22.97103
SILKOIL,Τρίκαλα,,Πλατύ,40.59882,22.55755
BP,Ντεπώ,Βασιλίσσης Όλγας,Θεσσαλονίκη,40.60000,22.95445
ΕΛΙΝΟΙΛ,Πυλαία,Προφήτη Ηλία,Πανόραμα,40.60055,22.98487
Avin,Πυλαία,Προφήτη Ηλία,Πανόραμα,40.60080,22.98779
Aegean,Χαριλάου,25ης Μαρτίου,Θεσσαλονίκη,40.60128,22.96143
ΕΤΕΚΑ,Πυλαία,Προφήτη Ηλία,Πανόραμα,40.60151,22.98103
BP,Πυλαία,Προφήτη Ηλία,Πανόραμα,40.60158,22.98178
SILKOIL,Κορυφή,,Πλατύ,40.60160,22.50445
Shell,Χαριλάου,25ης Μαρτίου,Θεσσαλονίκη,40.60181,22.96346
Avin,Χαριλάου,Νικολάου Πλαστήρα,Πανόραμα,40.60234,22.97349
Shell,Χαριλάου,Νικολάου Πλαστήρα,Πανόραμα,40.60258,22.97607
EKO,Στενήμαχος,,Κοπανός,40.60271,22.14346
ΑΠ,Νέα Μάλγαρα,,,40.60291,22.68098
SILKOIL,Κορυφή,,Πλατύ,40.60319,22.50770
ΑΠ,Νησέλλι,,Αλεξάνδρεια,40.60373,22.45292
Aegean,Ανάληψη,Πέτρου Συνδίκα,Θεσσαλονίκη,40.60415,22.95427
Aegean,Ανάληψη,Σόλωνος,Θεσσαλονίκη,40.60429,22.95950
JETOIL,Ανάληψη,,Θεσσαλονίκη,40.60431,22.95732
Α.Π.,Παλαιό Σκυλλίτσι,,Μακροχώρι,40.60506,22.32909
Avin,Νέα Μάλγαρα,,,40.60539,22.68076
ΑΡΓΩ,Καμποχώρι,,Αλεξάνδρεια,40.60632,22.37272
Revoil,Νέα Μάλγαρα,,,40.60653,22.68557
Revoil,Καμποχώρι,,Αλεξάνδρεια,40.60656,22.37337
Shell,Ανάληψη,Μάρκου Μπότσαρη,Θεσσαλονίκη,40.60700,22.96024
ΕΤΕΚΑ,Άγιος Γεώργιος,,Κοπανός,40.60709,22.19623
JETOIL,Ανάληψη,Δελφών,Θεσσαλονίκη,40.60760,22.95751
EKO,Κωνσταντινουπολίτικα,17ης Νοεμβρίου,"Πυλαία, Πανόραμα",40.60847,22.99184
KAOIL,Ανάληψη,Δημητρίου Μητροπούλου,Θεσσαλονίκη,40.60896,22.96134
Aegean,Άγιος Γεώργιος,,Κοπανός,40.60904,22.19795
ΕΛΙΝΟΙΛ,Κάτω Τούμπα,Ανατολικής Θράκης,Θεσσαλονίκη,40.60904,22.97190
kaoil,Νέα Μάλγαρα,,,40.60941,22.68542
BP,Ανάληψη,Δελφών,Θεσσαλονίκη,40.60955,22.95744
Aegean,Ανάληψη,Βασιλίσσης Όλγας,Θεσσαλονίκη,40.60959,22.95358
EKO,Ποτός,Ποτού - Θεολόγου,"Χαράκι, Λιμενάρια",40.61047,24.60820
ΕΛΙΝΟΙΛ,Μαλακοπή,Γρηγορίου Λαμπράκη,"Πυλαία, Ασβεστοχώρι",40.61136,22.98678
Aegean,Φάληρο,Φλέμινγκ,"Ανάληψη, Θεσσαλονίκη",40.61142,22.95561
BP,Ποτός,,"Χαράκι, Λιμενάρια",40.61177,24.60636
Aegean,Φάληρο,Βασιλίσσης Όλγας,"Ανάληψη, Θεσσαλονίκη",40.61202,22.95381
Shell,Κάτω Τούμπα,Κλεάνθους,Θεσσαλονίκη,40.61294,22.96596
JETOIL,Φάληρο,Αλεξάνδρου Παπαναστασίου,"Κάτω Τούμπα, Θεσσαλονίκη",40.61307,22.96404
Aegean,Μαλακοπή,Επιδαύρου,"Άνω Τούμπα, Θεσσαλονίκη",40.61395,22.97878
EKO,Άνω Τούμπα,Πραξαγόρα,Θεσσαλονίκη,40.61400,22.97438
Avin,Άνω Τούμπα,Διογένους,Θεσσαλονίκη,40.61430,22.96978
EKO,Φάληρο,Βασιλίσσης Όλγας,"Ανάληψη, Θεσσαλονίκη",40.61459,22.95396
JETOIL,Φάληρο,Βασιλίσσης Όλγας,"Ανάληψη, Θεσσαλονίκη",40.61465,22.95439
Revoil,Κύμινα,,,40.61527,22.68953
ΕΛΙΝΟΙΛ,Αγία Τριάδα,Κωνσταντινουπόλεως,"Ανάληψη, Θεσσαλονίκη",40.61610,22.95965
EKO,Χαλάστρα,,,40.61627,22.73974
ΑΠ,Βρυσάκι,,Αλεξάνδρεια,40.61628,22.40337
BP,Άνω Τούμπα,Γρηγορίου Λαμπράκη,Θεσσαλονίκη,40.61669,22.97080
KAOIL,Κύμινα,,,40.61706,22.69826
Shell,Άνω Τούμπα,,Θεσσαλονίκη,40.61707,22.97049
Shell,Χαλάστρα,,,40.61771,22.73954
Avin,Χορτιάτης,,,40.61850,23.08821
Revoil,Νάουσα,,,40.61869,22.09576
BP,Αγία Τριάδα,Στρατού,"Τριανδρία, Θεσσαλονίκη",40.61917,22.95797
Aegean,Τριανδρία,,Θεσσαλονίκη,40.61929,22.96797
Avin,Κοπανός,,,40.61985,22.11550
BP,Νάουσα,,,40.62138,22.08080
Aegean,Αγία Τριάδα,Κωνσταντίνου Καραμανλή,"Τριανδρία, Θεσσαλονίκη",40.62192,22.96208
Avin,Σκλήθρο,,,40.62260,21.49757
EKO,Νάουσα,,,40.62293,22.05799
EKO,Αλεξάνδρεια,,,40.62303,22.44770
KAOIL,Φιλώτας,,Αμύνταιο,40.62365,21.71225
ΑΠ,Χαλάστρα,,,40.62367,22.73636
Aegean,Βρυσάκι,,Αλεξάνδρεια,40.62372,22.42001
,Χαλάστρα,,,40.62436,22.73056
Shell,Κοπανός,,,40.62443,22.12993
ΕΤΕΚΑ,Νέα Μάδυτος,,Σταυρός,40.62462,23.56102
CYCLON,Χορτιάτης,,,40.62517,23.08223
Revoil,Νέα Απολλωνία,,Ζαγκλιβέρι,40.62520,23.44000
Aegean,Λιμενάρια,Θάσου – Λιμεναρίων,Χαράκι,40.62545,24.55420
Aegean,Εξοχή,,Χορτιάτης,40.62546,23.06379
Shell,Εξοχή,Διασταύρωση Ασβεστοχωριού - Χορτιάτη,Χορτιάτης,40.62553,23.06698
JETOIL,Νέα Απολλωνία,,Ζαγκλιβέρι,40.62602,23.44071
,Χαλάστρα,,,40.62605,22.73751
ΕΛΙΝΟΙΛ,Λιμενάρια,Θάσου – Λιμεναρίων,Χαράκι,40.62641,24.55827
EKO,Χαλάστρα,,,40.62741,22.72570
EKO,Χαλάστρα,,,40.62755,22.72455
Aegean,Αλεξάνδρεια,28ης Οκτωβρίου,,40.62763,22.44850
Shell,Αλεξάνδρεια,,,40.62801,22.43180
ΕΛΙΝΟΙΛ,Κοπανός,,,40.62806,22.13090
Avin,Χορτιάτης,Αγίου Βασιλείου - Εξοχής,,40.62886,23.09255
KAOIL,Ευαγγελίστρια,Αγγελάκη,"Άνω Πόλη, Θεσσαλονίκη",40.62887,22.95311
ΕΛΙΝΟΙΛ,Ευαγγελίστρια,,"Άνω Πόλη, Θεσσαλονίκη",40.63028,22.95278
EKO,Λιμενάρια,,Χαράκι,40.63031,24.57492
EKO,Αλεξάνδρεια,,,40.63054,22.44907
Revoil,Φιλώτας,,Αμύνταιο,40.63064,21.71817
Revoil,Δογαντζή,,Ζαγκλιβέρι,40.63102,23.21228
JETOIL,Δογαντζή,,Χορτιάτης,40.63124,23.20822
SILKOIL,Αλεξάνδρεια,Ελευθερίου Βενιζέλου,,40.63130,22.44206
JETOIL,Χαλάστρα,,,40.63130,22.74064
Shell,Δογαντζή,,Χορτιάτης,40.63146,23.20552
Avin,Αλεξάνδρεια,Ελευθερίου Βενιζέλου,,40.63224,22.44493
EKO,Νάουσα,,,40.63265,22.07235
SILKOIL,Λιανοβέργι,,Πλατύ,40.63268,22.50777
Revoil,Νάουσα,,,40.63304,22.07245
Shell,Νάουσα,,,40.63361,22.07190
CYCLON,Νάουσα,,,40.63364,22.07221
JETOIL,Αλεξάνδρεια,Ελευθερίου Βενιζέλου,,40.63404,22.44932
Shell,Ευαγγελίστρια,Γεωργίου Βιζυηνού,"Άγιος Παύλος, Θεσσαλονίκη",40.63404,22.95872
Avin,Αλεξάνδρεια,Ελευθερίου Βενιζέλου,,40.63506,22.45226
Shell,Καλύβια,Εθνικής Αντιστάσεως,"Χαράκι, Λιμενάρια",40.63529,24.57424
ΕΤΕΚΑ,Βασιλούδι,,Χορτιάτης,40.63570,23.19123
ΕΛΙΝΟΙΛ,Βασιλούδι,,Χορτιάτης,40.63576,23.19208
Shell,Αλεξάνδρεια,,,40.63605,22.45603
ΕΛΙΝΟΙΛ,Νάουσα,,,40.63655,22.05859
KAOIL,Κουλέ Καφέ,Αγίου Δημητρίου,"Άνω Πόλη, Θεσσαλονίκη",40.63673,22.95098
ΕΛΙΝΟΙΛ,Κουλέ Καφέ,Αγίου Δημητρίου,"Άνω Πόλη, Θεσσαλονίκη",40.63687,22.95068
KAOIL,Αντίγονος,,Αμύνταιο,40.63928,21.76021
JETOIL,Φραγκομαχαλάς,Πτολεμαίων,"Άνω Πόλη, Θεσσαλονίκη",40.63959,22.93849
EKO,Βαρδάρης,26ης Οκτωβρίου,"Αμπελόκηποι, Θεσσαλονίκη",40.64016,22.92438
KAOIL,Ασβεστοχώρι,Δημοκρατίας,Πεύκα,40.64022,23.02533
,Βαρδάρης,,"Αμπελόκηποι, Θεσσαλονίκη",40.64034,22.92408
EKO,Κοπανός,,,40.64049,22.13024
ΕΛΙΝΟΙΛ,Τσινάρι,Αγίου Δημητρίου,"Άνω Πόλη, Θεσσαλονίκη",40.64092,22.94293
EKO,Θεσσαλονίκη,Παπαζώλη,Άνω Πόλη,40.64108,22.93993
EKO,Βαρδάρης,Αναγεννήσεως,"Αμπελόκηποι, Θεσσαλονίκη",40.64142,22.92858
,Λεβαία,,Αμύνταιο,40.64163,21.70222
EKO,Βαρδάρης,Μίκη Θεοδωράκη,"Άνω Πόλη, Θεσσαλονίκη",40.64176,22.93544
SILKOIL,Καλοχώρι,,Ελευθέριο-Κορδελιό,40.64197,22.85434
EKO,Ασβεστοχώρι,Μακεδονομάχων,Πεύκα,40.64202,23.02219
,Νικομηδινό,,Ζαγκλιβέρι,40.64215,23.27293
EKO,Επτάλοφος,26ης Οκτωβρίου,"Αμπελόκηποι, Θεσσαλονίκη",40.64228,22.91489
ΕΛΙΝΟΙΛ,Παλαιοχώρι,,Πλατύ,40.64259,22.49105
Shell,Επτάλοφος,,"Μενεμένη, Θεσσαλονίκη",40.64292,22.91257
Shell,Βαρδάρης,Λαγκαδά,"Νεάπολη, Θεσσαλονίκη",40.64344,22.93542
Avin,Άγιος Παύλος,Ανθέων,Θεσσαλονίκη,40.64371,22.96457
JETOIL,Βαρδάρης,Αγίου Νέστορος,"Νεάπολη, Θεσσαλονίκη",40.64408,22.93700
Shell,Ξηροκρήνη,Γιαννιτσών,"Αμπελόκηποι, Θεσσαλονίκη",40.64486,22.92486
BP,Μενεμένη,26ης Οκτωβρίου,Θεσσαλονίκη,40.64505,22.90959
JETOIL,Άγιος Παύλος,Επταπυργίου,Θεσσαλονίκη,40.64529,22.96316
SILKOIL,Καλοχώρι,,Ελευθέριο-Κορδελιό,40.64569,22.86722
Shell,Ξηροκρήνη,Μοναστηρίου,"Αμπελόκηποι, Θεσσαλονίκη",40.64585,22.92508
BP,Μενεμένη,,Θεσσαλονίκη,40.64602,22.90816
BP,Μενεμένη,26ης Οκτωβρίου,Θεσσαλονίκη,40.64604,22.90820
,Ξηροκρήνη,Δημητρίου Μαργαροπούλου,"Αμπελόκηποι, Θεσσαλονίκη",40.64646,22.92795
,Πλατύ,,,40.64764,22.53501
Aegean,Αξιού,Λαγκαδά,"Νεάπολη, Θεσσαλονίκη",40.64770,22.93552
EKO,Επτάλοφος,Μοναστηρίου,"Αμπελόκηποι, Θεσσαλονίκη",40.64772,22.92168
ΕΤΕΚΑ,Πλατύ,,,40.64779,22.53480
ΕΛΙΝΟΙΛ,Αξιού,Λαγκαδά,"Νεάπολη, Θεσσαλονίκη",40.64854,22.93570
Καλπάκης,Επτάλοφος,Γιαννιτσών,"Αμπελόκηποι, Θεσσαλονίκη",40.64920,22.91624
EKO,Καλοχώρι,,Ελευθέριο-Κορδελιό,40.64927,22.86648
ΑΠ,Ξηροκρήνη,Ρήγα Φερραίου,"Αμπελόκηποι, Θεσσαλονίκη",40.64944,22.93245
Shell,Ροδοχώρι,,"Συκιές, Θεσσαλονίκη",40.64993,22.94815
Avin,Επτάλοφος,Γιαννιτσών,"Μενεμένη, Θεσσαλονίκη",40.65016,22.91490
JETOIL,Δενδροπόταμος,,"Μενεμένη, Καλοχώρι",40.65033,22.88401
Shell,Δενδροπόταμος,,"Μενεμένη, Καλοχώρι",40.65066,22.88858
Revoil,Δενδροπόταμος,,"Ελευθέριο-Κορδελιό, Καλοχώρι",40.65076,22.88405
Aegean,Συκιές,Ρήγα Φεραίου,Θεσσαλονίκη,40.65083,22.95427
EKO,Βασιλούδι,,Χορτιάτης,40.65135,23.16650
Aegean,Νέα Βάρνα,Ανδρέα Παπανδρέου,"Συκιές, Θεσσαλονίκη",40.65158,22.94797
Aegean,Μενεμένη,Μπουμπουλίνας,Θεσσαλονίκη,40.65175,22.91250
Aegean,Μενεμένη,,Θεσσαλονίκη,40.65183,22.91257
EKO,Μενεμένη,Γιαννιτσών,Θεσσαλονίκη,40.65316,22.90523
EKO,Στίβος,,Ζαγκλιβέρι,40.65325,23.30343
JETOIL,Αμπελόκηποι,28ης Οκτωβρίου,Θεσσαλονίκη,40.65377,22.92997
Aegean,Άνω Ζερβοχώρι,,Κοπανός,40.65397,22.21646
Avin,Νέα Βάρνα,Ανδρέα Παπανδρέου,"Συκιές, Θεσσαλονίκη",40.65414,22.95145
Avin,Σίνδος,,,40.65419,22.76343
EKO,Νέα Βάρνα,Ανδρέα Παπανδρέου,"Συκιές, Θεσσαλονίκη",40.65440,22.95228
Shell,Συκιές,Ανδρέα Παπανδρέου,Θεσσαλονίκη,40.65456,22.95534
CYCLON,Συκιές,Ανδρέα Παπανδρέου,Θεσσαλονίκη,40.65476,22.95523
EKO,Αμπελόκηποι,28ης Οκτωβρίου,Θεσσαλονίκη,40.65477,22.92886
EKO,Μενεμένη,Μοναστηρίου,Θεσσαλονίκη,40.65512,22.90484
BP,Μενεμένη,Μοναστηρίου,Θεσσαλονίκη,40.65522,22.90574
Shell,Αμπελόκηποι,28ης Οκτωβρίου,Θεσσαλονίκη,40.65529,22.92872
Jetoil,Δενδροπόταμος,,"Μενεμένη, Θεσσαλονίκη",40.65557,22.90255
EKO,Πεύκα,Παπανικολάου,Ασβεστοχώρι,40.65565,22.99183
,Αντίγονος,,Αμύνταιο,40.65574,21.75781
BP,Αναγέννηση,Λαγκαδά,"Νεάπολη, Θεσσαλονίκη",40.65595,22.93468
Α.Π.,Νέα Απολλωνία,,Ζαγκλιβέρι,40.65599,23.40742
Aegean,Αμπελόκηποι,28ης Οκτωβρίου,Θεσσαλονίκη,40.65632,22.92715
,Αετός,,Αμύνταιο,40.65646,21.55346
JETOIL,Λευκάδια,,Κοπανός,40.65823,22.13125
Shell,Μενεμένη,Θωμά Χατζίκου,Θεσσαλονίκη,40.65862,22.91011
KAOIL,Ανατολικό,,,40.65883,22.72392
,Αμπελώνες,,"Αμπελόκηποι, Θεσσαλονίκη",40.65906,22.92594
ΕΛΙΝΟΙΛ,Αμπελώνες,,"Αμπελόκηποι, Θεσσαλονίκη",40.65907,22.92594
Shell,Τσαλδάρη,Αγνώστου Στρατιώτου,"Νεάπολη, Θεσσαλονίκη",40.65909,22.94335
Shell,Μετέωρα,,"Πεύκα, Θεσσαλονίκη",40.65913,22.97102
SILKOIL,Δενδροπόταμος,,"Ελευθέριο-Κορδελιό, Καλοχώρι",40.65921,22.88713
Shell,Μετέωρα,,"Πεύκα, Θεσσαλονίκη",40.65946,22.97362
Avin,Μετέωρα,Παπανικολάου,"Πεύκα, Θεσσαλονίκη",40.65966,22.97163
SILKOIL,Αετός,,Αμύνταιο,40.65987,21.55409
Shell,Δενδροπόταμος,Μοναστηρίου,"Μενεμένη, Θεσσαλονίκη",40.66000,22.90052
EKO,Σίνδος,Ανδρέα Παπανδρέου,,40.66055,22.80187
Revoil,Τερψιθέα,Μεγάλου Αλεξάνδρου,"Σταυρούπολη, Θεσσαλονίκη",40.66059,22.93210
SILKOIL,Άραχος,,Πλατύ,40.66075,22.52659
Shell,Αγία Σοφία,,"Ελευθέριο-Κορδελιό, Καλοχώρι",40.66139,22.86336
BP,Πεδινό,,Αμύνταιο,40.66154,21.59156
KAOIL,Ανατολικό,,,40.66166,22.70979
Shell,Αγία Σοφία,,"Ελευθέριο-Κορδελιό, Καλοχώρι",40.66175,22.86202
BP,Κάτω Εύοσμος,Αριστοτέλους,"Μενεμένη, Θεσσαλονίκη",40.66206,22.91193
Aegean,Τερψιθέα,Ιατρού Γωγούση,"Σταυρούπολη, Θεσσαλονίκη",40.66218,22.92943
Aegean,Βραχιά,,Ανατολικό,40.66249,22.63831
JETOIL,Αγία Σοφία,,"Ελευθέριο-Κορδελιό, Καλοχώρι",40.66280,22.87256
Aegean,Ελευθέρια,,"Ελευθέριο-Κορδελιό, Καλοχώρι",40.66296,22.88373
Avin,Δενδροπόταμος,Καραολή & Δημητρίου,"Ελευθέριο-Κορδελιό, Θεσσαλονίκη",40.66307,22.89962
JETOIL,Δενδροπόταμος,Καραολή & Δημητρίου,"Ελευθέριο-Κορδελιό, Θεσσαλονίκη",40.66320,22.89868
BP,Αγία Σοφία,,"Ελευθέριο-Κορδελιό, Καλοχώρι",40.66331,22.85704
BP,Ελευθέρια,,"Ελευθέριο-Κορδελιό, Καλοχώρι",40.66393,22.88141
Shell,Ελευθέριο-Κορδελιό,Μοναστηρίου,Καλοχώρι,40.66460,22.89499
BP,Ελευθέρια,,"Ελευθέριο-Κορδελιό, Καλοχώρι",40.66464,22.88047
BP,Δενδροπόταμος,Καραολή & Δημητρίου,"Μενεμένη, Θεσσαλονίκη",40.66473,22.90519
Κολοκυθάς,Αγία Σοφία,,"Ελευθέριο-Κορδελιό, Νέα Μαγνησία",40.66502,22.85056
Avin,Άγιος Βασίλειος,,Χορτιάτης,40.66507,23.11230
Revoil,Σταυρός,,,40.66519,23.69567
Avin,Ελευθέρια,,"Ελευθέριο-Κορδελιό, Διαβατά",40.66559,22.87839
ΕΤΕΚΑ,Ελευθέριο-Κορδελιό,Μοναστηρίου,Διαβατά,40.66615,22.89288
EKO,Πολίχνη,Μαυρομιχάλη,Θεσσαλονίκη,40.66639,22.94675
Shell,Κάτω Ηλιούπολη,,"Εύοσμος, Θεσσαλονίκη",40.66652,22.92360
BP,Σταυρός,,,40.66668,23.68472
EKO,Κάτω Εύοσμος,Καραολή & Δημητρίου,"Εύοσμος, Θεσσαλονίκη",40.66704,22.91454
ΕΤΕΚΑ,Εύοσμος,,Θεσσαλονίκη,40.66705,22.91292
Aegean,Κάτω Εύοσμος,,"Εύοσμος, Θεσσαλονίκη",40.66706,22.91366
Βενζιναδικο BP Μπιλης και Υιοι,Σταυρός,,,40.66707,23.68383
Revoil,Ελευθέρια,,"Ελευθέριο-Κορδελιό, Διαβατά",40.66744,22.87744
EKO,Ελευθέρια,Μοναστηρίου,"Ελευθέριο-Κορδελιό, Διαβατά",40.66842,22.88894
EKO,Αγία Σοφία,,"Ελευθέριο-Κορδελιό, Διαβατά",40.66859,22.87599
ΕΛΙΝΟΙΛ,Σταυρός,,,40.66882,23.67587
EKO,Ομόνοια,Ωραιοκάστρου,"Σταυρούπολη, Θεσσαλονίκη",40.66890,22.93233
Avin,Εύοσμος,Μεγάλου Αλεξάνδρου,Θεσσαλονίκη,40.66893,22.91059
Revoil,Ελευθέρια,,"Ελευθέριο-Κορδελιό, Διαβατά",40.66913,22.88761
Aegean,Ελευθέρια,Μοναστηρίου,"Ελευθέριο-Κορδελιό, Διαβατά",40.66937,22.88680
Revoil,Σίνδος,,,40.66994,22.82092
Avin,Σίνδος,Κομνηνών,,40.67010,22.79740
Shell,Άδενδρο,,Χαλκηδόνα,40.67016,22.61191
Auto Gas,Πολίχνη,,Θεσσαλονίκη,40.67023,22.96251
ΕΛΙΝΟΙΛ,Αγία Σοφία,,"Ελευθέριο-Κορδελιό, Νέα Μαγνησία",40.67069,22.84920
Shell,Ομόνοια,Λαγκαδά,"Σταυρούπολη, Θεσσαλονίκη",40.67079,22.93834
JETOIL,Σωτήρας,,Αμύνταιο,40.67083,21.68142
EKO,Ομόνοια,Λαγκαδά,"Σταυρούπολη, Θεσσαλονίκη",40.67121,22.93913
Aegean,Αγνάντι,,"Πεύκα, Φίλυρο",40.67125,22.98956
JETOIL,Αγία Ειρήνη,,"Ελευθέριο-Κορδελιό, Διαβατά",40.67134,22.88628
Shell,Σίνδος,,,40.67139,22.78563
Aegean,Ομόνοια,Λαγκαδά,"Σταυρούπολη, Θεσσαλονίκη",40.67202,22.93917
KAOIL,Αγία Ειρήνη,,"Ελευθέριο-Κορδελιό, Διαβατά",40.67221,22.88331
Aegean,Σίνδος,Χρυσοστόμου Σμύρνης,,40.67230,22.80216
Shell,Αγία Ειρήνη,,"Ελευθέριο-Κορδελιό, Διαβατά",40.67286,22.88164
KAOIL,Σίνδος,,,40.67360,22.80506
Avin,Αγία Ειρήνη,Νέα Μοναστηρίου,"Ελευθέριο-Κορδελιό, Διαβατά",40.67396,22.87947
EKO,Νέα Πολιτεία,Μαιάνδρου,"Εύοσμος, Διαβατά",40.67422,22.90629
EKO,Σίνδος,,,40.67431,22.80218
EKO,Αγία Ειρήνη,,"Ελευθέριο-Κορδελιό, Διαβατά",40.67448,22.87838
Aegean,Άνω Ηλιούπολη,Μακρυγιάννη,"Εύοσμος, Θεσσαλονίκη",40.67483,22.92729
ΕΛΙΝΟΙΛ,Αγία Ειρήνη,,"Ελευθέριο-Κορδελιό, Διαβατά",40.67553,22.87532
BP,Ομόνοια,,"Σταυρούπολη, Θεσσαλονίκη",40.67553,22.93551
ΕΤΕΚΑ,Μικρή Βόλβη,,Σταυρός,40.67621,23.56151
BP,Νέα Πολιτεία,Μαιάνδρου,"Άνω Εύοσμος, Διαβατά",40.67656,22.90596
BP,Σίνδος,,,40.67675,22.80308
EKO,Νέα Πολιτεία,,"Άνω Εύοσμος, Διαβατά",40.67724,22.90603
Revoil,Εφεδρούπολη,,"Ευκαρπία, Φίλυρο",40.67760,22.95814
BP,Ανθόκηποι,Ωραιοκάστρου,"Σταυρούπολη, Θεσσαλονίκη",40.67765,22.93661
Revoil,Αγγελοχώρι,,Κοπανός,40.67771,22.19249
ΕΛΙΝΟΙΛ,Οικισμός Μακεδονία (Εργατικές Κατοικίες),,"Ευκαρπία, Φίλυρο",40.67804,22.95450
CYCLON,Κρύα Βρύση,,,40.67860,22.30165
BP,Διαβατά,,Ελευθέριο-Κορδελιό,40.67889,22.86941
Avin,Ανθόκηποι,Λαγκαδά,"Σταυρούπολη, Θεσσαλονίκη",40.67947,22.93864
SILKOIL,Αγγελοχώρι,,Κοπανός,40.67981,22.20047
Aegean,Ακρολίμνη,,Κρύα Βρύση,40.67998,22.26504
,Λουδίας,,Πλατύ,40.68047,22.54654
ΕΤΕΚΑ,Πολυπλάτανος,,Κοπανός,40.68076,22.19204
KAOIL,Αγγελοχώρι,,Κοπανός,40.68163,22.19750
Revoil,Ακρολίμνη,,Κρύα Βρύση,40.68177,22.26423
ΑΠ,Διαβατά,Βεροίας,Ελευθέριο-Κορδελιό,40.68265,22.86140
Α.Π.,Αρχάγγελος,,Κρύα Βρύση,40.68286,22.25449
KAOIL,Διαβατά,,Ελευθέριο-Κορδελιό,40.68307,22.86139
ΑΡΓΩ,Διαβατά,Κωνσταντίνου Καραμανλή,Ελευθέριο-Κορδελιό,40.68308,22.86077
JETOIL,Ευξεινούπολη,,"Άνω Εύοσμος, Ωραιόκαστρο",40.68308,22.92574
Aegean,Νικόπολη,,"Άνω Εύοσμος, Θεσσαλονίκη",40.68317,22.92767
ΤΡΙΑΙΝΑ,Σίνδος,,,40.68333,22.78276
Shell,Άνω Ανθόκηποι,,"Ευκαρπία, Φίλυρο",40.68377,22.95015
Shell,Άνω Ανθόκηποι,,"Ευκαρπία, Θεσσαλονίκη",40.68381,22.94119
BP,Προφήτης,,Ζαγκλιβέρι,40.68407,23.28405
Revoil,Αμύνταιο,,,40.68466,21.67265
SILKOIL,Διαβατά,,Ελευθέριο-Κορδελιό,40.68471,22.85825
EKO,Διαβατά,,Ελευθέριο-Κορδελιό,40.68545,22.86660
ΕΤΕΚΑ,Διαβατά,Κωνσταντίνου Καραμανλή,Ελευθέριο-Κορδελιό,40.68555,22.85679
Revoil,Φίλυρο,,Πεύκα,40.68556,22.99794
Shell,Ευξεινούπολη,,"Άνω Εύοσμος, Ωραιόκαστρο",40.68599,22.92462
SILKOIL,Νέα Μαγνησία,Συνταγματάρχου Δαβάκη,Ελευθέριο-Κορδελιό,40.68612,22.84808
Avin,Αμύνταιο,,,40.68615,21.67996
ΕΛΙΝΟΙΛ,Αμύνταιο,,,40.68667,21.67414
Avin,Σίνδος,,,40.68717,22.81384
,Νέα Μαγνησία,,Ελευθέριο-Κορδελιό,40.68773,22.84211
Avin,Ευξεινούπολη,,"Άνω Εύοσμος, Ωραιόκαστρο",40.68778,22.92531
Shell,Παραλία Βρασνών,,Νέα Βρασνά,40.68781,23.67941
Aegean,Ευκαρπία,Αγίου Γεωργίου,Φίλυρο,40.68791,22.95398
Aegean,Άνω Εύοσμος,Προέκταση Μαιάνδρου,Διαβατά,40.68795,22.90627
BP,Διαβατά,Κωνσταντίνου Καραμανλή,Ελευθέριο-Κορδελιό,40.68807,22.85127
ΕΛΙΝΟΙΛ,Ευξεινούπολη,,"Ευκαρπία, Ωραιόκαστρο",40.68882,22.93628
Avin,Ευκαρπία,Παπαδιαμάντη,Φίλυρο,40.68883,22.94863
BP,Νέα Μαγνησία,,Ελευθέριο-Κορδελιό,40.68920,22.85007
BP,Νέα Μαγνησία,Κωνσταντίνου Καραμανλή,Ελευθέριο-Κορδελιό,40.68920,22.85009
Shell,Άνω Εύοσμος,Προέκταση Μαιάνδρου,Διαβατά,40.68961,22.90587
Shell,Διαβατά,,Ελευθέριο-Κορδελιό,40.69030,22.85991
ΑΡΓΩ,Νέα Μαγνησία,Μεγάλου Αλεξάνδρου,,40.69044,22.84115
,Διαβατά,,Ελευθέριο-Κορδελιό,40.69130,22.85883
,Νυμφόπετρα,,Ζαγκλιβέρι,40.69238,23.32923
Shell,Αμύνταιο,,,40.69310,21.67192
ΑΠ,Νυμφόπετρα,,Ζαγκλιβέρι,40.69331,23.32790
EKO,Σίνδος,,,40.69407,22.81014
JETOIL,Σίνδος,,,40.69447,22.81008
,Αμύνταιο,,,40.69472,21.66776
Aegean,Νέα Μαγνησία,,,40.69527,22.83873
,Αμύνταιο,,,40.69530,21.66651
Avin,Ξινό Νερό,,Αμύνταιο,40.69543,21.64465
Α.Π.,Ευξεινούπολη,,"Ευκαρπία, Ωραιόκαστρο",40.69557,22.93614
EKO,Νέα Μαγνησία,,,40.69594,22.83658
ΕΤΕΚΑ,Νέα Μαγνησία,,,40.69698,22.83466
BP,Νέα Μαγνησία,,,40.69748,22.81751
ΕΛΙΝΟΙΛ,Ευξεινούπολη,Θερμαϊκού,"Ευκαρπία, Ωραιόκαστρο",40.69852,22.93101
EKO,Φιλοθέη,,"Ευκαρπία, Ωραιόκαστρο",40.69873,22.94059
BP,Παραλία Βρασνών,,Νέα Βρασνά,40.70020,23.69046
Shell,Φιλοθέη,,"Ευκαρπία, Ωραιόκαστρο",40.70086,22.93890
Aegean,Γαλήνη,Θερμαϊκού,"Ευκαρπία, Ωραιόκαστρο",40.70144,22.93061
Shell,Γαλήνη,,"Άνω Εύοσμος, Ωραιόκαστρο",40.70213,22.92478
JETOIL,Γαλήνη,,"Άνω Εύοσμος, Ωραιόκαστρο",40.70242,22.91844
ΕΛΙΝΟΙΛ,Παλαιόκαστρο,,"Άνω Εύοσμος, Διαβατά",40.70268,22.89099
Aegean,Νέα Μαγνησία,Έδεσσα - Θεσσαλονίκη,,40.70278,22.81827
Shell,Αγχίαλος,,Νέα Μαγνησία,40.70499,22.81111
JETOIL,Αγχίαλος,,Σίνδος,40.70554,22.80270
Aegean,Αγχίαλος,,Σίνδος,40.70584,22.78202
Avin,Γαλήνη,,"Ευκαρπία, Ωραιόκαστρο",40.70590,22.93468
Revoil,Καβαλλάρι,,Λαγυνά,40.70640,23.03950
Avin,Μικρό Μοναστήρι,,Χαλκηδόνα,40.70669,22.54531
BP,Φιλοθέη,,"Ευκαρπία, Ωραιόκαστρο",40.70705,22.95441
CYCLON,Γαλήνη,Μακεδονικού Αγώνα,"Άνω Εύοσμος, Ωραιόκαστρο",40.70784,22.91162
ΕΤΕΚΑ,Νέα Μαγνησία,,,40.70805,22.84857
ΕΤΕΚΑ,Νέα Βρασνά,,,40.70820,23.69879
Revoil,Εσώβαλτα,,Κρύα Βρύση,40.70824,22.26392
,Φιλοθέη,,"Ευκαρπία, Ωραιόκαστρο",40.71092,22.95554
SILKOIL,Σταυροδρόμι,,Κρύα Βρύση,40.71115,22.21726
JETOIL,Σκάλα Ποταμιάς,,Θάσος,40.71118,24.75281
KAOIL,Φιλοθέη,,"Ευκαρπία, Ωραιόκαστρο",40.71133,22.95600
SILKOIL,Άγιος Αθανάσιος,,,40.71150,22.73561
ΕΤΕΚΑ,Παλαιόκαστρο,,"Άνω Εύοσμος, Ωραιόκαστρο",40.71252,22.89636
Α.Π.,Αρσένι,,Σκύδρα,40.71289,22.16545
Shell,Άγιος Αθανάσιος,Αθηνών,,40.71504,22.72006
BP,Ποταμιά,,Θάσος,40.71516,24.74102
Revoil,Καβαλλάρι,,Λαγυνά,40.71622,23.03138
ΕΛΙΝΟΙΛ,Παλαιόκαστρο,Μακεδονικού Αγώνα,"Άνω Εύοσμος, Ωραιόκαστρο",40.71644,22.91021
JETOIL,Πεντάλοφος,,,40.71647,22.84410
EKO,Σκάλα Καλλιράχης,Θάσου – Λιμεναρίων,Λιμενάρια,40.71785,24.53843
Α.Π.,Άγιος Λουκάς,,Κρύα Βρύση,40.71806,22.29274
SILKOIL,Πετραία,,Σκύδρα,40.71895,22.14891
,Ασπροβάλτα,,,40.71916,23.70590
SILKOIL,Άγιος Παντελεήμονας,,Αμύνταιο,40.71928,21.73728
Aegean,Άγιος Παντελεήμονας,,Αμύνταιο,40.71960,21.73868
BP,Ασπροβάλτα,,,40.71967,23.70608
ΕΤΕΚΑ,Γέφυρα,,Άγιος Αθανάσιος,40.72222,22.68977
Aegean,Υδρούσα,,Φλώρινα,40.72409,21.45876
Α.Π.,Λαγυνά,,,40.72483,23.00521
BP,Χαλκηδόνα,,,40.72510,22.60724
BP,Λαγυνά,,,40.72689,23.00777
Aegean,Γέφυρα,,Άγιος Αθανάσιος,40.72695,22.67232
JET,Γέφυρα,,Άγιος Αθανάσιος,40.72733,22.67517
Aegean,Χαλκηδόνα,,,40.72863,22.59773
Shell,Παραλίμνη,,Γιαννιτσά,40.72867,22.40740
Α.Π.,Γέφυρα,,Άγιος Αθανάσιος,40.72905,22.69044
CYCLON,Χαλκηδόνα,,,40.72995,22.59949
EKO,Σκάλα Σωτήρος,Θάσου – Λιμεναρίων,Λιμενάρια,40.73028,24.55010
ΑΡΓΩ,Χαλκηδόνα,,,40.73102,22.60270
SILKOIL,Νεοχωρούδα,,,40.73116,22.87392
BP,Χαλκηδόνα,,,40.73249,22.60517
,Χαλκηδόνα,,,40.73249,22.62301
Shell,Περιβολάκι,,Λαγυνά,40.73307,23.02446
ΕΤΕΚΑ,Χαλκηδόνα,,,40.73420,22.59582
Α.Π.,Ριζό,,Σκύδρα,40.73547,22.14011
EKO,Πεντάλοφος,,,40.73653,22.84689
KAOIL,Νεοχωρούδα,,,40.73662,22.87642
BP,Πρίνος,,Λιμενάρια,40.73718,24.56631
Revoil,Ριζό,,Σκύδρα,40.73757,22.14224
,Λητή,,,40.73773,22.98588
ΕΛΙΝΟΙΛ,Περιβολάκι,,Λαγκαδάς,40.73792,23.04010
ΕΤΕΚΑ,Περιβολάκι,,Λαγυνά,40.74010,23.03125
,Λητή,,,40.74037,22.98531
Cylon,Ασκός,,Σοχός,40.74042,23.38619
CYCLON,Πεντάλοφος,,,40.74192,22.85194
,Πέλλα,,,40.74231,22.54611
JETOIL,Λαγκαδάς,,,40.74279,23.05426
Α.Π.,Τροπαιούχος,,Φλώρινα,40.74319,21.44215
EKO,Πεντάλοφος,,,40.74405,22.85396
ΕΤΕΚΑ,Αρέθουσα,,Νέα Βρασνά,40.74524,23.57846
Aegean,Λαγκαδάς,,,40.74625,23.08613
ΕΤΕΚΑ,Λητή,,,40.74733,22.98692
Aegean,Λαγκαδάς,,,40.74898,23.06277
Α.Π.,Λητή,,,40.74976,22.97560
ΕΛΙΝΟΙΛ,Κολχικό,,Λαγκαδάς,40.75025,23.13309
ΕΛΙΝΟΙΛ,Λαγκαδάς,,,40.75067,23.06681
Α.Π.,Ασκός,,Σοχός,40.75222,23.39154
EKO,Νέα Μεσημβρία,Κυριάκου και Δημητρίου Δαμασκού,,40.75275,22.76946
BP,Πρίνος,,Θάσος,40.75336,24.57660
EKO,Λιποχώρι,,Σκύδρα,40.75431,22.18001
Α.Π.,Καλύβια,,Σκύδρα,40.75564,22.21944
EKO,Κολχικό,,Λαγκαδάς,40.75578,23.12741
BP,Καλύβια,,Σκύδρα,40.75682,22.21374
Shell,Ελιά,,Λητή,40.75691,22.97875
,Ελιά,,Λητή,40.75750,22.97874
ΑΡΓΩ,Πέρασμα,,Φλώρινα,40.75833,21.45310
Revoil,Ξηροπόταμος,,Σοχός,40.75897,23.48588
CYCLON,Ηράκλειο,,Λαγκαδάς,40.75970,23.03772
Shell,Κουφάλια,,,40.76002,22.57922
,Βεύη,,Αμύνταιο,40.76012,21.60963
Cyclon,Νέα Πέλλα,,Πέλλα,40.76068,22.49203
Avin,Πέλλα,,,40.76072,22.52626
JETOIL,Νέα Πέλλα,,Πέλλα,40.76074,22.49445
,Νέα Πέλλα,,Πέλλα,40.76092,22.49225
,Νέα Πέλλα,,Πέλλα,40.76098,22.49382
,Νέα Πέλλα,,Πέλλα,40.76213,22.47925
Revoil,Σκύδρα,,,40.76267,22.16077
JETOIL,Πλατάνη,,Έδεσσα,40.76312,22.05091
Aegean,Κουφάλια,,,40.76372,22.57817
EKO,Σκοπιά,,Φλώρινα,40.76479,21.41391
ΕΛΙΝΟΙΛ,Παλιά Αγορά,,Γιαννιτσά,40.76577,22.40578
EKO,Σεβαστιανά,,Σκύδρα,40.76631,22.13789
JETOIL,Σεβαστιανά,,Σκύδρα,40.76640,22.13891
SILKOIL,Βαθύλακκος,,,40.76657,22.70697
BP,Παραλία Οφρυνίου,,,40.76704,23.90076
Revoil,Δρυμός,,,40.76721,22.95590
KAOIL,Μελισσοχώρι,,,40.76754,22.93059
CYCLON,Καρυώτισσα,,Νέος Μυλότοπος,40.76787,22.30776
Shell,Θάσος,,,40.76795,24.71128
ΕΛΙΝΟΙΛ,Βαθύλακκος,,,40.76819,22.70680
JETOIL,Κουφάλια,,,40.76933,22.57708
BP,Άρνισσα,,,40.76935,21.86519
,Δρυμός,,,40.77110,22.95010
BP,Θάσος,,,40.77140,24.71311
SILKOIL,Δάφνη,,Σκύδρα,40.77221,22.23005
ΑΡΓΩ,Σκύδρα,,,40.77234,22.15663
REVOIL Παντελής,Κουφάλια,Εθνικής Αντιστάσεως,,40.77256,22.57741
Shell,Παλιά Αγορά,,Γιαννιτσά,40.77338,22.42587
BP,Σκάλα Ραχωνίου,,"Παχύς, Θάσος",40.77570,24.60936
ελίν,Θάσος,Κ. Δημητριάδη,,40.77575,24.70383
BP,Παλιά Αγορά,,Γιαννιτσά,40.77639,22.42050
ΕΛΙΝΟΙΛ,Σκάλα Ραχωνίου,,"Παχύς, Θάσος",40.77685,24.61086
Aegean,Παλιά Αγορά,,Γιαννιτσά,40.77691,22.40564
,Παλιά Αγορά,,Γιαννιτσά,40.77854,22.41643
Avin,Παλιά Αγορά,,Γιαννιτσά,40.77878,22.41718
BP,Δρυμός,,,40.77879,22.96442
CYCLON,Μελίσσι,,Γιαννιτσά,40.77918,22.36817
BP,Παλιά Αγορά,,Γιαννιτσά,40.77926,22.40535
Aegean,Μαυροβούνι,,Σκύδρα,40.78028,22.15485
,Κουφάλια,,,40.78048,22.57709
BP,Αμμοχώρι,,Φλώρινα,40.78093,21.48680
Revoil,Παλιά Αγορά,,Γιαννιτσά,40.78095,22.37891
Shell,Παλιά Αγορά,,Γιαννιτσά,40.78108,22.41452
EKO,Ριζάρι,,Έδεσσα,40.78169,22.09527
Α.Π.,Παλιά Αγορά,,Γιαννιτσά,40.78173,22.38712
SILKOIL,Μαυροβούνι,,Σκύδρα,40.78252,22.15604
Revoil,Κουφάλια,,,40.78268,22.57658
Πρατήριο Καυσίμων,Αμμοχώρι,,Φλώρινα,40.78301,21.48345
EKO,Σφαγεία,,Γιαννιτσά,40.78454,22.42282
CYCLON,Παλιά Αγορά,,Γιαννιτσά,40.78479,22.40562
ΕΤΕΚΑ,Ακροπόταμος,,,40.78606,24.02965
Shell,Συνοικισμός Νεοφώτιστων,,Φλώρινα,40.78618,21.42366
Aegean,Έδεσσα,,,40.78687,22.05515
Kaoil,Συνοικισμός Νεοφώτιστων,,Φλώρινα,40.78744,21.42505
Shell,Ριζάρι,,Έδεσσα,40.78799,22.07288
JETOIL,Παλιά Αγορά,,Γιαννιτσά,40.78875,22.40390
ΕΛΙΝΟΙΛ,Έδεσσα,,,40.78887,22.05022
,Βρυτά,,Έδεσσα,40.78919,21.87804
Α.Π.,Συνοικισμός Νεοφώτιστων,,Φλώρινα,40.78997,21.43062
CYCLON,Γιαννιτσά,,,40.78999,22.41781
EKO,Συνοικισμός Νεοφώτιστων,,Φλώρινα,40.79062,21.43175
Avin,Συνοικισμός Νεοφώτιστων,,Φλώρινα,40.79098,21.43154
EKO,Παλιά Αγορά,,Γιαννιτσά,40.79109,22.39261
Shell,Αξός,,Γιαννιτσά,40.79114,22.37229
ΑΡΓΩ,Παλιά Αγορά,,Γιαννιτσά,40.79146,22.39942
EKO,Άρνισσα,,,40.79266,21.83491
Shell,Νέα Κερδύλια,,Ασπροβάλτα,40.79299,23.83425
Avin,Μαυροβούνι,,Σκύδρα,40.79304,22.15762
ΑΡΓΩ,Γιαννιτσά,,,40.79467,22.40978
Revoil,Σιταριά,,Φλώρινα,40.79496,21.54626
ΕΛΙΝΟΙΛ,Συνοικισμός Νεοφώτιστων,,Φλώρινα,40.79500,21.43794
Revoil,Κουφάλια,,,40.79673,22.58028
Revoil,Οφρύνιο,,Ροδολίβος,40.79722,23.91042
Shell,Έδεσσα,,,40.79739,22.04742
Α.Π.,Βρυτά,,Έδεσσα,40.79753,21.92185
ΕΛΙΝΟΙΛ,Έδεσσα,,,40.79858,22.04793
Σαρακίνης,Συνοικισμός Νεοφώτιστων,,Φλώρινα,40.79917,21.42153
EKO,Έδεσσα,,,40.79923,22.04858
BP,Έδεσσα,,,40.79945,22.04874
CYCLON,Παλαιό Αγιονέρι,,Βαθύλακκος,40.79978,22.72832
BP,Γαληψός,,Ροδολίβος,40.80020,23.95204
ΕΛΙΝΟΙΛ,Έδεσσα,,,40.80024,22.05060
Revoil,Άρνισσα,,,40.80079,21.83241
Avin,Έδεσσα,,,40.80194,22.04036
BP,Έδεσσα,,,40.80203,22.04309
Α.Π.,Τσαλί,,Γιαννιτσά,40.80263,22.41963
,Άσσηρος,,,40.80270,23.02136
Shell,Άγρας,,Έδεσσα,40.80419,22.00272
BP,Πρόχωμα,,Βαθύλακκος,40.80670,22.66876
Α.Π.,Αρμενοχώρι,,Φλώρινα,40.80703,21.46061
KAOIL,Άσσηρος,,,40.80748,23.00752
SILKOIL,Προφήτης Ηλίας,,Σκύδρα,40.80780,22.16109
Avin,Πλατύ,,,40.80798,21.12877
Aegean,Γυψοχώρι,,Νέος Μυλότοπος,40.80841,22.26006
Α.Π.,Μαυρούδα,,Σοχός,40.80956,23.46181
ΕΤΕΚΑ,Αμφίπολη,,,40.81071,23.85368
Α.Π.,Καλή,,Σκύδρα,40.81214,22.17849
,Αυγή,,Σοχός,40.81225,23.31153
Revoil,Πενταπλάτανο,,Γιαννιτσά,40.81371,22.41934
SILKOIL,Σοχός,Λαγκαδά - Σοχού,,40.81423,23.34606
,Παλαίστρα,,Φλώρινα,40.81490,21.52848
Avin,Πρώτη,,Φλώρινα,40.81499,21.43037
KAOIL,Άσσηρος,,,40.81769,23.02659
"Α.Π,",Νεοχωράκι,,Φλώρινα,40.81780,21.53616
,Πρώτη,,Φλώρινα,40.81855,21.40433
,Νεοχωράκι,,Φλώρινα,40.81861,21.54087
BP,Ελαιοχώρι,,Νέα Πέραμος,40.81982,24.25109
Α.Π.,Νησί,,Έδεσσα,40.82176,21.93649
Avin,Άθυρα,,Κουφάλια,40.82185,22.59135
SILKOIL,Άθυρα,,Κουφάλια,40.82397,22.59122
Jetoil,Πλατύ,,,40.82493,21.12197
Α.Π.,Δαμιανό,,Γιαννιτσά,40.82624,22.44718
ΤΡΙΑΙΝΑ,Άσσηρος,,,40.82833,23.02390
,Ιτέα,,Φλώρινα,40.82965,21.51640
"Α,Π,",Παππαγιάννης,,Φλώρινα,40.83186,21.50131
Revoil,Αμπελείες,,Νέος Μυλότοπος,40.83324,22.39046
Revoil,Αχλαδοχώρι,,Νέος Μυλότοπος,40.83442,22.32186
KMoil,Άθυρα,,Κουφάλια,40.83566,22.58999
,Νέος Άγιος Αθανάσιος,,,40.83580,21.79390
KAOIL,Παντελεήμονας,,Δρυμός,40.83672,22.89736
BP,Νέα Πέραμος,,,40.83680,24.29405
,Μελίτη,,,40.83844,21.59125
JETOIL,Ελευθερές,,Νέα Πέραμος,40.84119,24.27226
,Νέα Σάντα,,Δρυμός,40.84143,22.92381
KAOIL,Κριθιά,,Άσσηρος,40.84228,22.98415
Revoil,Αγροσυκιά,,Ευρωπός,40.84294,22.50940
,Παππαγιάννης,,Φλώρινα,40.84306,21.50197
Shell,Μουσθένη,,Νικήσιανη,40.84425,24.11476
BP,Αλεξανδρούπολη,Δημοκρατίας,,40.84438,25.86892
Shell,Αλεξανδρούπολη,Δημοκρατίας,,40.84462,25.86767
ΑΠ,Αλεξανδρούπολη,,,40.84509,25.86493
Revoil,Μικρόκαμπος,,Βαθύλακκος,40.84514,22.77534
JETOIL,Αραβησσός,,Νέος Μυλότοπος,40.84554,22.30005
BP,Νέα Πέραμος,,,40.84576,24.30628
EKO,Αλεξανδρούπολη,,,40.84587,25.86113
ΕΛΙΝΟΙΛ,Αλεξανδρούπολη,Δημοκρατίας,,40.84592,25.85999
EKO,Αλεξανδρούπολη,,,40.84605,25.85933
CYCLON,Πλατανότοπος,,Ροδολίβος,40.84630,24.05442
,Αλεξανδρούπολη,,,40.84634,25.87850
Aegean,Αλεξανδρούπολη,Δημοκρατίας,,40.84663,25.87865
Aegean,Ελευθερές,,Νέα Πέραμος,40.84698,24.26156
SILKOIL,Νέα Μεσολακκιά,,Ροδολίβος,40.84717,23.85175
ΑΠ,Νέα Χηλή,,Αλεξανδρούπολη,40.84815,25.84887
EKO,Αλεξανδρούπολη,Δημοκρατίας,,40.84818,25.88855
Shell,Αλεξανδρούπολη,Δημοκρατίας,,40.84840,25.88832
Avin,Αλεξανδρούπολη,,,40.84895,25.89289
Revoil,Μοναστηράκι,,Φέρες,40.84938,26.10682
ΑΠ,Μαΐστρος,,Αλεξανδρούπολη,40.84958,25.89727
Avin,Νέα Μεσολακκιά,,Ροδολίβος,40.84984,23.85358
BP,Νέα Χηλή,,Αλεξανδρούπολη,40.85030,25.83733
Revoil,Μάνδαλο,,Σκύδρα,40.85122,22.21229
EKO,Νέα Χηλή,,Αλεξανδρούπολη,40.85173,25.82956
Aegean,Μαΐστρος,,Αλεξανδρούπολη,40.85178,25.90691
Aegean,Αλεξανδρούπολη,,,40.85235,25.88376
BP,Μαΐστρος,,Αλεξανδρούπολη,40.85316,25.91310
Aegean,Μαΐστρος,,Αλεξανδρούπολη,40.85347,25.91190
,Κάτω Κλεινές,,Φλώρινα,40.85356,21.41651
Shell,Μάνδαλο,,Σκύδρα,40.85384,22.21166
Shell,Απαλός,,Αλεξανδρούπολη,40.85423,25.92133
Aegean,Μάκρη,,Αλεξανδρούπολη,40.85481,25.77400
BP,Απαλός,,Αλεξανδρούπολη,40.85564,25.93298
ΕΛΙΝΟΙΛ,Απαλός,,Αλεξανδρούπολη,40.85699,25.93959
Shell,Αλεξανδρούπολη,Ηροδότου,,40.85792,25.86967
Α.Π.,Αχλάδα,,,40.85886,21.61183
SILKOIL,Γαλλικός,,Δρυμός,40.85912,22.88309
JETOIL,Άγιος Πέτρος,,Ευρωπός,40.85925,22.58463
Βενζινάδικο Μήτσου,Μαρίνα,,Φλώρινα,40.85944,21.49061
ΕΛΙΝΟΙΛ,Αλεξανδρούπολη,Γ. Κονδύλη,,40.85957,25.87207
Aegean,Κεραμωτή,,Θάσος,40.85959,24.70589
ΕΛΙΝΟΙΛ,Νέα Ηρακλείτσα,,Νέα Πέραμος,40.85975,24.31686
,Άνω Καλλινίκη,,Φλώρινα,40.86316,21.45130
BP,Άνθεια,,Αλεξανδρούπολη,40.86365,25.99609
Shell,Άνθεια,,Αλεξανδρούπολη,40.86380,25.98815
Aegean,Άνθεια,,Αλεξανδρούπολη,40.86407,25.99306
Α.Π.,Δίκελλα,,,40.86424,25.69419
CYCLON,Δωμάτια,,Νικήσιανη,40.86466,24.14601
Avin,Παλαγία,,Αλεξανδρούπολη,40.86658,25.86614
EKO,Χαϊδευτό,,Θάσος,40.87028,24.70536
,Νέα Ζωή,,Έδεσσα,40.87045,22.09190
Revoil,Μελισσοκομείο,,Ελευθερούπολη,40.87100,24.17007
EKO,Παλαιοκώμη,,Ροδολίβος,40.87104,23.89603
Revoil,Χαϊδευτό,,Θάσος,40.87146,24.70214
,Αυλή,,Ελευθερούπολη,40.87148,24.17572
EKO,Παλαιοκώμη,,Ροδολίβος,40.87162,23.89583
KAOIL,Πολυπλάτανο,,Φλώρινα,40.87386,21.40305
,Κερασιά,,Έδεσσα,40.87613,21.96234
Revoil,Νέα Ηρακλείτσα,,Νέα Πέραμος,40.88109,24.31653
Revoil,Πάνω Τράγιλος,,,40.88518,23.76506
Aegean,Άψαλος,,Έδεσσα,40.88646,22.07410
BP,Φέρες,Εγνατίας,,40.88658,26.15698
SILKOIL,Συνοικισμός Ζωγράφου (Κάτω Τράγιλος),,,40.88687,23.75529
BP,Φέρες,,,40.88754,26.15732
Revoil,Συνοικισμός Ζωγράφου (Κάτω Τράγιλος),,,40.88830,23.75305
Revoil,Καμπάνης,,Κιλκίς,40.88842,22.91516
KAOIL,Άψαλος,,Αριδαία,40.88862,22.06604
ΑΠ,Καμπάνης,,Κιλκίς,40.88938,22.91523
Aegean,Αμφιτρίτη,,Αλεξανδρούπολη,40.89088,25.91474
Avin,Φέρες,Ροδόπης,,40.89198,26.17804
,Πατρίκι,,Νιγρίτα,40.89283,23.61861
Α.Π.,Άγιος Δημήτριος,,,40.89432,23.71535
Α.Π.,Ίβηρα,,,40.89466,23.70017
BP,Φέρες,,,40.89473,26.17249
,Ευρωπός,,,40.89566,22.56084
Aegean,Φέρες,,,40.89576,26.16860
Revoil,Ευρωπός,,,40.89623,22.56095
revoil,Ευρωπός,,,40.89653,22.56123
SILKOIL,Παναγιά,,Ελευθερούπολη,40.89761,24.24297
JETOIL,Παναγιά,,Ελευθερούπολη,40.89773,24.24374
Shell,Μικρό Σούλι,,Ροδολίβος,40.89940,23.94263
ΕΛΙΝΟΙΛ,Ευρωπός,,,40.90046,22.55740
ΕΤΕΚΑ,Πατρίκι,,Νιγρίτα,40.90104,23.61045
BP,Παληό,,Καβάλα,40.90231,24.34547
EKO,Νέα Καρυά,,Χρυσούπολη,40.90286,24.71062
Aegean,Άσπρος,,Ευρωπός,40.90365,22.62995
ΑΠ,Μαρώνεια,,,40.90416,25.51626
EKO,Μαυρόλοφος,,Ροδολίβος,40.90710,23.86005
CYCLON,Αγίασμα,,Χρυσούπολη,40.90824,24.65633
KAOIL,Νιγρίτα,,,40.90965,23.50087
,Ξιφιανή,,Αριδαία,40.91122,22.07160
Avin,Νιγρίτα,,,40.91168,23.50135
KAOIL,Νίκη,,Φλώρινα,40.91228,21.41821
SILKOIL,Ροδολίβος,,,40.91790,23.96520
ΑΡΓΩ,Τερπνή,,,40.91865,23.48118
BP,Ελευθερούπολη,,,40.91898,24.26292
Aegean,Νιγρίτα,,,40.92068,23.50217
SILKOIL,Αχινός,,Νέος Σκοπός,40.92147,23.65705
Shell,Καλαμίτσα,Τενέδου,"Σταυρός, Καβάλα",40.92251,24.38463
Aegean,Αχινός,,Νέος Σκοπός,40.92266,23.65360
Revoil,Δραβίσκος,,Ροδολίβος,40.92290,23.87179
,Χρυσοχώρι,,Χρυσούπολη,40.92388,24.71059
BP,Καλλιθέα,,Νιγρίτα,40.92435,23.50314
SILKOIL,Νέο Γυναικόκαστρο,,Κιλκίς,40.92479,22.74569
,Πολυκάρπι,,Αριδαία,40.92533,22.01799
Avin,Ελευθερούπολη,,,40.92592,24.25235
BP,Χρυσοχώρι,,Χρυσούπολη,40.92633,24.71141
EKO,Κηπούπολη,Τενέδου,"Σταυρός, Καβάλα",40.92653,24.39079
Aegean,Άβαντας,,Αλεξανδρούπολη,40.92676,25.91427
Horizon,Κοκκινόχωμα,,Ελευθερούπολη,40.92707,24.29715
,Αρδάνι,,Φέρες,40.92776,26.21944
Revoil,Αρδάνι,,Φέρες,40.92822,26.20527
BP,Χορτοκόπι,,Ελευθερούπολη,40.92866,24.25109
Aegean,Δραβίσκος,,Ροδολίβος,40.92868,23.86215
Horizon,Κηπούπολη,Τενέδου,"Σταυρός, Καβάλα",40.92882,24.39070
Revoil,Νέο Εράσμιο,,Χρυσούπολη,40.92925,24.83327
,Πεδινό,,Κιλκίς,40.92995,22.84752
Shell,Νέο Εράσμιο,,Χρυσούπολη,40.93050,24.83236
CYCLON,Κοκκινόχωμα,,Ελευθερούπολη,40.93198,24.30827
ΕΤΕΚΑ,Ξιφιανή,,Αριδαία,40.93213,22.08450
ΕΛΙΝΟΙΛ,Ερατεινό,,Χρυσούπολη,40.93255,24.63099
Aegean,Κοκκινόχωμα,,"Σταυρός, Αμυγδαλεώνας",40.93414,24.31442
Aegean,Ρύζια,,Ευρωπός,40.93423,22.56805
,Πολυκάρπι,,Αριδαία,40.93543,22.02610
Avin,Κέντρο,Δαγκλή,"Σταυρός, Καβάλα",40.93618,24.40635
Aegean,Άγιος Ιωάννης,Ερυθρού Σταυρού,"Σταυρός, Καβάλα",40.93622,24.40335
JETOIL,Κέντρο,Αβέρωφ,"Σταυρός, Καβάλα",40.93627,24.40915
BP,Άγιος Ιωάννης,Ερυθρού Σταυρού,"Σταυρός, Καβάλα",40.93637,24.40489
EKO,Καβάλα,Ελευθερίου Βενιζέλου,Σταυρός,40.93702,24.41015
Horizon,Ραψάνη,Εβδόμης Μεραρχίας,"Σταυρός, Καβάλα",40.93723,24.39839
ΕΛΙΝΟΙΛ,Μάγγανα,,,40.93942,24.87136
ΕΛΙΝΟΙΛ,Χρυσοχώρι,,Χρυσούπολη,40.93957,24.71183
ΕΤΕΚΑ,Αμισιανά,,"Σταυρός, Αμυγδαλεώνας",40.93972,24.33189
Avin,Ξυλόπολη,,,40.94047,23.13480
BP,Αρδάνι,,Φέρες,40.94169,26.21581
Aegean,Μεγαπλάτανος,,Αριδαία,40.94213,21.97104
Aegean,Γουμένισσα,,,40.94247,22.45327
,Μεγαπλάτανος,,Αριδαία,40.94329,21.98271
Shell,Άγιος Αθανάσιος,,"Σταυρός, Καβάλα",40.94385,24.42386
EKO,Άγιος Αθανάσιος,,"Σταυρός, Καβάλα",40.94396,24.42517
Aegean,Προσκυνητές,,,40.94397,25.46961
EKO,Αμισιανά,,"Σταυρός, Αμυγδαλεώνας",40.94412,24.33752
Revoil,Αμισιανά,,"Σταυρός, Αμυγδαλεώνας",40.94513,24.34084
Shell,Γουμένισσα,,,40.94569,22.46177
Revoil,Περιγιάλι,,Καβάλα,40.94608,24.43457
BP,Κήποι,,Τυχερό,40.94624,26.30176
Shell,Γουμένισσα,,,40.94633,22.46235
BP,Περιγιάλι,,Καβάλα,40.94694,24.43840
Aegean,Μάγγανα,,Χρυσούπολη,40.94723,24.87220
Avin,Περιγιάλι,Νυρεμβέργης,Καβάλα,40.94751,24.44164
Horizon,Περιγιάλι,,Καβάλα,40.94782,24.44258
Α.Π.,Αγία Παρασκευή,,Τερπνή,40.94805,23.45768
,Κρηστώνη,,Κιλκίς,40.94942,22.84417
Aegean,Αντιφίλιπποι,,Ελευθερούπολη,40.95028,24.21387
Revoil,Ερατεινό,,Χρυσούπολη,40.95042,24.63782
Shell,Σταυρός,,Αμυγδαλεώνας,40.95049,24.36532
Aegean,Ηλιοκέντημα,,Χρυσούπολη,40.95159,24.78727
Shell,Πρώτη,,,40.95218,24.00182
ΕΛΙΝΟΙΛ,Πέπλος,,Τυχερό,40.95266,26.26802
Revoil,Αντιφίλιπποι,,Νικήσιανη,40.95348,24.19348
Ο ΜΗΝΟΥΛΗΣ,Τσάκοι,,Αριδαία,40.95489,22.03821
EKO,Σταυρός,,Αμυγδαλεώνας,40.95522,24.36437
Α.Π.,Πεθελινός,,Νέος Σκοπός,40.95583,23.70966
,Όρμα,,Αριδαία,40.95636,21.93102
Revoil,Σησαμία,,Τερπνή,40.95648,23.42309
ΕΛΙΝΟΙΛ,Ίμερος,,,40.95775,25.37081
SILKOIL,Ίμερος,,,40.95921,25.36762
ΕΛΙΝΟΙΛ,Φανάρι,,,40.96037,25.13403
AVIN,Υδραία,,Αριδαία,40.96054,22.07128
Aegean,Γοργόπη,,Αξιούπολη,40.96095,22.52347
SILKOIL,Γοργόπη,,Αξιούπολη,40.96184,22.51788
Shell,Νέα Καρβάλη,,,40.96197,24.51754
Shell,Υδραία,,Αριδαία,40.96221,22.07082
Revoil,Νέα Καρβάλη,,,40.96261,24.51700
Revoil,Νέα Καρβάλη,,,40.96308,24.50883
EKO,Κρηστώνη,,Κιλκίς,40.96380,22.85676
JETOIL,Νέα Καρβάλη,,,40.96470,24.49845
Aegean,Εργατικές Κατοικίες,,Αριδαία,40.96552,22.06868
,Νέα Καρβάλη,,,40.96593,24.49471
EKO,Εργατικές Κατοικίες,,Αριδαία,40.96737,22.05465
Revoil,Νέα Καρβάλη,,,40.96864,24.54024
EKO,Νέα Καβάλα,,Πολύκαστρο,40.96895,22.61913
EKO,Νέα Καβάλα,,Πολύκαστρο,40.96953,22.62053
Aegean,Λουτράκι,,Αριδαία,40.96958,21.94524
,Λουτράκι,,Αριδαία,40.96974,21.94797
Βενζίνη,Εργατικές Κατοικίες,,Αριδαία,40.96982,22.05650
,Εργατικές Κατοικίες,,Αριδαία,40.97029,22.05622
Α.Π.,Ποντολίβαδο,,Νέα Καρβάλη,40.97065,24.58075
BP,Αμυγδαλεώνας,,Σταυρός,40.97080,24.35204
Revoil,Γεωργιανή,,Νικήσιανη,40.97117,24.15075
Shell,Βέλκιο,Κομοτηνής - Αλεξανδρούπολης,Σάπες,40.97140,25.64299
Avin,Γεωργιανή,,Νικήσιανη,40.97144,24.14587
ΕΛΙΝΟΙΛ,Γεωργιανή,,Νικήσιανη,40.97148,24.14708
BP,Λουτράκι,,Αριδαία,40.97190,21.96092
,Λουτράκι,,Αριδαία,40.97210,21.96555
Revoil,Λουτράκι,,Αριδαία,40.97228,21.94880
,Ξυλαγανή,,,40.97323,25.41752
Α.Π.,Αριδαία,,,40.97324,22.06462
,Αξιούπολη,,,40.97358,22.53669
Aegean,Τριανταφυλλιά,,Τερπνή,40.97670,23.35704
,Εξαπλάτανος,,Αριδαία,40.97704,22.13701
BP,Χρυσούπολη,,,40.97974,24.69904
Avin,Μέση,,,40.98039,25.20981
BP,Εύλαλο,,Χρυσούπολη,40.98047,24.79770
,Εξαπλάτανος,,Αριδαία,40.98099,22.10235
BP,Πετροπηγή,,Χρυσούπολη,40.98197,24.62278
Aegean,Ζωοπάζαρο,,Κιλκίς,40.98234,22.86349
,Εξαπλάτανος,,Αριδαία,40.98280,22.11166
CYCLON,Κορμίστα,,Πρώτη,40.98297,24.06017
Aegean,Νέος Ζυγός,,"Σταυρός, Αμυγδαλεώνας",40.98325,24.36964
Kaoil,Ίσωμα,,,40.98328,23.18941
Aegean,Χρυσούπολη,,,40.98338,24.70030
ΕΤΕΚΑ,Ζωοπάζαρο,,Κιλκίς,40.98465,22.86474
Α.Π.,Δημητρίτσι,,Τερπνή,40.98536,23.41357
BP,Χρυσούπολη,,,40.98600,24.69909
BP,Πολύστυλο,,Αμυγδαλεώνας,40.98610,24.32902
Kaoil,Αξιούπολη,,,40.98623,22.55280
Avin,Εύλαλο,,Χρυσούπολη,40.98661,24.79664
,Ζωοπάζαρο,,Κιλκίς,40.98693,22.86668
Shell,Ποντιάδα,,Χρυσούπολη,40.98701,24.68789
ΕΛΙΝΟΙΛ,Δέκαρχο,,Χρυσούπολη,40.98721,24.82491
Α.Π.,Αξιούπολη,,,40.98771,22.54649
BP,Πετροπηγή,,Χρυσούπολη,40.98808,24.61431
EKO,Ποντιάδα,,Χρυσούπολη,40.98819,24.69524
Shell,Πολύστυλο,,Κρηνίδες,40.98823,24.32583
EKO,Ποντιάδα,,Χρυσούπολη,40.98844,24.69473
ΕΤΕΚΑ,Δημητρίτσι,,Σκούταρι,40.98874,23.40157
BP,Άβδηρα,,,40.98920,24.95061
KAOIL,Πολύστυλο,,Κρηνίδες,40.99046,24.32254
SILKOIL,Πεπονιά,,Σκούταρι,40.99059,23.51170
Shell,Πολύκαστρο,,,40.99119,22.59370
EKO,Δέκαρχο,,Χρυσούπολη,40.99163,24.83135
Α.Π.,Πολύκαστρο,,,40.99174,22.59122
Avin,Γραβούνα,,Χρυσούπολη,40.99193,24.64988
,Γραβούνα,,Χρυσούπολη,40.99229,24.65303
Kaoil,Γραβούνα,,Χρυσούπολη,40.99234,24.65330
Silkoil,Βαλτοτόπι,,Νέος Σκοπός,40.99247,23.59623
BP,Πολύκαστρο,,,40.99268,22.57842
,Γραβούνα,,Χρυσούπολη,40.99270,24.65436
Revoil,Δέκαρχο,,Χρυσούπολη,40.99351,24.83437
ΕΛΙΝΟΙΛ,Ποντιάδα,,Χρυσούπολη,40.99364,24.68672
Shell,Κιλκίς,,,40.99479,22.87162
Revoil,Βαλτοτόπι,,Νέος Σκοπός,40.99501,23.59961
Revoil,Πέρνη,,Χρυσούπολη,40.99555,24.63779
Revoil,Ποντιάδα,,Χρυσούπολη,40.99642,24.68004
JETOIL,Κιλκίς,,,40.99677,22.86613
Α.Π.,Θολός,,Νέα Ζίχνη,40.99694,23.78327
Aegean,Κιλκίς,,,40.99809,22.86106
BP,Κιλκίς,,,40.99817,22.86224
EKO,Πολύκαστρο,,,40.99853,22.56962
Avin,Ποντιάδα,,Χρυσούπολη,40.99911,24.67560
EKO,Βαπτιστής,,Κιλκίς,40.99917,22.77010
Α.Π.,Κωνσταντία,,Αριδαία,41.00048,22.16921
Silk,Ψυχικό,,Νέος Σκοπός,41.00079,23.62917
Shell,Κιλκίς,,,41.00141,22.85254
Aegean,Νέα Μπάφρα,,Πρώτη,41.00186,24.02571
ΑΠ,Κιλκίς,,,41.00390,22.88094
ΕΤΕΚΑ,Μεγάλη Βρύση,,Κιλκίς,41.00418,22.79046
Revoil,Κρηνίδες,,,41.00468,24.30244
,Μεταλλικό,,Κιλκίς,41.00543,22.84507
Jetoil,Αγία Ελένη,,Σκούταρι,41.00645,23.55829
Α.Π.,Ριζοχώρι,,Αριδαία,41.00706,22.13178
BP,Ψυχικό,,Νέος Σκοπός,41.00754,23.63190
Revoil,Κρηνίδες,,,41.00855,24.29632
Shell,Επτάλοφος,,Κιλκίς,41.00862,23.01350
Α.Π.,Θολός,,Νέα Ζίχνη,41.00994,23.79743
SILKOIL,Αρσάκειο,,Σάπες,41.01046,25.67671
ΕΛΙΝΟΙΛ,Κρηνίδες,,,41.01113,24.29080
ΕΛΙΝΟΙΛ,Σκούταρι,,,41.01201,23.51978
Shell,Αρσάκειο,,Σάπες,41.01381,25.68196
AEGEAN,Ζαρκαδιά,,Χρυσούπολη,41.01573,24.64671
ΕΛΙΝΟΙΛ,Πόρπη,Μέση - Παγούρια,Ίασμος,41.01795,25.23968
,Βέννα,,Κομοτηνή,41.01798,25.50975
ΑΡΓΩ,Σκούταρι,,,41.02004,23.51061
SILKOIL,Νέος Σκοπός,,,41.02052,23.60682
SILKOIL,Νέος Σκοπός,,,41.02080,23.60470
Revoil,Σκούταρι,,,41.02182,23.52014
α.π.,Νέα Ζίχνη,,,41.02195,23.82828
CYCLON,Κρυονέρι,,Αμυγδαλεώνας,41.02198,24.37961
Aegean,Γαρέφι,,Αριδαία,41.02203,22.04532
CYCLON,Τούμπα,,Χρυσό,41.02218,23.70827
ΕΛΙΝΟΙΛ,Γάζωρος,,Νέα Ζίχνη,41.02290,23.78959
Α.Π.,Νέος Σκοπός,,,41.02314,23.61560
ΑΠ,Σάπες,,,41.02337,25.69203
Aegean,Προβατώνας,,Τυχερό,41.02399,26.27427
Aegean,Τυχερό,,,41.02409,26.29463
SILKOIL,Πρόμαχοι,,Αριδαία,41.02427,22.01041
ΕΛΙΝΟΙΛ,Παγούρια,,Κομοτηνή,41.02440,25.31900
KAOIL,Διπόταμος,,Κιλκίς,41.02446,22.95985
Α.Π.,Γάζωρος,,Νέα Ζίχνη,41.02592,23.77451
Shell,Τυχερό,,,41.02741,26.29197
Aegean,Προβατώνας,,Τυχερό,41.02827,26.25797
SILKOil,Γάζωρος,,Νέα Ζίχνη,41.02836,23.78049
BP,Πευκοδάσος,,Πολύκαστρο,41.03199,22.58072
SILKOIL,Φιλώτεια,,Αριδαία,41.03392,22.14870
ΕΛΙΝΟΙΛ,Νέα Κεσσάνη,,Ίασμος,41.03430,25.07136
BP,Προβατώνας,,Τυχερό,41.03459,26.25734
Revoil,Λυδία,,Κρηνίδες,41.03469,24.26723
BP,Προβατώνας,,Τυχερό,41.03504,26.25666
ΕΛΙΝΟΙΛ,Ποταμιά,,,41.03585,25.04698
Aegean,Φιλώτεια,,Αριδαία,41.03631,22.15273
Aegean,Σταυροχώρι,,Κιλκίς,41.03763,22.80368
Aegean,Γκιζέλα,,Ξάνθη,41.03923,24.86211
Shell,Σκούταρι,,,41.04217,23.52762
Revoil,Μεγάλο Δουκάτο,,Κομοτηνή,41.04549,25.41299
,Μεγάλο Δουκάτο,,Κομοτηνή,41.04597,25.41283
Aegean,Πεντάπολη,,Χρυσό,41.04662,23.70628
EKO,Μεγάλο Δουκάτο,,Κομοτηνή,41.04681,25.41344
KAOIL,Στρυμωνικό,,,41.04776,23.31545
Revoil,Αμάραντα,,Κομοτηνή,41.05121,25.49244
,Νεοχώρι,,Νέος Σκοπός,41.05123,23.57882
Avin,Καλαμπάκι,,,41.05145,24.17752
ΕΛΙΝΟΙΛ,Αμάραντα,Amaranta,Κομοτηνή,41.05162,25.51222
Revoil,Καλαμπάκι,,,41.05165,24.16797
Revoil,Καλαμπάκι,,,41.05277,24.19044
EKO,Ελευθεροχώρι,,Κιλκίς,41.05479,22.77718
Revoil,Χρυσό,,,41.05639,23.64749
"Α.Π,",Πεντάπολη,,Χρυσό,41.05776,23.69133
Avin,Μαυρολεύκη,,Καλαμπάκι,41.05820,24.09968
Shell,Πεντάπολη,,Χρυσό,41.05836,23.68654
ΕΛΙΝΟΙΛ,Αλιστράτη,,,41.05849,23.96134
Aegean,Μαυρολεύκη,,Καλαμπάκι,41.05871,24.09993
Revoil,Καλαμπάκι,,,41.05918,24.18442
BP,Εργατικές Σφαγείων,,Σέρρες,41.06048,23.53881
Shell,Αλιστράτη,Εγνατίας,,41.06058,23.95804
Aegean,Κτήμα,,Αλιστράτη,41.06107,24.05532
ΕΛΙΝΟΙΛ,Γενισέα,,Κιμμέρια,41.06156,24.96310
CYCLON,Κτήμα,,Αλιστράτη,41.06166,24.06264
ΕΛΙΝΟΙΛ,Παλλάδιο,,Ίασμος,41.06202,25.23182
ΕΛΙΝΟΙΛ,Λύκειο,,Σάπες,41.06242,25.68778
Aegean,Θαλασσιά,,Χρυσούπολη,41.06246,24.77121
Α.Π,Χρυσό,,,41.06330,23.66172
Shell,Βαμβακιά,,Λευκώνας,41.06345,23.35174
Aegean,Μικρό Πιστό,,Σάπες,41.06407,25.64228
Avin,Νεοχώρι,,Σέρρες,41.06410,23.56939
ΕΛΙΝΟΙΛ,Κάτω Κεφαλάρι,,Άγιος Αθανάσιος,41.06515,24.24671
KAOIL,Άγιος Αθανάσιος,,Σέρρες,41.06600,23.56631
Avin,Άγιος Αθανάσιος,,,41.06734,24.24519
ΑΠ,Άγιος Αθανάσιος,,,41.06880,24.24422
ΕΛΙΝΟΙΛ,Ευκαρπία,,Κιλκίς,41.06889,22.90689
KAOIL,Μητρούσι,,Λευκώνας,41.06915,23.46089
Avin,Άγιος Αθανάσιος,,,41.06918,24.24354
BP,Εργατικές Σφαγείων,,Σέρρες,41.06994,23.54021
Revoil,Λύκειο,,Σάπες,41.07004,25.68698
ΕΛΙΝΟΙΛ,Αρίσβη,,Σάπες,41.07043,25.59349
ΕΛΙΝΟΙΛ,Συδινή,,Κιμμέρια,41.07048,25.02078
,Άγιος Αθανάσιος,,,41.07122,24.24255
ΕΛΙΝΟΙΛ,Αυξεντίου,,Ξάνθη,41.07141,24.92159
ΑΠ,Άγιος Αθανάσιος,,,41.07153,24.24243
ΑΠ Μόρφης,Άγιος Αθανάσιος,,,41.07322,24.24074
Revoil,Λύρα,,Τυχερό,41.07448,26.26819
ΕΛΙΝΟΙΛ,Φτελιά,,Καλαμπάκι,41.07535,24.18891
Revoil,Ευκαρπία,,Κιλκίς,41.07546,22.90839
Aegean,Εργατικές Σφαγείων,10ης Μεραρχίας,Σέρρες,41.07718,23.53853
Shell,Μεγάλο Τύμπανο,,Ξάνθη,41.07739,24.79372
ΕΛΙΝΟΙΛ,Αρριανά,,Σάπες,41.07798,25.69816
Α.Π.,Ομόνοια - Καλύβια,,Σέρρες,41.07833,23.52327
Shell,Άγιος Αθανάσιος,,,41.07862,24.25073
Avin,Αρριανά,,Σάπες,41.08016,25.69346
Avin,Μύστακας,,Σάπες,41.08020,25.64645
JETOIL,Σφαγεία - Ιωνία,,Σέρρες,41.08033,23.55047
ΕΛΙΝΟΙΛ,Αρριανά,,Σάπες,41.08040,25.69410
Avin,Κόσμιο,,Κομοτηνή,41.08081,25.40737
ΕΛΙΝΟΙΛ,Ομόνοια - Καλύβια,,Σέρρες,41.08108,23.53223
ΑΠ,Άγιος Νικήτας,,Σέρρες,41.08125,23.53663
Α.Π,Μύστακας,,Σάπες,41.08129,25.65165
Aegean,Άρατος,,Κομοτηνή,41.08201,25.54878
Revoil,Πετροχώρι,,Ξάνθη,41.08237,24.84310
Revoil,Άρατος,,Σάπες,41.08281,25.55755
Avin,Κάτω Καμενίκια - Νίκαια,,Σέρρες,41.08292,23.54076
ΕΛΙΝΟΙΛ,Θρυλόριο,,Κομοτηνή,41.08306,25.48653
Aegean,Ιάσιο,,Σάπες,41.08322,25.71471
Revoil,Κιουπλιά,Μεραρχίας,Σέρρες,41.08389,23.54390
ΕΛΙΝΟΙΛ,Αγιοχώρι,,Αλιστράτη,41.08398,23.98329
,Αρχάγγελος,,,41.08432,22.27911
EKO,Πετροχώρι,,Ξάνθη,41.08436,24.84122
Jetoil,Βαμβακιά,,Ηράκλεια,41.08503,23.34130
Avin,Βαφαίικα,,Κιμμέρια,41.08557,24.96290
Revoil,Δοξάτο,,,41.08637,24.22857
BP,Ανθοχώρι,,Κομοτηνή,41.08660,25.51626
KAOIL,Άνω Καμενίκια,Ελευθερίου Βενιζέλου,Σέρρες,41.08669,23.53255
Aegean,Άνω Καμενίκια,,Σέρρες,41.08682,23.53508
Aegean,Άνω Καμενίκια,Ελευθερίου Βενιζέλου,Σέρρες,41.08729,23.53828
Revoil,Κουδούνια,,Δράμα,41.08733,24.11160
Revoil,Αγιοχώρι,,Σάπες,41.08840,25.77452
Aegean,Ομόνοια - Καλύβια,,Σέρρες,41.08862,23.52317
ΕΛΙΝΟΙΛ,Διομήδεια,,Ξάνθη,41.08925,24.90137
ΕΛΙΝΟΙΛ,Βαφαίικα,,Κιμμέρια,41.08933,24.95501
ΕΛΙΝΟΙΛ,Διαλαμπή,,Ίασμος,41.08952,25.14857
Aegean,Επτάμυλοι,,Νέο Σούλι,41.08961,23.59761
Aegean,Νέο Σούλι,,,41.08976,23.63235
EKO,Ομόνοια - Καλύβια,,Λευκώνας,41.08995,23.51806
KAOIL,Τζαμί,,Σέρρες,41.09021,23.55440
KAOIL,Ομόνοια - Καλύβια,,Λευκώνας,41.09047,23.51786
BP,Ομόνοια - Καλύβια,,Λευκώνας,41.09103,23.51647
EKO,Δοξάτο,,,41.09122,24.22230
Shell,Άγιος Αντώνιος,,Σέρρες,41.09159,23.55731
ΑΠ,Αίγειρος,,Ίασμος,41.09173,25.28892
Shell,Λευκώνας,,,41.09230,23.51122
ΑΠ,Ζευγολατιό,,Ηράκλεια,41.09310,23.27587
ΕΛΙΝΟΙΛ,Σιγής - Νέα Κηφισιά,,Σέρρες,41.09331,23.56166
Revoil,Νέο Σούλι,,,41.09371,23.64371
Shell,Ευρύπεδο,,Άγιος Αθανάσιος,41.09379,24.27751
Aegean,Λευκώνας,,,41.09626,23.47357
Revoil,Ροδίτης,,Κομοτηνή,41.09640,25.45699
SILKOIL,Ροδίτης,,Κομοτηνή,41.09673,25.45489
Revoil,Ροδίτης,,Κομοτηνή,41.09731,25.45035
Avin,Κηκίδιο,,Κομοτηνή,41.09911,25.43963
Revoil,Κύρια (Κύργια),,Άγιος Αθανάσιος,41.09917,24.28965
ΕΛΙΝΟΙΛ,Ροδίτης,,Κομοτηνή,41.09918,25.44250
ΑΠ,Λευκώνας,,,41.09979,23.49128
CYCLON,Λευκώνας,,,41.10021,23.48937
,Περίκλεια,,,41.10088,22.25934
Revoil,Εύμοιρο,,Ξάνθη,41.10147,24.86272
,Νότια,,,41.10171,22.21265
ΕΛΙΝΟΙΛ,Δοξάτο,,,41.10221,24.22116
ΑΡΓΩ,Καλά Δένδρα,,Λευκώνας,41.10234,23.42475
Aegean,Εύμοιρο,,Ξάνθη,41.10452,24.86138
EKO,Φελώνη,,Κιμμέρια,41.10500,24.93060
KAOIL,Αναγέννηση,,Ηράκλεια,41.10561,23.33467
ΕΛΙΝΟΙΛ,Κομοτηνή,,Ήφαιστος,41.10636,25.39346
EKO,Υφαντές,,"Ήφαιστος, Κομοτηνή",41.10637,25.36379
SILKOIL,Υφαντές,,"Ήφαιστος, Κομοτηνή",41.10772,25.35747
Shell,Κηκίδιο,,"Ήφαιστος, Κομοτηνή",41.10820,25.41615
Aegean,Υφαντές,,"Ήφαιστος, Κομοτηνή",41.10825,25.34900
BP,Κομοτηνή,,Ήφαιστος,41.10871,25.41401
Avin,Υφαντές,,"Ήφαιστος, Κομοτηνή",41.10883,25.35438
ΕΛΙΝΟΙΛ,Κομοτηνή,Κοσμίου,Ήφαιστος,41.11192,25.40187
EKO,Κομοτηνή,Κοσμίου,Ήφαιστος,41.11196,25.40214
,Κομοτηνή,,Ήφαιστος,41.11249,25.40163
BP,Εύζωνοι,,Πολύκαστρο,41.11252,22.55544
,Κομοτηνή,,Ήφαιστος,41.11274,25.40142
ΕΛΙΝΟΙΛ,Παλαιός Ζυγός,,Κιμμέρια,41.11292,24.92050
BP,Εύζωνοι,,Πολύκαστρο,41.11345,22.55682
BP,Κομοτηνή,,Ήφαιστος,41.11397,25.38428
ΕΛΙΝΟΙΛ,Εύμοιρο,,Ξάνθη,41.11415,24.87110
Shell,Υφαντές,,"Ήφαιστος, Κομοτηνή",41.11415,25.37847
ΕΛΙΝΟΙΛ,Πολύανθο,,Ίασμος,41.11504,25.22787
Aegean,Χείμαρρος,,Ηράκλεια,41.11620,23.25436
BP,Κομοτηνή,Νικολάου Πλαστήρα,Ήφαιστος,41.11724,25.38998
Revoil,Σκάλωμα,,Σάπες,41.11760,25.67185
Aegean,Δειλινά,,Σάπες,41.11894,25.65385
ΕΛΙΝΟΙΛ,Φιλλύρα,,Σάπες,41.11909,25.63189
BP,Νεάπολη,,Ξάνθη,41.11934,24.87641
,Νεάπολη,,Ξάνθη,41.11939,24.87597
BP,Νέος Ζυγός,,Ξάνθη,41.12006,24.91333
BP,Ίασμος,,,41.12007,25.18270
BP,Νεάπολη,,Ξάνθη,41.12142,24.87813
EKO,Νεάπολη,,Ξάνθη,41.12156,24.87919
BP,Αμαξάδες,,Ίασμος,41.12205,25.06725
EKO,Νέος Ζυγός,,Ξάνθη,41.12269,24.89725
JETOIL,Νέος Ζυγός,,Ξάνθη,41.12284,24.90999
JETOIL,Αργυρούπολη,,Δράμα,41.12331,24.04770
EKO,Νεάπολη,,Ξάνθη,41.12335,24.88132
ΕΛΙΝΟΙΛ,Νέος Ζυγός,,Ξάνθη,41.12398,24.90678
EKO,Ίασμος,,,41.12403,25.18749
Shell,Νεάπολη,,Ξάνθη,41.12405,24.88200
Revoil,Ξάνθη,,,41.12428,24.88267
Aegean,Αργυρούπολη,,Δράμα,41.12431,24.05098
BP,Νέος Ζυγός,,Ξάνθη,41.12433,24.89554
ΕΛΙΝΟΙΛ,Νέα Αμισός,,Δράμα,41.12448,24.11924
Avin,Ξάνθη,,,41.12541,24.88299
Shell,Νέος Ζυγός,,Ξάνθη,41.12557,24.90457
Castrol,Ξάνθη,,,41.12580,24.88331
Revoil,Ξάνθη,,,41.12636,24.88409
BP,Νέος Ζυγός,,Ξάνθη,41.12639,24.90329
Shell,Νέος Ζυγός,,Ξάνθη,41.12662,24.90261
EKO,Σώστης,,Ίασμος,41.12711,25.28875
Avin,Ξάνθη,,,41.12735,24.89105
JETOIL,Ξάνθη,,,41.12738,24.89347
Shell,Νέος Ζυγός,,Ξάνθη,41.12740,24.90180
Revoil,Σούνιο,,Κιμμέρια,41.12757,25.04782
Revoil,Ληνός,,Ίασμος,41.12764,25.24498
BP,Ξάνθη,,,41.12875,24.89097
Revoil,Καρπερή,,Ηράκλεια,41.13091,23.30814
Revoil,Χωριστή,,,41.13097,24.21028
ΑΠ,Αμπελόκηποι,,Δράμα,41.13111,24.15475
ΕΛΙΝΟΙΛ,Νέα Σεβάστεια,,Δράμα,41.13178,24.14251
EKO,Ξάνθη,,,41.13251,24.89415
ΕΛΙΝΟΙΛ,Ξάνθη,,,41.13292,24.89435
BP,Σέλερο,,Κιμμέρια,41.13369,24.98654
Shell,Χωριστή,,,41.13431,24.19241
Aegean,Ξάνθη,,,41.13556,24.88755
BP,Ξάνθη,,,41.13557,24.89048
Aegean,Λευκόπετρα,,Κιμμέρια,41.13672,24.97870
Silk,Κάλχας,,Κομοτηνή,41.13757,25.46227
ΕΛΙΝΟΙΛ,Αμπελόκηποι,,Δράμα,41.13785,24.15294
Aegean,Κάλχας,,Κομοτηνή,41.13827,25.45749
Avin,Αδριανή,,Χωριστή,41.13858,24.25824
Revoil,Μεγάλο Πιστό,,Ίασμος,41.13869,25.29330
BP,Αμπελόκηποι,,Δράμα,41.13983,24.15240
Shell,Αρκαδικός,,Δράμα,41.13984,24.13113
BP,Καρυδιά,,"Ήφαιστος, Κομοτηνή",41.14090,25.43302
CYCLON,Μεγάλο Πιστό,,Κομοτηνή,41.14136,25.30125
Kaoil,Αμμουδιά,,Ηράκλεια,41.14201,23.33549
ΑΠ,Αμπελόκηποι,,Δράμα,41.14231,24.14791
EKO,Εργατικές Κατοικίες Αεροδρομίου,,Δράμα,41.14251,24.13300
Aegean,Σαρανταεκκλησιώτικα,,Δράμα,41.14304,24.16840
EKO,Δράμα,,,41.14358,24.14624
EKO,Σαρανταεκκλησιώτικα,,Δράμα,41.14375,24.14947
Shell,Σαρανταεκκλησιώτικα,1ης Ιουλίου,Δράμα,41.14381,24.16620
Revoil,Σαρανταεκκλησιώτικα,,Δράμα,41.14383,24.15012
Revoil,Σαρανταεκκλησιώτικα,,Δράμα,41.14397,24.15113
ΕΛΙΝΟΙΛ,Πανόραμα,,Δράμα,41.14415,24.17854
BP,Σαρανταεκκλησιώτικα,,Δράμα,41.14424,24.16344
Revoil,Εργατικές Κατοικίες Αεροδρομίου,,Δράμα,41.14508,24.13464
ΕΛΙΝΟΙΛ,Στυλάρι,,Κομοτηνή,41.14508,25.49600
ΕΛΙΝΟΙΛ,Νέο Καλλυντήριο,,Κομοτηνή,41.14609,25.57155
Aegean,Δράμα,,,41.14627,24.14720
Shell,Μίσχος,,Κομοτηνή,41.14724,25.32004
Shell,Καλή βρύση,,Προσοτσάνη,41.14826,23.91211
Revoil,Εργατικές Κατοικίες Αεροδρομίου,,Δράμα,41.15061,24.13479
Shell,Κορνοφωλιά,,Σουφλί,41.15068,26.29692
Shell,Εργατικές Κατοικίες Αεροδρομίου,Οδυσσέως,Δράμα,41.15100,24.13400
EKO,Εργατικές Κατοικίες Αεροδρομίου,,Δράμα,41.15302,24.12652
ΕΛΙΝΟΙΛ,Εργατικές Κατοικίες Αεροδρομίου,,Δράμα,41.15305,24.13196
Shell,Αρκαδικός,,Δράμα,41.15594,24.10840
BP,Αρκαδικός,,Δράμα,41.15610,24.10621
,Αρκαδικός,,Δράμα,41.15615,24.10839
MEDOIL,Παλαιόκαστρο,,Σιδηρόκαστρο,41.15737,23.40811
Kmoil,Γεφυρούδι,,Ηράκλεια,41.15857,23.36648
Revoil,Μυλοπόταμος,,Ξηροπόταμος,41.16016,24.08880
KAOIL,Γεφυρούδι,,Ηράκλεια,41.16039,23.36398
ΕΛΙΝΟΙΛ,Αγίασμα,,"Ήφαιστος, Κομοτηνή",41.16438,25.37219
KAOIL,Δροσάτο,,,41.16588,22.79573
BP,Μυλοπόταμος,,Ξηροπόταμος,41.16747,24.05056
SILKOIL,Δασοχώρι,,Ηράκλεια,41.16757,23.26804
,Καλλίφυτος,,Χωριστή,41.16938,24.21097
Βενζίνη,Πετρούσσα,,Ξηροπόταμος,41.16982,24.04131
SILKOIL,Γοργόνα,,Ξάνθη,41.17218,24.87355
Revoil,Προσοτσάνη,,,41.17462,23.96994
Aegean,Βαμβακόφυτο,,Σιδηρόκαστρο,41.17667,23.39481
Aegean,Βαλτερό,,Ηράκλεια,41.17762,23.32722
Aegean,Προσοτσάνη,,,41.17883,23.97154
Silk,Βαμβακόφυτο,,Σιδηρόκαστρο,41.17936,23.39424
Shell,Προσοτσάνη,,,41.17980,23.98770
BP,Προσοτσάνη,,,41.18023,23.98789
ΕΛΙΝΟΙΛ,Βαλτερό,,Ηράκλεια,41.18131,23.30728
SILKOIL,Ηράκλεια,,,41.18219,23.28406
KAOIL,Ηράκλεια,,,41.18304,23.28425
Revoil,Αλή Πασά,,Ηράκλεια,41.18444,23.24011
KAOIL,Κεσσάνη,,Ηράκλεια,41.18568,23.27540
BP,Σουφλί,,,41.18609,26.30006
Shell,Ξηροπόταμος,,,41.18652,24.10411
,Κεσσάνη,,Ηράκλεια,41.18686,23.27823
EKO,Σουφλί,,,41.18706,26.30024
ΕΛΙΝΟΙΛ,Κεσσάνη,,Ηράκλεια,41.19080,23.28086
Jetoil,Κοκκινόγεια,,Προσοτσάνη,41.19126,23.92984
Avin,Κοκκινόγεια,,Προσοτσάνη,41.19331,23.93756
Revoil,Πετρούσσα,,Προσοτσάνη,41.19444,24.01616
,Σταυρούπολη,,,41.19744,24.70480
BP,Σταυρούπολη,,,41.19775,24.70347
SILKOIL,Καμαρωτό,,Σιδηρόκαστρο,41.20042,23.37160
BP,Σουφλί,,,41.20125,26.30839
Jetoil,Ποντισμένο,,Ηράκλεια,41.20490,23.28611
KAOIL,Λιμνοχώρι,,Ηράκλεια,41.20576,23.20585
KAOIL,Κοίμηση,,Ηράκλεια,41.21398,23.29739
KAOIL,Κερκίνη,,,41.21737,23.08509
Aegean,Μεγάλο Δέρειο,,,41.23162,26.02559
,Αράπικα,,Σιδηρόκαστρο,41.23765,23.39447
,Βαρόσι,,Σιδηρόκαστρο,41.23795,23.39457
CYCLON,Βαρόσι,,Σιδηρόκαστρο,41.23989,23.39494
Revoil,Τσερκέζικα,,Σιδηρόκαστρο,41.24000,23.38817
,Κρητικά,,,41.24328,22.83110
ΑΠ,Μεγαλοχώρι,,Νέο Πετρίτσι,41.24418,23.22338
Aegean,Σιδηρώ,,,41.24532,26.13583
ΕΛΙΝΟΙΛ,Λιβαδιά,,,41.24712,23.07997
Revoil,Οργάνη,,,41.25246,25.68372
KAOIL,Χαροπό,,Σιδηρόκαστρο,41.25296,23.37206
JetOil,Μουριές,,,41.25370,22.79610
KAOIL,Λιβαδιά,,,41.25432,23.07354
,Λιβαδιά,,,41.25577,23.06640
Revoil,Θερμοπηγή,,Σιδηρόκαστρο,41.25660,23.36260
KAOIL,Ροδόπολη,,,41.25713,23.02076
KAOIL,Λιβαδιά,,,41.25898,23.07904
EKO,Σταθμός Μουριών,,,41.26120,22.83715
EKO,Μάνδρα,,Σουφλί,41.26158,26.32614
Kaoil,Σταθμός Μουριών,,,41.26319,22.84143
Aegean,Ροδόπολη,,,41.26415,23.00449
EKO,Παρανέστι,,,41.26508,24.49672
SILKOIL,Μανδράκι,,Νέο Πετρίτσι,41.26531,23.15335
BP,Βυρώνεια,,Νέο Πετρίτσι,41.26553,23.24670
Aegean,Βυρώνεια,,Νέο Πετρίτσι,41.26728,23.26479
,Λάβαρα,,Σουφλί,41.26916,26.38575
EKO,Λάβαρα,,Σουφλί,41.26924,26.38577
Shell,Εχίνος,,,41.27276,24.95558
ΕΛΙΝΟΙΛ,Νέο Πετρίτσι,,,41.27312,23.28748
Aegean,,,Σιδηρόκαστρο,41.27370,23.44140
Jetoil,Κάτω Βροντού,,Κάτω Νευροκόπι,41.27450,23.75557
AEGEAN,Καστανούσσα,,,41.28014,22.89160
Aegean,Νέο Πετρίτσι,,,41.28068,23.32307
ΑΡΓΩ,Κάτω Πορόια,,,41.28108,23.00329
Aegean,Αμόριο,,Διδυμότειχο,41.29487,26.44101
Shell,Περιθώρι,,Κάτω Νευροκόπι,41.31401,23.78645
Revoil,Περιθώρι,,Κάτω Νευροκόπι,41.31421,23.78109
KAOIL,Αχλαδοχώρι,,,41.32288,23.54656
jetoil,Κάτω Νευροκόπι,,,41.33286,23.87007
BP,Κάτω Νευροκόπι,,,41.33763,23.86870
EKO,Διδυμότειχο,,,41.34013,26.49188
BP,Διδυμότειχο,Αγίας Παρασκευής,,41.34190,26.49301
EKO,Κάτω Νευροκόπι,,,41.34350,23.86601
ΕΛΙΝΟΙΛ,Κάτω Νευροκόπι,,,41.34435,23.86551
EKO,Διδυμότειχο,Βασιλέως Γεωργίου,,41.34648,26.49598
EKO,Διδυμότειχο,Βασιλέως Γεωργίου,,41.34650,26.49562
Shell,Διδυμότειχο,Μανδαλίδου,,41.35336,26.48977
Shell,Διδυμότειχο,Ορεστιάδος,,41.35629,26.50625
Revoil,Ελληνοχώρι,,Διδυμότειχο,41.36666,26.48027
Aegean,Προμαχώνας,,Νέο Πετρίτσι,41.37118,23.36066
BP,Ελληνοχώρι,,Διδυμότειχο,41.37226,26.46169
BP,Ελληνοχώρι,,Διδυμότειχο,41.37256,26.46024
KAOIL,Άγκιστρο,,,41.37467,23.43963
BP,Ισαάκιο,,Διδυμότειχο,41.37786,26.51600
,Μάνη,,Διδυμότειχο,41.40191,26.39943
ΕΛΙΝΟΙΛ,Σοφικό,,Διδυμότειχο,41.41903,26.54937
Aegean,Μεταξάδες,,,41.42234,26.22399
EKO,Μεταξάδες,,,41.42372,26.22342
Aegean,Θούριο,,Ορεστιάδα,41.42761,26.55954
Aegean,Νέο Χειμώνιο,,Ορεστιάδα,41.45904,26.54845
Aegean,Σιτοχώρι,,,41.46105,26.35372
Shell,Δόξα,,,41.48174,26.27775
Shell,Ορεστιάδα,,,41.48195,26.53445
EKO,Ορεστιάδα,,,41.48312,26.53435
Avin,Ορεστιάδα,,,41.48402,26.53428
ΕΛΙΝΟΙΛ,Ορεστιάδα,Κωνσταντινουπόλεως,,41.49201,26.53268
Aegean,Νέος Πύργος,,Ορεστιάδα,41.49937,26.51569
BP,Ορεστιάδα,Ιπποκράτους,,41.50044,26.51862
ΕΛΙΝΟΙΛ,Λεπτή,,Ορεστιάδα,41.50053,26.48097
EKO,Ορεστιάδα,Βασ.Κωνσταντίνου,,41.50314,26.52463
Aegean,Ορεστιάδα,Βασιλέως Κωνσταντίνου,,41.50336,26.52965
Aegean,Μεγάλη Δοξιπάρα,,,41.50762,26.27595
Aegean,Ορεστιάδα,Κωνσταντινουπόλεως,,41.51189,26.53268
Aegean,Ορεστιάδα,Ελευθερίου Βενιζέλου,,41.51335,26.52755
BP,Κυπρίνος,,,41.57246,26.22645
Aegean,Νέα Βύσσα,,,41.57817,26.53410
BP,Νέα Βύσσα,,,41.58476,26.54359
Aegean,Φυλάκιο,,,41.58910,26.31554
Aegean,Φυλάκιο,,,41.59093,26.31372
ΕΛΙΝΟΙΛ,Κόμαρα,,,41.59561,26.22535
Aegean,Ρίζια,,Νέα Βύσσα,41.62444,26.42266
Aegean,Άρζος,,,41.63524,26.37459
BP,Πεντάλοφος,,,41.64309,26.18413
Aegean,Καστανιές,,Νέα Βύσσα,41.64506,26.47495
EKO,Καστανιές,,Νέα Βύσσα,41.64942,26.48184
Aegean,Κριός,,,41.66026,26.37288
Shell,Δίκαια,,,41.70468,26.28919
